{
"type": "FeatureCollection",
"name": "ameren_territory",
"xy_coordinate_resolution": 1e-06,
"features": [
{"type":"Feature","properties":{"NAME":"Ameren IL Territory"},"geometry":{"type":"MultiPolygon","coordinates":[[[[-90.676383,38.975079],[-90.676345,38.973992],[-90.676331,38.973588],[-90.676331,38.97356],[-90.676209,38.971968],[-90.676218,38.971694],[-90.676264,38.97029],[-90.676315,38.96841],[-90.676326,38.967249],[-90.676417,38.965812],[-90.676342,38.964414],[-90.67605,38.962722],[-90.675949,38.96214],[-90.675164,38.959819],[-90.674362,38.95783],[-90.674322,38.95773],[-90.673241,38.955298],[-90.671844,38.952296],[-90.670439,38.950004],[-90.669229,38.948176],[-90.668874,38.946962],[-90.668707,38.945892],[-90.668592,38.944684],[-90.668089,38.943003],[-90.6659,38.939253],[-90.66498,38.938249],[-90.664334,38.937279],[-90.663424,38.935551],[-90.663181,38.934224],[-90.662854,38.933083],[-90.663085,38.931595],[-90.663411,38.929896],[-90.663654,38.928716],[-90.663466,38.927384],[-90.663018,38.926283],[-90.661635,38.925352],[-90.659237,38.923411],[-90.655049,38.919421],[-90.651556,38.91587],[-90.649872,38.91429],[-90.64729,38.912095],[-90.644468,38.910524],[-90.644143,38.910378],[-90.640726,38.908031],[-90.639307,38.906939],[-90.636994,38.905123],[-90.635896,38.903941],[-90.631795,38.896892],[-90.629668,38.893236],[-90.628781,38.892023],[-90.628485,38.891617],[-90.625991,38.88942],[-90.624737,38.888188],[-90.623356,38.887149],[-90.619464,38.885366],[-90.616175,38.884158],[-90.611248,38.882242],[-90.609184,38.881288],[-90.606441,38.880021],[-90.599712,38.876955],[-90.595354,38.87505],[-90.591826,38.873565],[-90.588299,38.87208],[-90.587476,38.871734],[-90.586652,38.871387],[-90.586521,38.87135],[-90.586287,38.871136],[-90.586181,38.870686],[-90.586107,38.870588],[-90.585875,38.870282],[-90.585677,38.870007],[-90.585402,38.86977],[-90.585021,38.86965],[-90.583999,38.869282],[-90.583388,38.86903],[-90.582259,38.868794],[-90.581913,38.86877],[-90.577576,38.868384],[-90.573091,38.868435],[-90.568356,38.868742],[-90.56462,38.86915],[-90.561021,38.869476],[-90.557569,38.870457],[-90.554564,38.871109],[-90.553709,38.871357],[-90.552946,38.871617],[-90.551205,38.872075],[-90.55032,38.872418],[-90.548917,38.872937],[-90.548834,38.872979],[-90.546831,38.874009],[-90.54571,38.87505],[-90.538587,38.879742],[-90.537594,38.880717],[-90.537418,38.880889],[-90.537243,38.881062],[-90.53688,38.881419],[-90.536516,38.881776],[-90.535358,38.882912],[-90.534201,38.884049],[-90.534109,38.88414],[-90.534017,38.88423],[-90.533962,38.88428],[-90.533786,38.884456],[-90.533608,38.884632],[-90.533181,38.885051],[-90.532754,38.88547],[-90.528244,38.889421],[-90.518581,38.896979],[-90.518328,38.897295],[-90.516963,38.898818],[-90.516566,38.899033],[-90.515274,38.8995],[-90.514294,38.900085],[-90.513116,38.900415],[-90.512822,38.900409],[-90.511821,38.900784],[-90.51156,38.900858],[-90.511328,38.900924],[-90.510686,38.901106],[-90.509126,38.901907],[-90.508861,38.902043],[-90.508596,38.902179],[-90.507451,38.902767],[-90.50603,38.904392],[-90.504181,38.906312],[-90.503148,38.907384],[-90.500117,38.910408],[-90.499672,38.910605],[-90.49899,38.911519],[-90.498421,38.912214],[-90.497718,38.912991],[-90.497354,38.913609],[-90.497284,38.913727],[-90.496716,38.914414],[-90.49664,38.914515],[-90.496453,38.914764],[-90.496266,38.915012],[-90.496023,38.915336],[-90.494803,38.91672],[-90.494037,38.917367],[-90.493386,38.918249],[-90.492807,38.918961],[-90.492424,38.919301],[-90.492386,38.919363],[-90.489673,38.922569],[-90.487058,38.925862],[-90.486726,38.926976],[-90.48623,38.928455],[-90.485465,38.929603],[-90.485269,38.929999],[-90.484896,38.930509],[-90.484617,38.931026],[-90.484214,38.931576],[-90.484007,38.932174],[-90.483717,38.93253],[-90.4835,38.932861],[-90.483273,38.933354],[-90.483066,38.933686],[-90.482921,38.933985],[-90.482838,38.934341],[-90.482725,38.934712],[-90.482684,38.935189],[-90.482674,38.93573],[-90.482684,38.936433],[-90.482757,38.936853],[-90.482799,38.937345],[-90.482964,38.937853],[-90.483068,38.9382],[-90.483265,38.938668],[-90.483327,38.939088],[-90.48341,38.939395],[-90.483411,38.939444],[-90.483421,38.939936],[-90.483452,38.940436],[-90.48338,38.941107],[-90.48338,38.941503],[-90.483339,38.942133],[-90.483195,38.94261],[-90.483071,38.94307],[-90.482833,38.943571],[-90.482657,38.943935],[-90.482419,38.94446],[-90.482171,38.944881],[-90.48184,38.945431],[-90.481457,38.945811],[-90.481229,38.946062],[-90.480919,38.946603],[-90.480681,38.946975],[-90.480485,38.947396],[-90.480147,38.947713],[-90.479853,38.94818],[-90.479625,38.948423],[-90.479242,38.948965],[-90.478745,38.949507],[-90.478393,38.950016],[-90.478155,38.950291],[-90.477928,38.950526],[-90.477359,38.951165],[-90.476572,38.951949],[-90.476179,38.952507],[-90.475837,38.952799],[-90.475454,38.953494],[-90.475072,38.954028],[-90.474865,38.954545],[-90.474461,38.954949],[-90.474182,38.955394],[-90.473757,38.956097],[-90.473437,38.95676],[-90.473157,38.957021],[-90.47295,38.957213],[-90.47266,38.957763],[-90.472464,38.958111],[-90.472309,38.95841],[-90.472122,38.958838],[-90.471729,38.959186],[-90.471429,38.959356],[-90.471056,38.959639],[-90.470507,38.959963],[-90.470083,38.960182],[-90.469803,38.960425],[-90.46942,38.960789],[-90.468799,38.961153],[-90.468209,38.961518],[-90.467784,38.961809],[-90.467049,38.962206],[-90.466169,38.962563],[-90.465351,38.962992],[-90.464461,38.963365],[-90.463622,38.96373],[-90.462411,38.964322],[-90.461769,38.964452],[-90.461064,38.964744],[-90.459863,38.965052],[-90.45861,38.965515],[-90.458186,38.965645],[-90.457316,38.965912],[-90.45657,38.96618],[-90.456021,38.966334],[-90.455131,38.966634],[-90.454406,38.966813],[-90.454023,38.96687],[-90.453702,38.966903],[-90.453205,38.96696],[-90.452936,38.967058],[-90.452511,38.967236],[-90.452086,38.967479],[-90.451651,38.967609],[-90.451279,38.967731],[-90.450813,38.967769],[-90.450703,38.967746],[-90.450023,38.967604],[-90.449646,38.967526],[-90.448272,38.967185],[-90.447949,38.967105],[-90.447666,38.967076],[-90.446864,38.966994],[-90.446701,38.966978],[-90.446671,38.966975],[-90.445987,38.9669],[-90.445303,38.966826],[-90.444102,38.966796],[-90.443367,38.966965],[-90.443293,38.966983],[-90.442796,38.967137],[-90.442515,38.967182],[-90.442269,38.967221],[-90.44203,38.967259],[-90.441524,38.967265],[-90.441357,38.967268],[-90.441276,38.96727],[-90.441169,38.967272],[-90.441062,38.967275],[-90.441035,38.967275],[-90.440673,38.967285],[-90.440316,38.967332],[-90.440078,38.967364],[-90.439938,38.967383],[-90.439811,38.967366],[-90.439203,38.967287],[-90.439018,38.967232],[-90.438761,38.967156],[-90.438498,38.967078],[-90.437971,38.966938],[-90.437567,38.966831],[-90.437287,38.966757],[-90.437261,38.966751],[-90.43651,38.966572],[-90.43584,38.966318],[-90.43564,38.966242],[-90.435622,38.966234],[-90.435002,38.965979],[-90.434934,38.965951],[-90.434865,38.965923],[-90.434851,38.965917],[-90.434809,38.9659],[-90.434796,38.965895],[-90.434543,38.965791],[-90.434405,38.965745],[-90.433745,38.965526],[-90.43343,38.965392],[-90.432306,38.964914],[-90.431364,38.964576],[-90.431054,38.964451],[-90.430535,38.964246],[-90.430142,38.96398],[-90.42978,38.963778],[-90.429438,38.963738],[-90.429418,38.963738],[-90.428463,38.963748],[-90.428433,38.963748],[-90.427967,38.963813],[-90.427243,38.963806],[-90.427138,38.963802],[-90.426166,38.963775],[-90.424726,38.963785],[-90.424651,38.963779],[-90.423825,38.963721],[-90.423028,38.963714],[-90.421899,38.963683],[-90.421433,38.963684],[-90.420243,38.963604],[-90.419269,38.963654],[-90.418379,38.96355],[-90.417592,38.963519],[-90.416598,38.963455],[-90.416017,38.963443],[-90.415396,38.963432],[-90.414392,38.963328],[-90.413108,38.96333],[-90.411161,38.963154],[-90.40967,38.962914],[-90.407537,38.962706],[-90.406367,38.962554],[-90.405218,38.962273],[-90.404369,38.962144],[-90.403292,38.961814],[-90.401967,38.961541],[-90.400756,38.96134],[-90.399482,38.961051],[-90.39825,38.9606],[-90.397246,38.960383],[-90.396698,38.96025],[-90.395816,38.960037],[-90.394874,38.959642],[-90.394305,38.959497],[-90.393063,38.959163],[-90.392721,38.959071],[-90.391479,38.958434],[-90.391158,38.958337],[-90.390816,38.958249],[-90.390123,38.958026],[-90.389315,38.957766],[-90.387804,38.957081],[-90.386593,38.956718],[-90.386026,38.956529],[-90.385757,38.956439],[-90.38531,38.95626],[-90.384864,38.956082],[-90.384523,38.955945],[-90.383613,38.955624],[-90.383126,38.955453],[-90.38178,38.954817],[-90.380921,38.954422],[-90.380042,38.953946],[-90.379245,38.95364],[-90.378096,38.953245],[-90.378008,38.953201],[-90.377325,38.952864],[-90.377247,38.952826],[-90.376399,38.952624],[-90.375964,38.952471],[-90.375114,38.952275],[-90.374385,38.951983],[-90.373657,38.951691],[-90.373069,38.951455],[-90.369273,38.949935],[-90.366934,38.948998],[-90.36489,38.948179],[-90.36424,38.947918],[-90.362292,38.947138],[-90.361643,38.946878],[-90.360728,38.946512],[-90.359812,38.946145],[-90.355638,38.944473],[-90.346442,38.94079],[-90.343901,38.939377],[-90.343108,38.938936],[-90.342315,38.938495],[-90.340613,38.937548],[-90.339514,38.936793],[-90.338706,38.936182],[-90.33831,38.935906],[-90.338202,38.935831],[-90.335963,38.93466],[-90.335898,38.934626],[-90.333533,38.933489],[-90.332513,38.933048],[-90.331558,38.932624],[-90.330634,38.932215],[-90.328659,38.931441],[-90.327688,38.931061],[-90.327597,38.931025],[-90.326869,38.930769],[-90.325446,38.93027],[-90.32441,38.929907],[-90.324179,38.929827],[-90.32358,38.929653],[-90.322653,38.929385],[-90.321127,38.929087],[-90.320471,38.929003],[-90.319617,38.928873],[-90.319052,38.928667],[-90.318764,38.92852],[-90.317837,38.928047],[-90.317572,38.927912],[-90.314124,38.92631],[-90.31301,38.925852],[-90.31182,38.925234],[-90.311179,38.92486],[-90.310416,38.924471],[-90.309454,38.92412],[-90.308613,38.923948],[-90.307761,38.923801],[-90.306113,38.923525],[-90.305258,38.923556],[-90.304129,38.923563],[-90.303214,38.923601],[-90.303052,38.923592],[-90.302466,38.923594],[-90.30129,38.923457],[-90.300756,38.923444],[-90.298711,38.923395],[-90.295721,38.923411],[-90.294748,38.923429],[-90.2945,38.923434],[-90.294061,38.923455],[-90.291768,38.923563],[-90.290957,38.923611],[-90.289052,38.923724],[-90.286535,38.923861],[-90.285634,38.92393],[-90.284704,38.923968],[-90.283712,38.924048],[-90.280752,38.923952],[-90.279592,38.923868],[-90.277471,38.923716],[-90.275702,38.923529],[-90.273885,38.92322],[-90.269872,38.922556],[-90.267904,38.922037],[-90.265619,38.921069],[-90.265203,38.920893],[-90.262792,38.920344],[-90.2609,38.920328],[-90.25919,38.92055],[-90.256993,38.920763],[-90.254033,38.920489],[-90.250248,38.919344],[-90.249798,38.919083],[-90.246403,38.917116],[-90.241703,38.914828],[-90.240602,38.914395],[-90.236027,38.9126],[-90.235863,38.912549],[-90.230336,38.91086],[-90.229712,38.910604],[-90.228111,38.909948],[-90.225967,38.908976],[-90.22585,38.908923],[-90.22368,38.907737],[-90.223041,38.907389],[-90.222048,38.906701],[-90.219867,38.905192],[-90.217274,38.903292],[-90.216979,38.903076],[-90.216586,38.902788],[-90.215195,38.90173],[-90.21392,38.900759],[-90.213519,38.900454],[-90.211292,38.898653],[-90.210213,38.897705],[-90.209312,38.896913],[-90.20901,38.896648],[-90.208768,38.896456],[-90.208042,38.895883],[-90.2078,38.895692],[-90.206956,38.895026],[-90.204427,38.893029],[-90.203584,38.892364],[-90.202292,38.891344],[-90.201584,38.890785],[-90.201,38.890324],[-90.19761,38.887648],[-90.19521,38.886748],[-90.195196,38.886746],[-90.192663,38.886488],[-90.191474,38.886366],[-90.190309,38.886248],[-90.190243,38.886225],[-90.188576,38.885637],[-90.188035,38.885445],[-90.186909,38.885048],[-90.186109,38.884708],[-90.183709,38.883688],[-90.182909,38.883348],[-90.182409,38.883148],[-90.1822,38.883059],[-90.180338,38.882278],[-90.180088,38.882172],[-90.179544,38.881944],[-90.179464,38.88191],[-90.179384,38.881877],[-90.17936,38.881867],[-90.178583,38.88154],[-90.174818,38.879958],[-90.17455,38.879846],[-90.174281,38.879733],[-90.170509,38.878148],[-90.166479,38.876379],[-90.166409,38.876348],[-90.166097,38.876187],[-90.163309,38.874748],[-90.161567,38.873598],[-90.157708,38.871048],[-90.155708,38.869748],[-90.154645,38.86909],[-90.153901,38.868629],[-90.153582,38.868432],[-90.153518,38.868392],[-90.151508,38.867148],[-90.150632,38.866761],[-90.150035,38.866497],[-90.149438,38.866233],[-90.148251,38.865707],[-90.147873,38.86554],[-90.146308,38.864848],[-90.14589,38.864681],[-90.144808,38.864248],[-90.144634,38.86419],[-90.144208,38.864048],[-90.143788,38.863915],[-90.142528,38.863516],[-90.142109,38.863383],[-90.140272,38.8628],[-90.140108,38.862748],[-90.138783,38.861958],[-90.136846,38.860803],[-90.136265,38.860456],[-90.134908,38.859648],[-90.134307,38.859308],[-90.132507,38.858288],[-90.131907,38.857948],[-90.129727,38.856942],[-90.127579,38.855951],[-90.126786,38.855585],[-90.126469,38.85544],[-90.12319,38.853928],[-90.121031,38.852933],[-90.121011,38.852924],[-90.12011,38.852508],[-90.117407,38.851263],[-90.116507,38.850848],[-90.114875,38.850056],[-90.113327,38.849306],[-90.111786,38.846796],[-90.111314,38.846183],[-90.111208,38.846046],[-90.110555,38.845199],[-90.110381,38.844974],[-90.110331,38.84491],[-90.110207,38.844748],[-90.110047,38.844508],[-90.109567,38.843788],[-90.109407,38.843548],[-90.109307,38.841528],[-90.109107,38.837448],[-90.109552,38.835518],[-90.110007,38.833548],[-90.110069,38.833304],[-90.110131,38.83306],[-90.111428,38.827953],[-90.112327,38.824417],[-90.114523,38.815774],[-90.114707,38.815048],[-90.115935,38.811241],[-90.117707,38.805748],[-90.117908,38.80475],[-90.118071,38.804081],[-90.11861,38.802999],[-90.119424,38.801811],[-90.120159,38.801038],[-90.120805,38.800358],[-90.121703,38.799414],[-90.122639,38.798428],[-90.122849,38.798208],[-90.123224,38.797914],[-90.123391,38.797789],[-90.123662,38.797585],[-90.124295,38.79711],[-90.125114,38.796495],[-90.125845,38.795946],[-90.126678,38.795311],[-90.127804,38.794433],[-90.130254,38.792523],[-90.132434,38.790929],[-90.13437,38.78961],[-90.136266,38.788318],[-90.138283,38.787148],[-90.138989,38.786739],[-90.140897,38.785745],[-90.141493,38.785434],[-90.144289,38.783758],[-90.145539,38.782981],[-90.147135,38.78205],[-90.148448,38.781346],[-90.150516,38.78031],[-90.152236,38.779506],[-90.153925,38.778717],[-90.155183,38.778129],[-90.158692,38.776644],[-90.160242,38.77596],[-90.161448,38.775331],[-90.162743,38.774787],[-90.164453,38.77379],[-90.166271,38.772729],[-90.166364,38.772675],[-90.166574,38.772448],[-90.166717,38.772272],[-90.168384,38.770209],[-90.169674,38.768602],[-90.171301,38.766578],[-90.172537,38.764531],[-90.172589,38.764442],[-90.172861,38.763991],[-90.173908,38.762256],[-90.174773,38.760821],[-90.175101,38.760278],[-90.175121,38.760179],[-90.175362,38.759018],[-90.176301,38.754478],[-90.183282,38.747005],[-90.183609,38.746749],[-90.187559,38.744799],[-90.191301,38.742978],[-90.205177,38.7322],[-90.20521,38.73215],[-90.20534,38.732],[-90.209741,38.726289],[-90.209766,38.726236],[-90.20991,38.72605],[-90.210152,38.725289],[-90.21017,38.725229],[-90.211095,38.722334],[-90.211178,38.722074],[-90.21141,38.72135],[-90.21191,38.71795],[-90.211937,38.716222],[-90.212002,38.711779],[-90.209202,38.702779],[-90.202202,38.693479],[-90.197344,38.689382],[-90.195928,38.68819],[-90.195202,38.687579],[-90.192853,38.684162],[-90.192816,38.684108],[-90.191925,38.682813],[-90.190044,38.680076],[-90.18849,38.677815],[-90.187036,38.675701],[-90.186402,38.674779],[-90.186375,38.674702],[-90.185581,38.672747],[-90.185437,38.672393],[-90.182602,38.665379],[-90.182537,38.66512],[-90.181228,38.660066],[-90.181102,38.659579],[-90.181042,38.659281],[-90.180711,38.657645],[-90.17929,38.650656],[-90.178381,38.646128],[-90.178335,38.645914],[-90.178311,38.645788],[-90.177702,38.642779],[-90.177705,38.642652],[-90.177727,38.642027],[-90.17774,38.641641],[-90.177768,38.640906],[-90.177805,38.639681],[-90.17791,38.63655],[-90.177959,38.635062],[-90.178002,38.633779],[-90.17801,38.633734],[-90.178489,38.630976],[-90.178499,38.630919],[-90.178778,38.629318],[-90.178811,38.629157],[-90.178889,38.628917],[-90.180788,38.623045],[-90.181646,38.620398],[-90.182415,38.618023],[-90.182467,38.617867],[-90.183532,38.614574],[-90.183567,38.614466],[-90.184502,38.61158],[-90.185,38.610721],[-90.186665,38.607864],[-90.191803,38.59898],[-90.192179,38.598576],[-90.193874,38.596761],[-90.195733,38.594771],[-90.196003,38.59448],[-90.201072,38.58996],[-90.201658,38.589434],[-90.202503,38.58868],[-90.204623,38.587368],[-90.205555,38.586792],[-90.210103,38.58398],[-90.214444,38.58056],[-90.216704,38.57878],[-90.21793,38.578257],[-90.218497,38.578016],[-90.220727,38.577066],[-90.221255,38.57684],[-90.222104,38.57648],[-90.223133,38.575794],[-90.224204,38.57508],[-90.224717,38.574451],[-90.227844,38.570615],[-90.229176,38.568981],[-90.234484,38.56247],[-90.236635,38.559832],[-90.238071,38.558071],[-90.240044,38.555651],[-90.240482,38.555112],[-90.241816,38.55348],[-90.243375,38.551566],[-90.244648,38.550003],[-90.248905,38.544781],[-90.249128,38.544467],[-90.249318,38.544186],[-90.249982,38.543231],[-90.250279,38.542804],[-90.254107,38.537297],[-90.256658,38.533629],[-90.257448,38.532492],[-90.257782,38.532012],[-90.257413,38.531852],[-90.260564,38.526872],[-90.261692,38.525022],[-90.26325,38.52247],[-90.263339,38.522309],[-90.264056,38.521025],[-90.264123,38.520728],[-90.264228,38.520268],[-90.264923,38.517227],[-90.266188,38.513104],[-90.266316,38.512688],[-90.26876,38.507189],[-90.269555,38.504115],[-90.270538,38.50154],[-90.270671,38.500871],[-90.270843,38.500009],[-90.270848,38.499874],[-90.271261,38.497576],[-90.272183,38.494247],[-90.272315,38.493911],[-90.273281,38.491446],[-90.273871,38.489059],[-90.274711,38.486607],[-90.274847,38.486306],[-90.27556,38.485085],[-90.276788,38.482487],[-90.277841,38.479908],[-90.278531,38.477682],[-90.278754,38.476182],[-90.278847,38.47556],[-90.279077,38.474014],[-90.279191,38.471872],[-90.279904,38.46947],[-90.280264,38.468392],[-90.280926,38.466411],[-90.281823,38.462736],[-90.282387,38.460553],[-90.282678,38.457542],[-90.282864,38.456974],[-90.284043,38.451674],[-90.285673,38.445663],[-90.285925,38.444899],[-90.287476,38.440196],[-90.288541,38.436861],[-90.289901,38.433136],[-90.291084,38.43089],[-90.293685,38.42746],[-90.29687,38.424808],[-90.297273,38.42454],[-90.304209,38.419952],[-90.308513,38.417393],[-90.31117,38.415679],[-90.312225,38.414668],[-90.314372,38.412352],[-90.320471,38.406527],[-90.325839,38.400963],[-90.32937,38.398028],[-90.330017,38.397418],[-90.332042,38.396104],[-90.334277,38.394844],[-90.337911,38.39091],[-90.340389,38.38929],[-90.341521,38.388343],[-90.342134,38.387285],[-90.343277,38.385604],[-90.343601,38.385114],[-90.344309,38.384041],[-90.345118,38.382834],[-90.347526,38.379704],[-90.349222,38.377333],[-90.35062,38.374762],[-90.352105,38.37182],[-90.354017,38.36732],[-90.354995,38.363956],[-90.355942,38.36046],[-90.356536,38.359397],[-90.357769,38.357196],[-90.361208,38.352443],[-90.364361,38.347514],[-90.367387,38.341126],[-90.36918,38.337079],[-90.370819,38.333554],[-90.371476,38.330897],[-90.371289,38.326538],[-90.371405,38.322969],[-90.3716,38.321675],[-90.371947,38.319788],[-90.372626,38.316162],[-90.372527,38.311955],[-90.372268,38.310033],[-90.371661,38.307865],[-90.371516,38.306191],[-90.371914,38.303432],[-90.372554,38.300418],[-90.372608,38.298443],[-90.37262,38.296417],[-90.372666,38.293594],[-90.37271,38.290958],[-90.372734,38.289484],[-90.372697,38.287893],[-90.372659,38.28623],[-90.372422,38.283725],[-90.371754,38.280536],[-90.371619,38.280042],[-90.3716,38.279385],[-90.371448,38.278709],[-90.371315,38.277917],[-90.371088,38.276561],[-90.370733,38.274441],[-90.370408,38.271095],[-90.369915,38.267708],[-90.369291,38.264813],[-90.369046,38.263903],[-90.368837,38.263129],[-90.368501,38.261855],[-90.368444,38.261634],[-90.368131,38.260184],[-90.367673,38.258115],[-90.3672,38.255495],[-90.366872,38.252478],[-90.366943,38.250722],[-90.366948,38.248344],[-90.366388,38.245874],[-90.365139,38.240724],[-90.363926,38.236355],[-90.362244,38.231173],[-90.360142,38.225659],[-90.358628,38.221981],[-90.355793,38.216887],[-90.35543,38.216306],[-90.353414,38.213213],[-90.353174,38.212898],[-90.352457,38.211954],[-90.352362,38.211828],[-90.352207,38.211649],[-90.35024,38.20938],[-90.347776,38.206538],[-90.344367,38.202549],[-90.343304,38.201304],[-90.342528,38.200181],[-90.341751,38.199058],[-90.339864,38.19633],[-90.33935,38.195744],[-90.338451,38.194718],[-90.337892,38.19408],[-90.337055,38.193124],[-90.336217,38.192168],[-90.335659,38.191531],[-90.334172,38.189857],[-90.33017,38.186523],[-90.327218,38.184311],[-90.323971,38.182405],[-90.320381,38.18082],[-90.316876,38.179477],[-90.310627,38.178573],[-90.304233,38.17644],[-90.300329,38.175139],[-90.290629,38.170363],[-90.28298,38.164373],[-90.276541,38.158981],[-90.274843,38.157559],[-90.266359,38.146168],[-90.265786,38.145394],[-90.258178,38.135117],[-90.255759,38.131907],[-90.25514,38.131088],[-90.253284,38.128631],[-90.252666,38.127812],[-90.252468,38.127547],[-90.25109,38.126088],[-90.250604,38.125571],[-90.250118,38.125054],[-90.249309,38.122455],[-90.248716,38.120874],[-90.248272,38.120129],[-90.245651,38.115891],[-90.242574,38.112125],[-90.240713,38.110375],[-90.237947,38.108197],[-90.234305,38.106062],[-90.23033,38.103418],[-90.228192,38.101269],[-90.223288,38.097799],[-90.217019,38.093466],[-90.208235,38.088794],[-90.207682,38.0885],[-90.207128,38.088205],[-90.206685,38.087969],[-90.205205,38.086907],[-90.203153,38.085435],[-90.202768,38.085159],[-90.188115,38.076851],[-90.17883,38.071886],[-90.17604,38.07066],[-90.17222,38.069636],[-90.168649,38.071573],[-90.164364,38.073898],[-90.163413,38.074346],[-90.162624,38.074584],[-90.161562,38.07489],[-90.160598,38.074919],[-90.159923,38.074928],[-90.158338,38.074949],[-90.158273,38.07495],[-90.158087,38.074892],[-90.157588,38.074689],[-90.156775,38.07431],[-90.155192,38.073563],[-90.153748,38.072942],[-90.153602,38.072854],[-90.152977,38.072409],[-90.152859,38.072305],[-90.152241,38.072008],[-90.152033,38.071926],[-90.151873,38.071832],[-90.151748,38.071783],[-90.151471,38.071689],[-90.150644,38.071305],[-90.149297,38.070706],[-90.148923,38.070568],[-90.148659,38.070475],[-90.14818,38.070321],[-90.148099,38.070274],[-90.148063,38.070269],[-90.147522,38.070089],[-90.147112,38.069982],[-90.146329,38.069777],[-90.144894,38.069168],[-90.144553,38.069023],[-90.144158,38.068846],[-90.144144,38.06884],[-90.144123,38.06883],[-90.143202,38.068418],[-90.142155,38.067893],[-90.142093,38.067862],[-90.141973,38.067802],[-90.141926,38.067778],[-90.141679,38.067654],[-90.141641,38.067634],[-90.14133,38.067452],[-90.141305,38.067437],[-90.138603,38.065854],[-90.137558,38.065193],[-90.136714,38.06466],[-90.133865,38.063955],[-90.130788,38.062341],[-90.1296,38.061436],[-90.129586,38.061422],[-90.129452,38.061293],[-90.129437,38.061279],[-90.129424,38.061267],[-90.129416,38.061259],[-90.128792,38.06066],[-90.128159,38.059645],[-90.128142,38.059601],[-90.128134,38.059581],[-90.127851,38.058853],[-90.127559,38.058101],[-90.127548,38.058073],[-90.127536,38.058041],[-90.127447,38.057812],[-90.127432,38.057774],[-90.126396,38.054897],[-90.126389,38.054862],[-90.126302,38.054432],[-90.126295,38.054345],[-90.126294,38.054332],[-90.126291,38.054301],[-90.12629,38.054286],[-90.126103,38.051989],[-90.126103,38.051975],[-90.126062,38.051301],[-90.126011,38.050631],[-90.126019,38.050614],[-90.126006,38.050569],[-90.126132,38.047297],[-90.12614,38.047086],[-90.126177,38.046972],[-90.126612,38.043981],[-90.126556,38.043145],[-90.126546,38.042543],[-90.126545,38.042506],[-90.126544,38.042443],[-90.126544,38.042413],[-90.126532,38.041665],[-90.126196,38.040706],[-90.125116,38.039264],[-90.124496,38.038747],[-90.123473,38.037893],[-90.123446,38.037871],[-90.123038,38.037467],[-90.123024,38.037453],[-90.123009,38.037438],[-90.122528,38.036962],[-90.122189,38.036601],[-90.121304,38.035659],[-90.120528,38.034841],[-90.120497,38.034809],[-90.120477,38.034788],[-90.120455,38.034764],[-90.120252,38.03455],[-90.119106,38.033268],[-90.118685,38.032878],[-90.118606,38.032805],[-90.118598,38.032797],[-90.118584,38.032784],[-90.118529,38.032733],[-90.117423,38.031708],[-90.115716,38.030326],[-90.114872,38.029586],[-90.114276,38.029091],[-90.11424,38.029061],[-90.114229,38.029055],[-90.114166,38.029023],[-90.114142,38.029011],[-90.114123,38.029001],[-90.11408,38.028978],[-90.113426,38.028643],[-90.11331,38.028562],[-90.112895,38.028273],[-90.112814,38.028217],[-90.112739,38.028161],[-90.112672,38.028111],[-90.112614,38.028068],[-90.112529,38.028006],[-90.112512,38.027994],[-90.112364,38.027881],[-90.112011,38.027611],[-90.111424,38.027157],[-90.1109,38.026802],[-90.110819,38.026748],[-90.110698,38.026667],[-90.110668,38.026647],[-90.110521,38.026549],[-90.1097,38.026126],[-90.109634,38.026092],[-90.109616,38.026083],[-90.109559,38.026053],[-90.109361,38.025951],[-90.108935,38.025738],[-90.108906,38.025723],[-90.108814,38.025677],[-90.1088,38.02567],[-90.107728,38.025135],[-90.107037,38.02477],[-90.106475,38.024559],[-90.105999,38.024148],[-90.10504,38.02364],[-90.104938,38.023583],[-90.104091,38.023109],[-90.102903,38.022451],[-90.102887,38.022442],[-90.102141,38.022029],[-90.100215,38.0209],[-90.099098,38.020196],[-90.099082,38.020191],[-90.098554,38.020034],[-90.098181,38.019971],[-90.097816,38.01994],[-90.097517,38.019705],[-90.097408,38.019619],[-90.097394,38.019615],[-90.096603,38.019396],[-90.095403,38.018779],[-90.094455,38.018223],[-90.093774,38.017833],[-90.093656,38.017766],[-90.093522,38.017683],[-90.092997,38.01736],[-90.092838,38.01726],[-90.092364,38.017123],[-90.09217,38.017091],[-90.091445,38.016971],[-90.090732,38.016719],[-90.090704,38.016709],[-90.090693,38.016705],[-90.090459,38.016623],[-90.089907,38.016319],[-90.08972,38.016216],[-90.089507,38.01616],[-90.089477,38.016152],[-90.089438,38.016142],[-90.089379,38.016127],[-90.089054,38.016043],[-90.08826,38.015772],[-90.086825,38.015521],[-90.085381,38.015668],[-90.085267,38.01568],[-90.085239,38.015673],[-90.085011,38.015613],[-90.085,38.01561],[-90.084988,38.015607],[-90.084148,38.015386],[-90.080959,38.015428],[-90.077166,38.015966],[-90.076143,38.016186],[-90.074152,38.016615],[-90.072283,38.017001],[-90.071312,38.016951],[-90.071292,38.01695],[-90.071222,38.016946],[-90.070619,38.016916],[-90.069513,38.016864],[-90.067848,38.01686],[-90.06664,38.016863],[-90.065949,38.016883],[-90.06535,38.016864],[-90.065082,38.016874],[-90.065045,38.016875],[-90.064232,38.016677],[-90.063717,38.016598],[-90.063698,38.016595],[-90.063622,38.016584],[-90.062824,38.01645],[-90.061775,38.016173],[-90.061367,38.016071],[-90.060354,38.015818],[-90.059526,38.015587],[-90.059367,38.015543],[-90.059172,38.015431],[-90.058615,38.015118],[-90.057269,38.014362],[-90.056432,38.013049],[-90.055399,38.011952],[-90.054628,38.010633],[-90.054447,38.010323],[-90.054286,38.010064],[-90.053832,38.009629],[-90.053819,38.009617],[-90.053787,38.009588],[-90.053615,38.009429],[-90.053681,38.009332],[-90.053755,38.009225],[-90.053703,38.009036],[-90.053693,38.008999],[-90.053065,38.007076],[-90.051941,38.005432],[-90.044406,38.002038],[-90.040446,38.000222],[-90.035682,37.997747],[-90.031795,37.995126],[-90.024242,37.988131],[-90.022286,37.986164],[-90.016309,37.979616],[-90.014267,37.977252],[-90.011962,37.974583],[-90.007936,37.97011],[-90.00335,37.966408],[-90.00011,37.964563],[-89.996848,37.963219],[-89.991958,37.962165],[-89.988108,37.961749],[-89.984508,37.961906],[-89.982228,37.962111],[-89.978948,37.962802],[-89.978919,37.962791],[-89.978889,37.962796],[-89.972416,37.963869],[-89.971978,37.963878],[-89.969351,37.963933],[-89.965046,37.964393],[-89.962274,37.96499],[-89.951727,37.967756],[-89.950745,37.967987],[-89.942274,37.970418],[-89.940687,37.970874],[-89.940579,37.970515],[-89.940232,37.969359],[-89.939853,37.968383],[-89.939726,37.968057],[-89.93967,37.968009],[-89.939498,37.96786],[-89.93931,37.966486],[-89.939306,37.966458],[-89.93774,37.964994],[-89.937566,37.964408],[-89.937487,37.964268],[-89.937021,37.963439],[-89.936756,37.96287],[-89.936728,37.96281],[-89.93671,37.962772],[-89.936713,37.96267],[-89.936724,37.962365],[-89.936887,37.961699],[-89.936932,37.961517],[-89.936951,37.961438],[-89.9368,37.96116],[-89.936625,37.960839],[-89.936421,37.960066],[-89.936416,37.960047],[-89.936411,37.96003],[-89.936408,37.960019],[-89.935957,37.959641],[-89.935918,37.959608],[-89.935885,37.959581],[-89.934843,37.959289],[-89.93465,37.959269],[-89.93439,37.959229],[-89.933818,37.959146],[-89.933797,37.959143],[-89.932057,37.959289],[-89.931848,37.959311],[-89.930389,37.959464],[-89.925085,37.960021],[-89.924751,37.959903],[-89.924721,37.959893],[-89.924597,37.959849],[-89.924368,37.959877],[-89.923619,37.959981],[-89.921879,37.960552],[-89.921345,37.960678],[-89.920194,37.960722],[-89.919563,37.960595],[-89.919341,37.960475],[-89.918495,37.959739],[-89.917351,37.959086],[-89.916131,37.95863],[-89.915278,37.958569],[-89.913732,37.957493],[-89.912228,37.955879],[-89.912069,37.9556],[-89.910094,37.956711],[-89.907235,37.958321],[-89.90693,37.957931],[-89.906768,37.9576],[-89.905269,37.955525],[-89.903558,37.953223],[-89.901896,37.951204],[-89.900124,37.949007],[-89.897683,37.945955],[-89.896251,37.944267],[-89.895552,37.943442],[-89.895365,37.943211],[-89.894804,37.942519],[-89.893187,37.940642],[-89.892005,37.939339],[-89.890686,37.937912],[-89.889482,37.936551],[-89.88854,37.935369],[-89.888425,37.935243],[-89.887563,37.934291],[-89.886605,37.933077],[-89.885463,37.931441],[-89.88385,37.929576],[-89.88185,37.92738],[-89.879747,37.925472],[-89.877758,37.924051],[-89.875107,37.922212],[-89.872966,37.920691],[-89.871359,37.919681],[-89.869123,37.918613],[-89.866787,37.917546],[-89.862124,37.91533],[-89.860426,37.914505],[-89.860125,37.914359],[-89.858544,37.913591],[-89.85282,37.910937],[-89.848846,37.908786],[-89.844904,37.906643],[-89.843836,37.905404],[-89.842638,37.905197],[-89.840314,37.904098],[-89.838333,37.902976],[-89.837796,37.902673],[-89.837169,37.90232],[-89.836351,37.901856],[-89.830052,37.897858],[-89.82975,37.897672],[-89.824661,37.894621],[-89.824569,37.894566],[-89.824513,37.894529],[-89.820496,37.891877],[-89.816809,37.889661],[-89.815652,37.888945],[-89.813636,37.887696],[-89.812115,37.886918],[-89.810905,37.8863],[-89.810804,37.886248],[-89.810679,37.886184],[-89.810497,37.886099],[-89.810395,37.886052],[-89.807743,37.884821],[-89.806906,37.884433],[-89.803892,37.882978],[-89.800876,37.882043],[-89.799607,37.88161],[-89.799329,37.881516],[-89.798269,37.880483],[-89.79804,37.879653],[-89.798104,37.879373],[-89.798138,37.879227],[-89.798191,37.879008],[-89.798238,37.878789],[-89.798271,37.878643],[-89.798284,37.878591],[-89.798306,37.878255],[-89.798382,37.877161],[-89.798373,37.877088],[-89.79833,37.876701],[-89.798293,37.876391],[-89.798212,37.875707],[-89.798159,37.875468],[-89.798093,37.875164],[-89.797992,37.874996],[-89.797734,37.874469],[-89.797696,37.874392],[-89.797722,37.874286],[-89.797744,37.874195],[-89.797938,37.873563],[-89.798126,37.873226],[-89.798278,37.872954],[-89.798696,37.872495],[-89.798968,37.872188],[-89.799153,37.871981],[-89.799821,37.871343],[-89.80002,37.870867],[-89.79994,37.870326],[-89.799971,37.869917],[-89.800319,37.868786],[-89.800353,37.868626],[-89.800312,37.868579],[-89.800293,37.868558],[-89.799355,37.867513],[-89.797542,37.862128],[-89.796954,37.861099],[-89.79609,37.859519],[-89.795079,37.858351],[-89.793737,37.857063],[-89.786326,37.851689],[-89.783099,37.8542],[-89.783087,37.854205],[-89.782951,37.854266],[-89.782845,37.854347],[-89.782589,37.854546],[-89.782507,37.854661],[-89.782281,37.854836],[-89.781991,37.855053],[-89.779811,37.853871],[-89.775966,37.852657],[-89.775027,37.852344],[-89.774305,37.852127],[-89.769494,37.852189],[-89.767241,37.85197],[-89.7652,37.851763],[-89.761975,37.850642],[-89.761147,37.850208],[-89.759869,37.849367],[-89.758582,37.848381],[-89.757353,37.847604],[-89.754099,37.846353],[-89.750701,37.846872],[-89.750104,37.846963],[-89.749969,37.846977],[-89.749858,37.846984],[-89.748981,37.84699],[-89.748741,37.846992],[-89.748023,37.847],[-89.747784,37.847004],[-89.747034,37.846531],[-89.746963,37.846486],[-89.746146,37.84633],[-89.745645,37.846181],[-89.745004,37.846378],[-89.744745,37.84612],[-89.744669,37.84614],[-89.744569,37.846172],[-89.744113,37.846322],[-89.743735,37.846471],[-89.743182,37.846692],[-89.743127,37.846703],[-89.74198,37.846952],[-89.741201,37.847021],[-89.740721,37.847064],[-89.740554,37.84704],[-89.739875,37.846921],[-89.739669,37.846228],[-89.739656,37.846212],[-89.738868,37.845225],[-89.738169,37.844682],[-89.737073,37.844014],[-89.736403,37.843469],[-89.736385,37.843455],[-89.735569,37.842435],[-89.735516,37.842348],[-89.73516,37.841758],[-89.734343,37.840789],[-89.733776,37.839538],[-89.732628,37.838419],[-89.731589,37.837446],[-89.731107,37.836886],[-89.73079,37.836517],[-89.73,37.83571],[-89.729431,37.835114],[-89.728365,37.834206],[-89.727243,37.833212],[-89.725535,37.832021],[-89.723936,37.830966],[-89.722834,37.830204],[-89.721254,37.828708],[-89.720601,37.828062],[-89.719931,37.827524],[-89.718801,37.826682],[-89.717442,37.825723],[-89.715788,37.82469],[-89.714376,37.823873],[-89.711846,37.82241],[-89.710089,37.821336],[-89.708335,37.820159],[-89.707394,37.819506],[-89.706751,37.81906],[-89.704671,37.817922],[-89.704431,37.817776],[-89.703453,37.817182],[-89.702844,37.816812],[-89.702389,37.816603],[-89.700701,37.815828],[-89.699461,37.815419],[-89.699016,37.815253],[-89.69788,37.81483],[-89.696559,37.814337],[-89.696158,37.814151],[-89.69495,37.813592],[-89.693413,37.812736],[-89.691793,37.811991],[-89.691183,37.811693],[-89.690063,37.811148],[-89.689555,37.81082],[-89.688985,37.810452],[-89.688599,37.810203],[-89.687201,37.809483],[-89.687061,37.809411],[-89.686571,37.809238],[-89.685514,37.808863],[-89.684944,37.808661],[-89.68285,37.807789],[-89.682443,37.807514],[-89.681514,37.806887],[-89.681408,37.806815],[-89.681197,37.806673],[-89.681077,37.806629],[-89.680958,37.806585],[-89.680172,37.806295],[-89.679544,37.806065],[-89.677905,37.80522],[-89.677605,37.805066],[-89.677188,37.804792],[-89.676921,37.804616],[-89.676521,37.804354],[-89.676121,37.804091],[-89.675855,37.803916],[-89.675562,37.803723],[-89.675319,37.803563],[-89.674616,37.803273],[-89.674383,37.803177],[-89.674321,37.803152],[-89.674292,37.80314],[-89.674257,37.803112],[-89.673307,37.802355],[-89.673182,37.802255],[-89.671255,37.801144],[-89.670145,37.800302],[-89.669644,37.799922],[-89.669265,37.799419],[-89.668643,37.798595],[-89.668367,37.798162],[-89.667863,37.797368],[-89.667209,37.796464],[-89.666029,37.79417],[-89.665914,37.793947],[-89.665216,37.792858],[-89.665041,37.792586],[-89.66478,37.792179],[-89.664519,37.791771],[-89.664345,37.7915],[-89.663982,37.790801],[-89.663405,37.790149],[-89.662737,37.789496],[-89.662109,37.788867],[-89.661793,37.788601],[-89.66132,37.788204],[-89.660738,37.787293],[-89.66038,37.786296],[-89.660245,37.784681],[-89.66028,37.782647],[-89.660227,37.781032],[-89.660366,37.779436],[-89.660714,37.777462],[-89.660725,37.777418],[-89.66119,37.775732],[-89.662024,37.773757],[-89.662175,37.773352],[-89.662403,37.772746],[-89.66263,37.772138],[-89.662782,37.771734],[-89.662789,37.771715],[-89.662889,37.771483],[-89.663215,37.770732],[-89.663324,37.770482],[-89.663527,37.770013],[-89.664006,37.768816],[-89.66413,37.76851],[-89.664844,37.767042],[-89.665833,37.765536],[-89.666474,37.764195],[-89.666506,37.76405],[-89.666846,37.762545],[-89.666962,37.762316],[-89.667433,37.761389],[-89.667457,37.761325],[-89.667868,37.760257],[-89.667993,37.759484],[-89.667866,37.758603],[-89.667656,37.758144],[-89.667195,37.757138],[-89.666982,37.756762],[-89.666494,37.755899],[-89.666393,37.755615],[-89.66625,37.755209],[-89.666127,37.754862],[-89.666093,37.754412],[-89.666045,37.753747],[-89.665991,37.753571],[-89.665546,37.752095],[-89.665506,37.752043],[-89.665015,37.751388],[-89.664873,37.751199],[-89.664716,37.751087],[-89.664022,37.750592],[-89.663685,37.75032],[-89.663352,37.750052],[-89.662836,37.749767],[-89.662064,37.749342],[-89.661289,37.748915],[-89.660774,37.748632],[-89.660631,37.748553],[-89.660418,37.748436],[-89.660203,37.748318],[-89.660061,37.74824],[-89.659949,37.748214],[-89.658454,37.74771],[-89.657695,37.747476],[-89.655558,37.74682],[-89.652698,37.746057],[-89.650471,37.745662],[-89.64953,37.745496],[-89.64838,37.745622],[-89.648185,37.745642],[-89.648013,37.745685],[-89.647729,37.745753],[-89.646877,37.745961],[-89.646594,37.746031],[-89.646098,37.746071],[-89.645461,37.746106],[-89.645429,37.746108],[-89.643104,37.746031],[-89.642057,37.746035],[-89.640923,37.74604],[-89.640245,37.746085],[-89.639986,37.746087],[-89.637171,37.746115],[-89.636636,37.746121],[-89.636233,37.746133],[-89.634233,37.74579],[-89.63337,37.745782],[-89.632512,37.746177],[-89.631535,37.74659],[-89.631039,37.746801],[-89.629685,37.747425],[-89.62801,37.748135],[-89.62715,37.748618],[-89.626332,37.749046],[-89.625101,37.749123],[-89.624023,37.74912],[-89.62267,37.749335],[-89.621575,37.749344],[-89.619715,37.749568],[-89.618565,37.749762],[-89.618067,37.74982],[-89.617457,37.749742],[-89.617278,37.74972],[-89.616748,37.749398],[-89.616389,37.749167],[-89.616084,37.748679],[-89.615933,37.748184],[-89.616008,37.747564],[-89.615966,37.74674],[-89.616063,37.74604],[-89.616079,37.74562],[-89.616119,37.745024],[-89.616129,37.744879],[-89.616193,37.744283],[-89.616156,37.743708],[-89.615976,37.743274],[-89.615914,37.743124],[-89.615744,37.742725],[-89.615634,37.742681],[-89.615368,37.742534],[-89.615154,37.742384],[-89.615007,37.742281],[-89.614657,37.742],[-89.614362,37.741691],[-89.613692,37.740957],[-89.6135,37.740746],[-89.613384,37.74065],[-89.613185,37.740505],[-89.613051,37.740408],[-89.613023,37.740387],[-89.612662,37.740134],[-89.612647,37.740124],[-89.612509,37.740035],[-89.61219,37.740041],[-89.612043,37.740045],[-89.611558,37.739933],[-89.611249,37.739941],[-89.611164,37.739944],[-89.610939,37.740005],[-89.610319,37.740069],[-89.609764,37.739965],[-89.609163,37.739797],[-89.608757,37.739684],[-89.608066,37.739303],[-89.606668,37.738404],[-89.605243,37.737763],[-89.604342,37.737335],[-89.603578,37.736973],[-89.60267,37.736646],[-89.602601,37.736621],[-89.602498,37.736584],[-89.602395,37.736546],[-89.602327,37.736522],[-89.602064,37.736325],[-89.601784,37.736115],[-89.60125,37.735772],[-89.600975,37.735595],[-89.600858,37.73552],[-89.599827,37.735004],[-89.598992,37.734656],[-89.598628,37.734429],[-89.598318,37.734171],[-89.597481,37.733477],[-89.59609,37.731896],[-89.595238,37.731169],[-89.594694,37.730423],[-89.594506,37.730066],[-89.594449,37.729821],[-89.594098,37.729325],[-89.593919,37.728779],[-89.593931,37.728509],[-89.593841,37.728236],[-89.593849,37.728074],[-89.593696,37.727691],[-89.59313,37.727018],[-89.592857,37.726694],[-89.592234,37.72619],[-89.592046,37.725833],[-89.59169,37.725444],[-89.591569,37.725116],[-89.591604,37.724595],[-89.591527,37.724377],[-89.591516,37.724345],[-89.591489,37.724219],[-89.591496,37.724093],[-89.591442,37.723842],[-89.591399,37.7237],[-89.591295,37.723495],[-89.591281,37.723467],[-89.591251,37.723418],[-89.591111,37.723194],[-89.591065,37.72312],[-89.58988,37.721719],[-89.588814,37.720457],[-89.588042,37.719178],[-89.587615,37.718357],[-89.587211,37.717509],[-89.586935,37.717102],[-89.586737,37.716811],[-89.585999,37.715865],[-89.585807,37.715659],[-89.58549,37.715319],[-89.585061,37.714859],[-89.584989,37.71479],[-89.584506,37.714332],[-89.58417,37.714012],[-89.584002,37.713852],[-89.58397,37.713825],[-89.583349,37.71329],[-89.583316,37.713261],[-89.583116,37.71315],[-89.582503,37.712809],[-89.581585,37.712341],[-89.580721,37.712006],[-89.580585,37.711955],[-89.579929,37.71171],[-89.579756,37.711645],[-89.579291,37.711453],[-89.578803,37.711252],[-89.577898,37.710941],[-89.577346,37.710777],[-89.577184,37.710729],[-89.576697,37.710555],[-89.576066,37.710263],[-89.574176,37.709389],[-89.573546,37.709098],[-89.573516,37.709065],[-89.573232,37.708986],[-89.572253,37.708716],[-89.571927,37.708627],[-89.56976,37.70803],[-89.566704,37.707189],[-89.5632,37.706502],[-89.560995,37.70607],[-89.559718,37.705819],[-89.556649,37.705218],[-89.5559,37.70502],[-89.554643,37.704689],[-89.550888,37.703699],[-89.548496,37.703069],[-89.539506,37.701228],[-89.538652,37.701054],[-89.53565,37.700827],[-89.534116,37.700606],[-89.534067,37.700601],[-89.531427,37.700334],[-89.529395,37.699659],[-89.527879,37.699155],[-89.527689,37.699092],[-89.527406,37.698998],[-89.527122,37.698903],[-89.526934,37.698841],[-89.52573,37.698441],[-89.525569,37.698357],[-89.521948,37.696475],[-89.521721,37.69633],[-89.520499,37.695551],[-89.519689,37.695034],[-89.519233,37.694744],[-89.517385,37.693306],[-89.516685,37.692762],[-89.516634,37.69271],[-89.516469,37.692539],[-89.516235,37.692255],[-89.516055,37.692036],[-89.515063,37.690872],[-89.514672,37.690413],[-89.514489,37.690199],[-89.514255,37.689923],[-89.514036,37.689495],[-89.513909,37.689245],[-89.513211,37.687878],[-89.512009,37.685525],[-89.51202,37.683565],[-89.51203,37.682031],[-89.51204,37.680985],[-89.512693,37.679457],[-89.513927,37.676575],[-89.515316,37.671783],[-89.515436,37.67137],[-89.515902,37.669141],[-89.515998,37.66868],[-89.516146,37.667975],[-89.516216,37.667289],[-89.516264,37.666822],[-89.516457,37.664947],[-89.516462,37.664862],[-89.516718,37.660823],[-89.51676,37.658961],[-89.516806,37.656992],[-89.516823,37.656256],[-89.516827,37.656089],[-89.516475,37.654078],[-89.516349,37.653354],[-89.516215,37.65259],[-89.515903,37.650803],[-89.515898,37.650292],[-89.515892,37.649518],[-89.515882,37.648319],[-89.51586,37.645555],[-89.516347,37.644879],[-89.51705,37.643908],[-89.517136,37.643789],[-89.517384,37.642691],[-89.51762,37.641645],[-89.517718,37.641217],[-89.516801,37.639103],[-89.516296,37.637937],[-89.515972,37.637191],[-89.515649,37.636445],[-89.51363,37.634597],[-89.510526,37.631754],[-89.509262,37.629991],[-89.50792,37.627482],[-89.506563,37.62505],[-89.50573,37.624365],[-89.503661,37.622663],[-89.503107,37.62221],[-89.50236,37.621596],[-89.502235,37.621494],[-89.501809,37.621082],[-89.500955,37.620261],[-89.500086,37.619662],[-89.498468,37.617798],[-89.497097,37.616177],[-89.496113,37.615378],[-89.495689,37.615034],[-89.495288,37.614707],[-89.495064,37.614526],[-89.492847,37.613163],[-89.490462,37.61133],[-89.487793,37.609167],[-89.485792,37.607157],[-89.485027,37.606324],[-89.48359,37.60476],[-89.483387,37.604542],[-89.480812,37.601774],[-89.478399,37.598869],[-89.476514,37.595554],[-89.475932,37.592998],[-89.47603,37.590226],[-89.476511,37.588156],[-89.477548,37.585885],[-89.479111,37.584388],[-89.481118,37.582973],[-89.48281,37.582081],[-89.48434,37.581415],[-89.486062,37.580853],[-89.487694,37.580525],[-89.48906,37.580318],[-89.489526,37.580351],[-89.490872,37.580264],[-89.492075,37.580085],[-89.492158,37.580073],[-89.492947,37.580138],[-89.494051,37.580116],[-89.495508,37.580408],[-89.497005,37.580813],[-89.500096,37.581647],[-89.501026,37.581823],[-89.502204,37.582052],[-89.503423,37.582361],[-89.504662,37.582678],[-89.505046,37.582789],[-89.505585,37.582948],[-89.505695,37.582979],[-89.505809,37.583014],[-89.506374,37.583209],[-89.507591,37.583629],[-89.509542,37.584147],[-89.511936,37.584564],[-89.512804,37.584672],[-89.513689,37.584783],[-89.513943,37.584815],[-89.51551,37.5847],[-89.516344,37.58454],[-89.516538,37.584503],[-89.51719,37.584262],[-89.518007,37.583961],[-89.519603,37.582885],[-89.519808,37.582747],[-89.520804,37.581154],[-89.521274,37.57897],[-89.521265,37.577196],[-89.521406,37.574947],[-89.521418,37.574773],[-89.521564,37.572156],[-89.521581,37.571858],[-89.52168,37.56863],[-89.521765,37.56745],[-89.52181,37.566832],[-89.521855,37.566214],[-89.521862,37.566126],[-89.521979,37.563397],[-89.521925,37.560735],[-89.521697,37.557325],[-89.521093,37.553805],[-89.520568,37.55135],[-89.519525,37.548215],[-89.519262,37.547338],[-89.518894,37.546108],[-89.518275,37.542872],[-89.517737,37.540255],[-89.517051,37.537278],[-89.51686,37.536735],[-89.516447,37.535558],[-89.515652,37.534417],[-89.51537,37.534013],[-89.513563,37.531701],[-89.512878,37.530587],[-89.5124,37.52981],[-89.511151,37.52821],[-89.509665,37.526952],[-89.508372,37.525756],[-89.507459,37.524322],[-89.506814,37.52316],[-89.506111,37.522191],[-89.505512,37.521397],[-89.504809,37.520463],[-89.503838,37.519175],[-89.503384,37.518531],[-89.502917,37.51787],[-89.502155,37.51637],[-89.501729,37.515596],[-89.501692,37.515527],[-89.501427,37.515046],[-89.500875,37.514052],[-89.500231,37.512954],[-89.500096,37.512762],[-89.500001,37.512348],[-89.499913,37.511965],[-89.499825,37.511582],[-89.49977,37.511367],[-89.499714,37.511152],[-89.499498,37.51031],[-89.498412,37.507294],[-89.497689,37.504948],[-89.496653,37.50273],[-89.495334,37.500049],[-89.494849,37.498991],[-89.494794,37.49887],[-89.494279,37.497772],[-89.493557,37.496478],[-89.492805,37.495214],[-89.492051,37.494008],[-89.49152,37.493236],[-89.491303,37.492922],[-89.490579,37.491724],[-89.489696,37.490402],[-89.48811,37.488269],[-89.486228,37.485849],[-89.484921,37.48419],[-89.483257,37.481967],[-89.48299,37.481599],[-89.482125,37.480403],[-89.481867,37.480047],[-89.480159,37.477937],[-89.478496,37.475674],[-89.47772,37.474495],[-89.4771,37.473552],[-89.475525,37.471388],[-89.47549,37.471343],[-89.474629,37.470251],[-89.472772,37.468073],[-89.471201,37.466473],[-89.46989,37.465369],[-89.468765,37.464414],[-89.466495,37.462592],[-89.46542,37.461801],[-89.46425,37.46094],[-89.462683,37.459888],[-89.460229,37.457797],[-89.457454,37.455603],[-89.454405,37.453102],[-89.45264,37.451655],[-89.450969,37.450069],[-89.44888,37.447935],[-89.446564,37.445571],[-89.445541,37.444422],[-89.44496,37.443769],[-89.443493,37.442129],[-89.441078,37.439038],[-89.439769,37.4372],[-89.438611,37.43534],[-89.436843,37.432236],[-89.435408,37.429443],[-89.43413,37.426847],[-89.433073,37.42432],[-89.432235,37.422502],[-89.431933,37.421847],[-89.430876,37.419296],[-89.429789,37.416776],[-89.428748,37.414369],[-89.428729,37.41432],[-89.427987,37.412412],[-89.427251,37.410656],[-89.426522,37.408998],[-89.42594,37.407471],[-89.425145,37.405287],[-89.424639,37.403947],[-89.424472,37.403499],[-89.420939,37.393952],[-89.420542,37.388007],[-89.421382,37.383465],[-89.422037,37.38053],[-89.422771,37.37784],[-89.42353,37.375049],[-89.423557,37.374984],[-89.424319,37.372196],[-89.424396,37.371912],[-89.424504,37.371504],[-89.426446,37.364136],[-89.428185,37.356158],[-89.429435,37.352775],[-89.429738,37.351956],[-89.430563,37.350447],[-89.431858,37.348309],[-89.432836,37.347056],[-89.434316,37.345624],[-89.43604,37.344441],[-89.438602,37.343801],[-89.441847,37.343006],[-89.441867,37.342997],[-89.443663,37.342136],[-89.445207,37.341307],[-89.446346,37.340903],[-89.447556,37.340475],[-89.449465,37.340016],[-89.451303,37.339596],[-89.452652,37.33955],[-89.454723,37.339283],[-89.457549,37.339173],[-89.461604,37.339041],[-89.464702,37.338752],[-89.468655,37.338556],[-89.468807,37.338544],[-89.468999,37.338528],[-89.469219,37.33851],[-89.469439,37.338493],[-89.470978,37.338368],[-89.474569,37.338165],[-89.47558,37.337954],[-89.475808,37.337906],[-89.476036,37.337858],[-89.476154,37.337833],[-89.476271,37.337808],[-89.476749,37.337708],[-89.476871,37.337682],[-89.478548,37.3373],[-89.479546,37.337048],[-89.481019,37.336676],[-89.482605,37.336153],[-89.484211,37.335646],[-89.48606,37.334829],[-89.486277,37.334734],[-89.486602,37.334592],[-89.486689,37.334554],[-89.487036,37.334404],[-89.487147,37.334356],[-89.487772,37.334083],[-89.488203,37.333832],[-89.488715,37.333535],[-89.488803,37.333483],[-89.489005,37.333368],[-89.489059,37.333316],[-89.489134,37.333247],[-89.489169,37.333213],[-89.489276,37.333112],[-89.489312,37.333079],[-89.490164,37.332275],[-89.491194,37.331361],[-89.49188,37.33027],[-89.492327,37.329527],[-89.492546,37.329164],[-89.493004,37.328453],[-89.493193,37.328162],[-89.493628,37.327138],[-89.494464,37.325877],[-89.49516,37.324795],[-89.49612,37.323993],[-89.497279,37.322828],[-89.498079,37.322212],[-89.49909,37.32149],[-89.500092,37.320944],[-89.5004,37.320743],[-89.503678,37.318601],[-89.506264,37.31691],[-89.506955,37.316459],[-89.508174,37.315662],[-89.508672,37.315203],[-89.508779,37.315106],[-89.509699,37.31426],[-89.510629,37.312932],[-89.51076,37.312744],[-89.510974,37.312363],[-89.51141,37.311591],[-89.511524,37.31139],[-89.511637,37.311188],[-89.511686,37.311101],[-89.51172,37.311042],[-89.511753,37.310982],[-89.511842,37.310825],[-89.511931,37.310612],[-89.512191,37.309999],[-89.512833,37.308478],[-89.514042,37.303776],[-89.514163,37.302819],[-89.514596,37.299334],[-89.51528,37.29693],[-89.515511,37.296158],[-89.515641,37.295701],[-89.515726,37.295405],[-89.515741,37.295362],[-89.515793,37.295274],[-89.515849,37.295178],[-89.515918,37.295058],[-89.516557,37.293971],[-89.517473,37.292412],[-89.517692,37.29204],[-89.517935,37.29125],[-89.518057,37.290766],[-89.518078,37.290659],[-89.5182,37.290056],[-89.518249,37.289876],[-89.518393,37.289354],[-89.518404,37.289074],[-89.518445,37.288063],[-89.518477,37.287313],[-89.518469,37.286256],[-89.51837,37.285677],[-89.51834,37.285497],[-89.518048,37.284306],[-89.51802,37.28419],[-89.517989,37.2841],[-89.517779,37.283491],[-89.51771,37.283289],[-89.51767,37.283172],[-89.517596,37.283026],[-89.517207,37.282257],[-89.517148,37.282139],[-89.51706,37.282012],[-89.517054,37.281993],[-89.517037,37.281938],[-89.517032,37.28192],[-89.516646,37.281331],[-89.515436,37.27905],[-89.515362,37.278909],[-89.513905,37.277164],[-89.511575,37.274337],[-89.509262,37.271371],[-89.507095,37.268903],[-89.506773,37.268537],[-89.505693,37.267451],[-89.504974,37.266728],[-89.502303,37.263738],[-89.501556,37.263032],[-89.50009,37.261646],[-89.499349,37.261011],[-89.497126,37.259108],[-89.496386,37.258474],[-89.495485,37.257478],[-89.492785,37.25449],[-89.491885,37.253494],[-89.491329,37.252879],[-89.491137,37.252667],[-89.490389,37.25184],[-89.489915,37.251315],[-89.489804,37.251315],[-89.489541,37.251358],[-89.489081,37.251436],[-89.48872,37.251457],[-89.488267,37.251484],[-89.487243,37.251597],[-89.485977,37.251766],[-89.484128,37.251959],[-89.482631,37.252297],[-89.480893,37.252683],[-89.479953,37.252889],[-89.479205,37.253052],[-89.476884,37.253229],[-89.476069,37.253261],[-89.474473,37.253325],[-89.472403,37.253381],[-89.470525,37.253357],[-89.468978,37.253066],[-89.466869,37.252736],[-89.464509,37.25214],[-89.462852,37.251584],[-89.46266,37.25152],[-89.460692,37.250577],[-89.460006,37.25005],[-89.459201,37.249103],[-89.458827,37.248661],[-89.458698,37.248307],[-89.458246,37.247066],[-89.458056,37.245189],[-89.457832,37.242594],[-89.457983,37.241878],[-89.458164,37.24102],[-89.458302,37.240368],[-89.459969,37.236575],[-89.461829,37.233273],[-89.46349,37.230286],[-89.464307,37.228676],[-89.464801,37.227703],[-89.4654,37.226582],[-89.465785,37.225863],[-89.466177,37.225019],[-89.466658,37.223982],[-89.4675,37.221844],[-89.467631,37.2182],[-89.467621,37.218169],[-89.46748,37.217746],[-89.467338,37.217322],[-89.467172,37.216827],[-89.467085,37.216566],[-89.467007,37.216332],[-89.465456,37.211683],[-89.463905,37.207034],[-89.462676,37.203351],[-89.462071,37.200502],[-89.461999,37.200165],[-89.461928,37.199828],[-89.461862,37.199517],[-89.457472,37.190826],[-89.4572,37.190286],[-89.456927,37.189747],[-89.456584,37.18907],[-89.456242,37.188392],[-89.456105,37.18812],[-89.455282,37.186852],[-89.454367,37.185441],[-89.454125,37.185069],[-89.452529,37.182608],[-89.448147,37.175853],[-89.447237,37.17445],[-89.444884,37.170993],[-89.442158,37.166989],[-89.439431,37.162985],[-89.438893,37.162194],[-89.438354,37.161403],[-89.438275,37.161287],[-89.435202,37.15209],[-89.434087,37.150484],[-89.42558,37.138235],[-89.419657,37.131206],[-89.417356,37.128474],[-89.416273,37.127188],[-89.41519,37.125903],[-89.414471,37.12505],[-89.41381,37.124494],[-89.412625,37.123351],[-89.411943,37.122708],[-89.41173,37.122507],[-89.410383,37.121524],[-89.409416,37.120737],[-89.408419,37.119949],[-89.407451,37.119307],[-89.406122,37.118517],[-89.404344,37.117435],[-89.402587,37.116361],[-89.40099,37.115352],[-89.399567,37.114539],[-89.399294,37.114383],[-89.399021,37.114227],[-89.397584,37.113406],[-89.395505,37.112313],[-89.393427,37.111197],[-89.392282,37.110442],[-89.392203,37.11039],[-89.392124,37.110338],[-89.391601,37.109993],[-89.390313,37.109155],[-89.390247,37.109112],[-89.388976,37.108277],[-89.38805,37.107481],[-89.387005,37.106419],[-89.386577,37.105961],[-89.386012,37.105357],[-89.385067,37.104425],[-89.384175,37.103267],[-89.383424,37.102086],[-89.382782,37.10101],[-89.381773,37.099489],[-89.381611,37.099231],[-89.381042,37.098324],[-89.38024,37.097167],[-89.379598,37.096115],[-89.37871,37.094586],[-89.378307,37.093721],[-89.377741,37.092171],[-89.377113,37.090765],[-89.37641,37.088778],[-89.376041,37.087591],[-89.375799,37.086606],[-89.375615,37.085936],[-89.375611,37.085484],[-89.375602,37.084372],[-89.375543,37.083252],[-89.375538,37.081833],[-89.375712,37.080505],[-89.376309,37.078187],[-89.376432,37.077696],[-89.376446,37.077639],[-89.376461,37.077582],[-89.376613,37.076972],[-89.377091,37.075436],[-89.377629,37.073916],[-89.378032,37.07275],[-89.378312,37.072013],[-89.378889,37.070499],[-89.379752,37.068667],[-89.380977,37.065692],[-89.381664,37.064311],[-89.381837,37.063992],[-89.38201,37.063673],[-89.382309,37.063122],[-89.383108,37.06162],[-89.383804,37.060286],[-89.384714,37.058736],[-89.38506,37.058012],[-89.385186,37.057748],[-89.385267,37.057073],[-89.385373,37.056186],[-89.385434,37.05513],[-89.385252,37.05334],[-89.385221,37.05269],[-89.385184,37.051914],[-89.385146,37.051137],[-89.385136,37.050938],[-89.384681,37.048251],[-89.383937,37.046441],[-89.382593,37.044378],[-89.381644,37.04301],[-89.380622,37.041803],[-89.37961,37.040669],[-89.378277,37.039605],[-89.376632,37.038482],[-89.375078,37.037626],[-89.371968,37.035678],[-89.367952,37.033244],[-89.364474,37.031311],[-89.364376,37.031256],[-89.362397,37.030156],[-89.360818,37.02972],[-89.360648,37.029672],[-89.360478,37.029623],[-89.36043,37.02961],[-89.359125,37.029251],[-89.35782,37.028892],[-89.353046,37.027574],[-89.351237,37.027047],[-89.351071,37.026999],[-89.350905,37.02695],[-89.350846,37.026933],[-89.345996,37.025521],[-89.33852,37.022737],[-89.332784,37.020553],[-89.332596,37.020481],[-89.332407,37.020409],[-89.332285,37.020363],[-89.332163,37.020317],[-89.331164,37.019936],[-89.328144,37.018516],[-89.328083,37.018488],[-89.328022,37.018459],[-89.322982,37.01609],[-89.318419,37.013481],[-89.318348,37.01344],[-89.318276,37.0134],[-89.31796,37.013219],[-89.317643,37.013038],[-89.317559,37.01299],[-89.317475,37.012942],[-89.317168,37.012767],[-89.313324,37.009499],[-89.312704,37.008971],[-89.308692,37.005696],[-89.304681,37.00242],[-89.301779,37.00005],[-89.296901,36.996076],[-89.29213,36.992189],[-89.279945,36.989013],[-89.278628,36.98867],[-89.27819,36.98885],[-89.277231,36.989245],[-89.274198,36.990495],[-89.26972,36.993303],[-89.269564,36.993401],[-89.266242,36.996302],[-89.264564,36.998619],[-89.264149,36.999192],[-89.263734,36.999765],[-89.26365,36.999882],[-89.263565,36.999998],[-89.263527,37.00005],[-89.263497,37.000127],[-89.263146,37.001045],[-89.262036,37.00394],[-89.260927,37.006835],[-89.26057,37.007765],[-89.260214,37.008695],[-89.257608,37.015496],[-89.258135,37.017212],[-89.25899,37.019991],[-89.259844,37.02277],[-89.260003,37.023288],[-89.260212,37.023468],[-89.26296,37.025828],[-89.265709,37.028188],[-89.266286,37.028683],[-89.27521,37.034706],[-89.277715,37.03614],[-89.284104,37.038279],[-89.287085,37.039175],[-89.287201,37.03921],[-89.287317,37.039245],[-89.287574,37.039322],[-89.287831,37.0394],[-89.287976,37.039443],[-89.28812,37.039486],[-89.288199,37.03951],[-89.288278,37.039534],[-89.2886,37.039631],[-89.288923,37.039728],[-89.288998,37.03975],[-89.289072,37.039773],[-89.291185,37.040408],[-89.294994,37.04208],[-89.29511,37.042131],[-89.295226,37.042182],[-89.295372,37.042246],[-89.295524,37.042313],[-89.296174,37.042598],[-89.296806,37.042876],[-89.296953,37.042944],[-89.2971,37.043011],[-89.29723,37.043071],[-89.29736,37.043131],[-89.297496,37.043194],[-89.297633,37.043257],[-89.297775,37.043322],[-89.297917,37.043388],[-89.301368,37.044982],[-89.304752,37.047565],[-89.307174,37.05019],[-89.307397,37.050432],[-89.309069,37.053216],[-89.309401,37.053769],[-89.310396,37.055941],[-89.310819,37.057897],[-89.309487,37.063413],[-89.309119,37.064939],[-89.30875,37.066465],[-89.30829,37.068371],[-89.307726,37.069654],[-89.307598,37.069627],[-89.306429,37.069382],[-89.30526,37.06914],[-89.305238,37.069135],[-89.305115,37.069138],[-89.304324,37.069158],[-89.302068,37.06886],[-89.300182,37.068699],[-89.300072,37.068665],[-89.29984,37.068595],[-89.299594,37.068521],[-89.299267,37.068422],[-89.298956,37.068328],[-89.298897,37.068309],[-89.294015,37.067343],[-89.293987,37.067342],[-89.283668,37.066733],[-89.283473,37.065809],[-89.281577,37.06567],[-89.280362,37.065222],[-89.264479,37.064813],[-89.261671,37.064097],[-89.259935,37.06407],[-89.259308,37.064731],[-89.259458,37.065194],[-89.259482,37.065274],[-89.259347,37.065442],[-89.259293,37.065534],[-89.259195,37.065635],[-89.258991,37.065964],[-89.258928,37.066118],[-89.258411,37.066867],[-89.258367,37.066922],[-89.258052,37.06727],[-89.257976,37.067389],[-89.257956,37.067453],[-89.257502,37.068083],[-89.257471,37.068174],[-89.257405,37.06822],[-89.257362,37.068275],[-89.257342,37.068366],[-89.257299,37.06843],[-89.257017,37.068795],[-89.256952,37.068869],[-89.256758,37.069161],[-89.256715,37.069216],[-89.256551,37.069371],[-89.256497,37.069463],[-89.256457,37.069494],[-89.256517,37.069482],[-89.255906,37.070459],[-89.255361,37.071327],[-89.255345,37.071353],[-89.255333,37.071371],[-89.25493,37.072014],[-89.253394,37.069742],[-89.253351,37.069678],[-89.253308,37.069615],[-89.252345,37.068188],[-89.251382,37.066762],[-89.250076,37.064833],[-89.250053,37.064792],[-89.249474,37.063735],[-89.247826,37.061213],[-89.246831,37.059599],[-89.245648,37.057783],[-89.244351,37.055328],[-89.242854,37.051983],[-89.241037,37.04854],[-89.239374,37.044807],[-89.238253,37.042853],[-89.237111,37.041012],[-89.235895,37.039482],[-89.235518,37.039007],[-89.234053,37.037277],[-89.232257,37.035681],[-89.229621,37.034036],[-89.22939,37.033892],[-89.227632,37.032442],[-89.225482,37.031077],[-89.222104,37.029211],[-89.219185,37.027695],[-89.216553,37.026526],[-89.216218,37.026378],[-89.215673,37.026136],[-89.215483,37.02602],[-89.213691,37.024922],[-89.212147,37.024087],[-89.211393,37.023679],[-89.211266,37.023609],[-89.210677,37.023283],[-89.209736,37.022763],[-89.206187,37.0205],[-89.205053,37.020057],[-89.20408,37.019347],[-89.203408,37.018856],[-89.202099,37.017651],[-89.202006,37.017545],[-89.200793,37.016164],[-89.199808,37.014583],[-89.199125,37.013104],[-89.199081,37.013007],[-89.198994,37.01282],[-89.198908,37.012633],[-89.198488,37.011723],[-89.197572,37.008698],[-89.19755,37.008627],[-89.197529,37.008555],[-89.197397,37.008119],[-89.197265,37.007683],[-89.196476,37.004989],[-89.195328,37.001072],[-89.195029,37.000051],[-89.195028,37.0],[-89.195008,36.998837],[-89.195018,36.998634],[-89.195279,36.993407],[-89.195086,36.990488],[-89.195062,36.990128],[-89.195039,36.989768],[-89.194942,36.98935],[-89.194845,36.988932],[-89.194817,36.988811],[-89.194789,36.98869],[-89.194087,36.985659],[-89.192552,36.981291],[-89.192097,36.979995],[-89.190979,36.978899],[-89.185491,36.973518],[-89.177235,36.970885],[-89.173959,36.970618],[-89.173301,36.970565],[-89.173004,36.970541],[-89.17264,36.970511],[-89.170009,36.970298],[-89.168478,36.970757],[-89.161776,36.972765],[-89.161654,36.972817],[-89.15935,36.973813],[-89.157047,36.97481],[-89.15566,36.975411],[-89.154734,36.975767],[-89.154144,36.975994],[-89.153571,36.976215],[-89.149882,36.977636],[-89.148826,36.97791],[-89.148161,36.978082],[-89.147497,36.978255],[-89.147483,36.978258],[-89.14695,36.97836],[-89.146412,36.978457],[-89.146007,36.978535],[-89.14574,36.978593],[-89.145385,36.978662],[-89.144469,36.978837],[-89.142059,36.978887],[-89.141562,36.978897],[-89.139918,36.979343],[-89.138006,36.979862],[-89.136093,36.980381],[-89.132915,36.982057],[-89.136559,36.983758],[-89.140864,36.986138],[-89.143969,36.987966],[-89.147161,36.990033],[-89.148688,36.991095],[-89.1496,36.991729],[-89.150862,36.992638],[-89.154449,36.995168],[-89.155924,36.996179],[-89.157392,36.99721],[-89.159311,36.998481],[-89.160322,36.999158],[-89.161028,36.999684],[-89.161486,37.000065],[-89.161858,37.000389],[-89.1624,37.000788],[-89.163038,37.001305],[-89.163777,37.001865],[-89.164397,37.002322],[-89.165332,37.003014],[-89.166158,37.003653],[-89.166301,37.003772],[-89.166961,37.004324],[-89.168041,37.005321],[-89.168503,37.005748],[-89.170173,37.007067],[-89.171005,37.008154],[-89.171088,37.008267],[-89.171116,37.00838],[-89.171134,37.008451],[-89.171143,37.008486],[-89.171146,37.008561],[-89.171166,37.008688],[-89.1712,37.008797],[-89.171294,37.008986],[-89.171317,37.009061],[-89.171362,37.009139],[-89.171437,37.009217],[-89.171542,37.009328],[-89.171651,37.00945],[-89.171739,37.009547],[-89.171857,37.009678],[-89.171974,37.009803],[-89.172069,37.009913],[-89.172084,37.009929],[-89.172188,37.010033],[-89.172265,37.010121],[-89.172367,37.010237],[-89.172369,37.010273],[-89.172373,37.010309],[-89.17238,37.01034],[-89.172379,37.010365],[-89.17238,37.010393],[-89.172386,37.010453],[-89.172404,37.01052],[-89.172423,37.010565],[-89.172443,37.010602],[-89.17245,37.010612],[-89.172474,37.010649],[-89.172507,37.010691],[-89.172545,37.01073],[-89.172553,37.010737],[-89.172613,37.010795],[-89.172685,37.010866],[-89.172754,37.010936],[-89.172765,37.010947],[-89.172848,37.011024],[-89.172946,37.011111],[-89.173017,37.011182],[-89.173109,37.011272],[-89.173199,37.011357],[-89.173294,37.011445],[-89.173305,37.011454],[-89.173352,37.011495],[-89.173367,37.011543],[-89.173394,37.0116],[-89.173414,37.011634],[-89.173451,37.011688],[-89.173494,37.011757],[-89.17353,37.011812],[-89.173558,37.011864],[-89.173592,37.011931],[-89.173627,37.012002],[-89.173636,37.012019],[-89.173685,37.012101],[-89.173728,37.012182],[-89.17377,37.012257],[-89.173781,37.012273],[-89.173826,37.012341],[-89.173855,37.012383],[-89.173886,37.012443],[-89.173919,37.012515],[-89.173931,37.012537],[-89.17397,37.012603],[-89.173975,37.012612],[-89.174007,37.012661],[-89.174019,37.012679],[-89.174054,37.012725],[-89.17406,37.012733],[-89.174079,37.012756],[-89.174091,37.012775],[-89.174098,37.012803],[-89.174104,37.012831],[-89.174126,37.012893],[-89.174144,37.012927],[-89.17417,37.012966],[-89.174206,37.013004],[-89.174249,37.013037],[-89.174259,37.013042],[-89.174272,37.013071],[-89.17431,37.013163],[-89.17432,37.013186],[-89.174367,37.013274],[-89.174373,37.013285],[-89.174439,37.013395],[-89.174491,37.013486],[-89.174532,37.013566],[-89.174548,37.013593],[-89.174621,37.0137],[-89.174706,37.013838],[-89.174779,37.01395],[-89.174845,37.014059],[-89.174899,37.014141],[-89.17495,37.014248],[-89.174965,37.014295],[-89.174974,37.014352],[-89.174984,37.014392],[-89.175005,37.014453],[-89.175024,37.014513],[-89.175039,37.014575],[-89.175046,37.014598],[-89.175062,37.01465],[-89.175054,37.014689],[-89.175048,37.014727],[-89.175046,37.014786],[-89.175048,37.014811],[-89.175055,37.014846],[-89.175072,37.014891],[-89.175097,37.014931],[-89.175108,37.014945],[-89.175116,37.014955],[-89.175137,37.01498],[-89.175193,37.015032],[-89.17522,37.015052],[-89.175241,37.015067],[-89.175253,37.015081],[-89.175266,37.015098],[-89.175289,37.015138],[-89.175298,37.015152],[-89.175321,37.015187],[-89.175341,37.015226],[-89.175361,37.015258],[-89.175389,37.015298],[-89.175407,37.015321],[-89.175417,37.015336],[-89.17543,37.015354],[-89.175456,37.015388],[-89.175487,37.015438],[-89.175523,37.015496],[-89.175545,37.015542],[-89.175555,37.01556],[-89.175606,37.015647],[-89.175644,37.015718],[-89.175669,37.015767],[-89.175682,37.015797],[-89.175689,37.015812],[-89.175716,37.015855],[-89.175752,37.015893],[-89.175779,37.015918],[-89.175796,37.015984],[-89.175802,37.016004],[-89.175826,37.016072],[-89.175833,37.016089],[-89.175845,37.016118],[-89.175856,37.01616],[-89.17588,37.016219],[-89.175926,37.016302],[-89.175985,37.016373],[-89.176014,37.016399],[-89.176076,37.016426],[-89.176175,37.016461],[-89.176331,37.016547],[-89.176501,37.016675],[-89.176623,37.01681],[-89.176731,37.016933],[-89.177088,37.017668],[-89.17711,37.017709],[-89.177372,37.018213],[-89.177678,37.018704],[-89.177985,37.0192],[-89.178083,37.019346],[-89.178087,37.019411],[-89.17809,37.019476],[-89.178087,37.019568],[-89.178064,37.019714],[-89.178047,37.019801],[-89.178046,37.019873],[-89.178061,37.019934],[-89.178082,37.019978],[-89.17809,37.019993],[-89.178116,37.020038],[-89.178136,37.020075],[-89.178154,37.020103],[-89.178179,37.020139],[-89.178188,37.02015],[-89.178215,37.020185],[-89.178226,37.020199],[-89.178246,37.020221],[-89.178259,37.02024],[-89.178277,37.020269],[-89.178289,37.020287],[-89.178293,37.020298],[-89.178295,37.020312],[-89.178298,37.020356],[-89.178298,37.020408],[-89.178297,37.02046],[-89.178298,37.020497],[-89.178302,37.020524],[-89.178325,37.020596],[-89.178342,37.020631],[-89.178367,37.020671],[-89.178392,37.020705],[-89.178418,37.020734],[-89.178455,37.020771],[-89.178471,37.020786],[-89.178531,37.020837],[-89.178564,37.020862],[-89.178611,37.020894],[-89.178633,37.020911],[-89.178651,37.020932],[-89.178685,37.020977],[-89.178704,37.021008],[-89.178711,37.021026],[-89.178723,37.021063],[-89.178734,37.021101],[-89.178749,37.021142],[-89.178775,37.021194],[-89.178805,37.021253],[-89.178842,37.021324],[-89.178862,37.021355],[-89.178902,37.021411],[-89.178911,37.021423],[-89.178949,37.02147],[-89.178964,37.021487],[-89.17903,37.021533],[-89.179122,37.021592],[-89.179216,37.021677],[-89.179305,37.021772],[-89.17935,37.021807],[-89.179541,37.022288],[-89.179584,37.022385],[-89.180151,37.023715],[-89.180139,37.023764],[-89.180131,37.023807],[-89.180125,37.023867],[-89.180134,37.023938],[-89.180136,37.023948],[-89.180154,37.024016],[-89.180157,37.024026],[-89.180176,37.024088],[-89.180193,37.024136],[-89.180207,37.02417],[-89.180231,37.024216],[-89.180256,37.024278],[-89.180266,37.024298],[-89.180302,37.024367],[-89.180328,37.02443],[-89.180337,37.024451],[-89.180344,37.024511],[-89.180347,37.024551],[-89.180346,37.024609],[-89.180346,37.02463],[-89.180349,37.024671],[-89.18035,37.024681],[-89.180355,37.024719],[-89.180358,37.02477],[-89.180363,37.0248],[-89.180375,37.024858],[-89.180379,37.024873],[-89.180397,37.024937],[-89.180416,37.025005],[-89.180427,37.025054],[-89.180438,37.025098],[-89.180445,37.025142],[-89.180446,37.025152],[-89.180455,37.025192],[-89.18046,37.025239],[-89.180462,37.025255],[-89.180471,37.025302],[-89.180487,37.025327],[-89.180511,37.025351],[-89.180542,37.025376],[-89.180575,37.0254],[-89.180598,37.025423],[-89.180649,37.025464],[-89.180685,37.0255],[-89.18071,37.02553],[-89.180733,37.025555],[-89.180752,37.025587],[-89.180779,37.025639],[-89.180873,37.026067],[-89.18088,37.026105],[-89.180997,37.026754],[-89.181039,37.027],[-89.181132,37.02754],[-89.181249,37.02824],[-89.181327,37.028947],[-89.181377,37.029704],[-89.181411,37.030289],[-89.181415,37.030518],[-89.181423,37.031072],[-89.181482,37.031866],[-89.181512,37.032352],[-89.181613,37.033052],[-89.181704,37.033524],[-89.181851,37.034229],[-89.182042,37.035044],[-89.182278,37.036012],[-89.182355,37.036396],[-89.182352,37.036428],[-89.182338,37.036475],[-89.182319,37.036532],[-89.182312,37.036599],[-89.182319,37.036636],[-89.182328,37.036667],[-89.182344,37.03671],[-89.182353,37.036741],[-89.182345,37.036782],[-89.182342,37.036855],[-89.182349,37.03691],[-89.182353,37.036949],[-89.182359,37.037006],[-89.182367,37.037093],[-89.182377,37.037187],[-89.182384,37.037257],[-89.182386,37.037355],[-89.18239,37.03743],[-89.182392,37.037455],[-89.182395,37.037477],[-89.182392,37.037514],[-89.182395,37.03762],[-89.182393,37.037717],[-89.182389,37.037809],[-89.182387,37.037936],[-89.182383,37.038046],[-89.182381,37.038112],[-89.182375,37.03818],[-89.182367,37.038245],[-89.182363,37.038303],[-89.182346,37.038398],[-89.182328,37.038505],[-89.182326,37.038523],[-89.182318,37.038603],[-89.182318,37.038642],[-89.182323,37.038698],[-89.182339,37.038763],[-89.182358,37.038811],[-89.182377,37.038848],[-89.182399,37.038879],[-89.182406,37.038899],[-89.182427,37.038959],[-89.182445,37.03903],[-89.182458,37.039074],[-89.182466,37.039118],[-89.182467,37.039164],[-89.18235,37.039803],[-89.182186,37.040591],[-89.182025,37.041286],[-89.181879,37.042142],[-89.181783,37.043076],[-89.181748,37.043496],[-89.181603,37.044197],[-89.181487,37.044688],[-89.181418,37.045029],[-89.18135,37.045395],[-89.181346,37.045815],[-89.181351,37.045934],[-89.181323,37.045979],[-89.18128,37.046027],[-89.181249,37.046081],[-89.181222,37.04614],[-89.181206,37.046175],[-89.181198,37.046202],[-89.181171,37.046275],[-89.181157,37.046334],[-89.181141,37.046399],[-89.181129,37.046455],[-89.181115,37.046514],[-89.181098,37.046581],[-89.181079,37.046642],[-89.181074,37.046659],[-89.181066,37.046693],[-89.181055,37.04672],[-89.181047,37.046747],[-89.181037,37.046785],[-89.18103,37.046826],[-89.181027,37.046877],[-89.181023,37.046926],[-89.181019,37.046952],[-89.181011,37.04697],[-89.180994,37.047],[-89.180966,37.047079],[-89.180963,37.047099],[-89.180953,37.047137],[-89.180936,37.047191],[-89.180929,37.047217],[-89.180912,37.047304],[-89.180891,37.047401],[-89.180862,37.047501],[-89.180859,37.047512],[-89.180835,37.04761],[-89.180817,37.047686],[-89.18079,37.047774],[-89.180786,37.047788],[-89.180767,37.047868],[-89.180748,37.047944],[-89.180728,37.048005],[-89.180702,37.048078],[-89.180693,37.048112],[-89.180679,37.048184],[-89.180678,37.048195],[-89.180672,37.048236],[-89.18066,37.048293],[-89.180637,37.048365],[-89.180628,37.048402],[-89.180616,37.048486],[-89.180608,37.048556],[-89.180597,37.048631],[-89.180581,37.048676],[-89.180572,37.048689],[-89.180549,37.048725],[-89.180526,37.048769],[-89.180497,37.048825],[-89.180475,37.048886],[-89.180467,37.048924],[-89.180463,37.048946],[-89.180454,37.048991],[-89.180434,37.049059],[-89.180411,37.049138],[-89.180395,37.049185],[-89.180383,37.049254],[-89.180382,37.049291],[-89.180386,37.049336],[-89.180386,37.049364],[-89.180378,37.049376],[-89.180356,37.049412],[-89.18033,37.049469],[-89.180321,37.049497],[-89.180312,37.04954],[-89.180309,37.049567],[-89.180308,37.04958],[-89.180307,37.049617],[-89.180306,37.049633],[-89.180308,37.049684],[-89.180308,37.049749],[-89.180306,37.049786],[-89.180302,37.049803],[-89.180293,37.049828],[-89.180275,37.04986],[-89.180262,37.049884],[-89.180234,37.049947],[-89.180205,37.050003],[-89.180199,37.050015],[-89.180167,37.050086],[-89.180137,37.050152],[-89.180127,37.050177],[-89.180109,37.050233],[-89.180099,37.050273],[-89.180093,37.050318],[-89.180056,37.050371],[-89.180043,37.050397],[-89.180021,37.050467],[-89.180016,37.050503],[-89.180012,37.050525],[-89.179989,37.050583],[-89.179981,37.050606],[-89.17996,37.050682],[-89.17993,37.050746],[-89.179914,37.050795],[-89.179896,37.050877],[-89.179883,37.050956],[-89.179879,37.050991],[-89.179878,37.051065],[-89.179876,37.051137],[-89.179868,37.051255],[-89.179864,37.051382],[-89.179857,37.051463],[-89.179853,37.051474],[-89.179828,37.051519],[-89.179799,37.051568],[-89.179768,37.051608],[-89.179748,37.051634],[-89.17973,37.05166],[-89.179707,37.051699],[-89.179675,37.051752],[-89.179669,37.051763],[-89.179625,37.051845],[-89.179613,37.051871],[-89.179578,37.051961],[-89.179548,37.052044],[-89.179544,37.052058],[-89.179524,37.052127],[-89.179504,37.052195],[-89.179487,37.052264],[-89.179485,37.052274],[-89.179472,37.052337],[-89.17947,37.05235],[-89.179459,37.052424],[-89.179457,37.052445],[-89.179455,37.052492],[-89.179449,37.052545],[-89.179448,37.052579],[-89.179451,37.052641],[-89.179453,37.052682],[-89.179447,37.052708],[-89.179429,37.052755],[-89.179424,37.052771],[-89.179399,37.052851],[-89.179396,37.052861],[-89.179378,37.052928],[-89.179372,37.052962],[-89.179368,37.052998],[-89.179375,37.053079],[-89.179379,37.053095],[-89.179384,37.053114],[-89.179386,37.053129],[-89.179385,37.053162],[-89.17939,37.053193],[-89.179391,37.053218],[-89.179385,37.053248],[-89.17925,37.053554],[-89.178958,37.054247],[-89.178854,37.054664],[-89.178801,37.054976],[-89.177857,37.057796],[-89.177359,37.058803],[-89.175315,37.06294],[-89.174708,37.063733],[-89.174471,37.064062],[-89.174269,37.064324],[-89.17415,37.064561],[-89.174072,37.064896],[-89.174005,37.065298],[-89.173891,37.065715],[-89.173865,37.066116],[-89.173825,37.066308],[-89.172955,37.067208],[-89.172081,37.06831],[-89.167355,37.075041],[-89.167079,37.075409],[-89.165111,37.077653],[-89.161641,37.081227],[-89.15814,37.085241],[-89.156599,37.086841],[-89.155655,37.087729],[-89.155489,37.087784],[-89.155376,37.087808],[-89.155303,37.087827],[-89.15523,37.087845],[-89.155143,37.087884],[-89.15507,37.087929],[-89.155017,37.087957],[-89.154986,37.087978],[-89.154907,37.088029],[-89.154828,37.088102],[-89.154761,37.08816],[-89.15467,37.088236],[-89.154599,37.088299],[-89.154526,37.088363],[-89.154462,37.088414],[-89.154356,37.088497],[-89.154291,37.088552],[-89.154233,37.0886],[-89.154163,37.088656],[-89.154104,37.088707],[-89.154044,37.088753],[-89.153984,37.088798],[-89.153918,37.088845],[-89.153862,37.088881],[-89.153836,37.088899],[-89.153767,37.088953],[-89.153701,37.089006],[-89.153691,37.089015],[-89.153667,37.089036],[-89.153631,37.089058],[-89.153535,37.089116],[-89.153409,37.0892],[-89.15328,37.089283],[-89.153135,37.089379],[-89.153121,37.089388],[-89.152993,37.089483],[-89.152851,37.089592],[-89.152832,37.089608],[-89.15271,37.089714],[-89.152593,37.089807],[-89.152507,37.08988],[-89.152497,37.089889],[-89.152486,37.08991],[-89.152466,37.089955],[-89.152451,37.090001],[-89.152438,37.090035],[-89.152422,37.090062],[-89.152414,37.090077],[-89.152401,37.090087],[-89.151964,37.09032],[-89.151542,37.090525],[-89.151487,37.090554],[-89.151337,37.090588],[-89.151213,37.090611],[-89.151113,37.090607],[-89.151027,37.090579],[-89.150981,37.090553],[-89.150924,37.09052],[-89.150911,37.09041],[-89.150936,37.09028],[-89.151033,37.090042],[-89.151238,37.089623],[-89.1514,37.089286],[-89.15144,37.089167],[-89.151435,37.089149],[-89.15142,37.089132],[-89.151407,37.089022],[-89.151373,37.088994],[-89.151298,37.088995],[-89.14967,37.090013],[-89.149514,37.090111],[-89.149466,37.090166],[-89.148229,37.091229],[-89.147971,37.09129],[-89.147752,37.091226],[-89.147637,37.091141],[-89.147494,37.090952],[-89.147342,37.090739],[-89.147267,37.09072],[-89.147027,37.090654],[-89.146495,37.090819],[-89.146485,37.090827],[-89.146442,37.090843],[-89.146228,37.090925],[-89.14607,37.091004],[-89.146167,37.091065],[-89.149522,37.093067],[-89.149752,37.093204],[-89.150432,37.09361],[-89.150582,37.093699],[-89.150553,37.09376],[-89.150189,37.094826],[-89.149652,37.09607],[-89.14919,37.09688],[-89.148902,37.097518],[-89.148694,37.097832],[-89.148177,37.098417],[-89.14746,37.098906],[-89.146718,37.099061],[-89.145995,37.099105],[-89.14491,37.099076],[-89.144325,37.099027],[-89.14385,37.098912],[-89.143569,37.098942],[-89.142852,37.099019],[-89.140456,37.100343],[-89.135263,37.103208],[-89.135141,37.103275],[-89.135069,37.10334],[-89.13447,37.103721],[-89.133683,37.1042],[-89.132453,37.104765],[-89.131678,37.105176],[-89.130852,37.10565],[-89.129972,37.106101],[-89.128585,37.106955],[-89.127543,37.107589],[-89.126737,37.107982],[-89.12585,37.108476],[-89.125628,37.10863],[-89.125125,37.109053],[-89.124761,37.109403],[-89.124239,37.109764],[-89.123087,37.110589],[-89.122413,37.111098],[-89.121987,37.111514],[-89.121749,37.11184],[-89.121599,37.112057],[-89.121276,37.112555],[-89.121108,37.112794],[-89.120989,37.112962],[-89.120573,37.113458],[-89.119945,37.114122],[-89.119633,37.114429],[-89.11915,37.114916],[-89.118429,37.115575],[-89.117911,37.116015],[-89.117084,37.116671],[-89.116097,37.117476],[-89.115455,37.117973],[-89.115009,37.118384],[-89.114767,37.11862],[-89.114551,37.118839],[-89.114253,37.11915],[-89.114007,37.119439],[-89.11383,37.119657],[-89.113642,37.119902],[-89.11341,37.120217],[-89.113023,37.12061],[-89.112793,37.120819],[-89.112542,37.120991],[-89.112211,37.121171],[-89.111841,37.121351],[-89.111679,37.121452],[-89.111498,37.121563],[-89.111214,37.121736],[-89.110864,37.121948],[-89.11069,37.122049],[-89.110496,37.122182],[-89.110305,37.122352],[-89.110179,37.12251],[-89.10988,37.1228],[-89.10975,37.122873],[-89.1095,37.123093],[-89.109285,37.123365],[-89.108998,37.123753],[-89.108725,37.124129],[-89.108543,37.124399],[-89.108503,37.12452],[-89.108478,37.124577],[-89.10833,37.124841],[-89.108252,37.12506],[-89.108122,37.125297],[-89.108118,37.125313],[-89.10793,37.125523],[-89.107728,37.125773],[-89.107507,37.126067],[-89.107339,37.126241],[-89.107084,37.126552],[-89.106942,37.126735],[-89.106828,37.126886],[-89.106654,37.127157],[-89.106548,37.127355],[-89.106395,37.127678],[-89.10615,37.128137],[-89.106016,37.128331],[-89.105844,37.128701],[-89.105692,37.128995],[-89.105552,37.129272],[-89.105399,37.129511],[-89.105286,37.129705],[-89.105098,37.129981],[-89.104817,37.130344],[-89.104789,37.130381],[-89.10472,37.13048],[-89.104666,37.130551],[-89.104542,37.130732],[-89.104287,37.131075],[-89.104181,37.131275],[-89.103952,37.131547],[-89.103799,37.131809],[-89.103592,37.132123],[-89.103472,37.132385],[-89.103334,37.132682],[-89.103211,37.133153],[-89.103092,37.133423],[-89.10301,37.133743],[-89.102954,37.134091],[-89.102828,37.134345],[-89.102696,37.134649],[-89.102597,37.134877],[-89.102459,37.135197],[-89.10234,37.135474],[-89.102201,37.135739],[-89.102049,37.136116],[-89.101923,37.136315],[-89.10173,37.136674],[-89.101569,37.136918],[-89.101396,37.137218],[-89.101237,37.13749],[-89.101022,37.137789],[-89.100902,37.138012],[-89.100727,37.138228],[-89.100513,37.138555],[-89.100359,37.138738],[-89.10017,37.138971],[-89.099404,37.139895],[-89.099225,37.140128],[-89.099011,37.140406],[-89.099005,37.140805],[-89.099067,37.141032],[-89.09899,37.141202],[-89.098477,37.142385],[-89.097799,37.143849],[-89.097364,37.14472],[-89.09735,37.14475],[-89.096646,37.146219],[-89.096589,37.146407],[-89.096078,37.148953],[-89.095694,37.150514],[-89.095401,37.151177],[-89.09368,37.155074],[-89.093526,37.155345],[-89.093301,37.155766],[-89.093073,37.156137],[-89.092949,37.156437],[-89.092755,37.156763],[-89.092499,37.157085],[-89.092252,37.157445],[-89.092101,37.15764],[-89.091916,37.157879],[-89.091701,37.158185],[-89.091197,37.158807],[-89.090909,37.159195],[-89.090506,37.159734],[-89.089855,37.160626],[-89.089661,37.160871],[-89.089405,37.161189],[-89.089238,37.161482],[-89.089085,37.161741],[-89.088851,37.16212],[-89.088818,37.162174],[-89.088652,37.162518],[-89.088371,37.162924],[-89.088136,37.163257],[-89.08795,37.163571],[-89.087669,37.164011],[-89.087435,37.164409],[-89.087296,37.164664],[-89.087143,37.16493],[-89.086914,37.165207],[-89.086712,37.165451],[-89.086509,37.165635],[-89.086243,37.165771],[-89.085869,37.166011],[-89.08553,37.166297],[-89.085213,37.166543],[-89.084853,37.166823],[-89.084515,37.167117],[-89.084067,37.167504],[-89.083797,37.167758],[-89.083662,37.167872],[-89.08352,37.167993],[-89.083149,37.16839],[-89.082866,37.16875],[-89.082678,37.168977],[-89.082388,37.1693],[-89.082125,37.169561],[-89.081894,37.169773],[-89.081686,37.169959],[-89.081313,37.170258],[-89.08103,37.170572],[-89.080712,37.170893],[-89.080408,37.171189],[-89.080131,37.171489],[-89.08007,37.171546],[-89.079964,37.17161],[-89.079891,37.171642],[-89.079801,37.171706],[-89.079696,37.171742],[-89.079605,37.171762],[-89.07951,37.171773],[-89.079419,37.171788],[-89.079324,37.171799],[-89.079215,37.171835],[-89.079121,37.171867],[-89.079043,37.171916],[-89.079028,37.171934],[-89.078968,37.172017],[-89.078932,37.172065],[-89.078889,37.172105],[-89.078877,37.172118],[-89.078824,37.172174],[-89.078795,37.172203],[-89.078767,37.172222],[-89.078757,37.17223],[-89.078709,37.172265],[-89.078671,37.172298],[-89.078629,37.172341],[-89.078608,37.172366],[-89.078571,37.172414],[-89.078563,37.172426],[-89.078512,37.1725],[-89.078498,37.172523],[-89.078471,37.172573],[-89.078454,37.172595],[-89.078438,37.17261],[-89.078392,37.172647],[-89.078372,37.172665],[-89.07829,37.172745],[-89.078213,37.172822],[-89.078204,37.172832],[-89.078129,37.172915],[-89.078066,37.172982],[-89.078036,37.173015],[-89.078008,37.173031],[-89.077964,37.173057],[-89.077931,37.17308],[-89.077894,37.173108],[-89.077866,37.173132],[-89.077832,37.173165],[-89.077783,37.173229],[-89.077776,37.173315],[-89.077792,37.173361],[-89.077806,37.173426],[-89.077805,37.173479],[-89.077782,37.173536],[-89.077773,37.173555],[-89.077362,37.173876],[-89.076886,37.174349],[-89.076858,37.174354],[-89.076814,37.174368],[-89.076759,37.174377],[-89.076713,37.17439],[-89.076686,37.174405],[-89.076653,37.174434],[-89.076615,37.174488],[-89.076593,37.174526],[-89.076574,37.174567],[-89.076563,37.174581],[-89.076531,37.174623],[-89.076504,37.17466],[-89.076489,37.174683],[-89.076465,37.174724],[-89.076458,37.174737],[-89.076438,37.174743],[-89.076382,37.174765],[-89.07633,37.174798],[-89.076315,37.174809],[-89.076291,37.174824],[-89.076279,37.174831],[-89.076251,37.174851],[-89.07621,37.174886],[-89.076178,37.174926],[-89.076154,37.17497],[-89.076128,37.175009],[-89.0761,37.17503],[-89.076007,37.175058],[-89.075922,37.17509],[-89.075861,37.175108],[-89.075799,37.175144],[-89.075762,37.175174],[-89.075727,37.1752],[-89.075718,37.175208],[-89.075686,37.175233],[-89.075672,37.175244],[-89.075631,37.175281],[-89.075597,37.175311],[-89.075587,37.175319],[-89.075547,37.175357],[-89.075538,37.175366],[-89.075503,37.175402],[-89.075479,37.175424],[-89.07543,37.17546],[-89.075392,37.175494],[-89.075357,37.175518],[-89.075314,37.175561],[-89.075306,37.175569],[-89.075269,37.175609],[-89.07525,37.175627],[-89.075214,37.175654],[-89.075153,37.175696],[-89.07514,37.175705],[-89.075104,37.175733],[-89.075051,37.175761],[-89.075,37.175795],[-89.074925,37.175855],[-89.074915,37.175863],[-89.074852,37.175918],[-89.074828,37.17594],[-89.074783,37.175989],[-89.074772,37.176001],[-89.074748,37.17602],[-89.074715,37.176051],[-89.074686,37.176091],[-89.074659,37.176132],[-89.074645,37.176158],[-89.074634,37.176189],[-89.074614,37.176217],[-89.074577,37.176254],[-89.074366,37.176392],[-89.073211,37.177002],[-89.072489,37.177562],[-89.072043,37.177989],[-89.071628,37.178479],[-89.071141,37.178924],[-89.07061,37.179314],[-89.064429,37.183863],[-89.064278,37.183978],[-89.062721,37.185178],[-89.059099,37.187967],[-89.058725,37.188172],[-89.058493,37.188289],[-89.058462,37.188307],[-89.058252,37.188441],[-89.05823,37.188457],[-89.058059,37.188586],[-89.057936,37.188672],[-89.057915,37.188688],[-89.057776,37.188802],[-89.057687,37.188857],[-89.057627,37.188904],[-89.057586,37.188947],[-89.057559,37.188959],[-89.057527,37.188978],[-89.056529,37.18973],[-89.055333,37.190782],[-89.053678,37.192239],[-89.052401,37.193422],[-89.052048,37.1937],[-89.051849,37.193848],[-89.051831,37.193862],[-89.051684,37.193989],[-89.051524,37.194095],[-89.051497,37.194115],[-89.051345,37.19424],[-89.051202,37.194329],[-89.051134,37.194385],[-89.051096,37.194426],[-89.051037,37.194468],[-89.050988,37.194502],[-89.050957,37.194527],[-89.050896,37.194583],[-89.050877,37.194602],[-89.050821,37.194664],[-89.050775,37.19471],[-89.050719,37.194756],[-89.050694,37.194779],[-89.050644,37.194831],[-89.050616,37.194847],[-89.050587,37.194866],[-89.050546,37.194901],[-89.050528,37.194921],[-89.050493,37.194965],[-89.050463,37.19499],[-89.050438,37.195013],[-89.050369,37.195084],[-89.050314,37.195129],[-89.050275,37.195167],[-89.050224,37.195228],[-89.050121,37.195328],[-89.050041,37.195405],[-89.049951,37.19549],[-89.049871,37.195561],[-89.049788,37.19563],[-89.049691,37.195715],[-89.049665,37.195741],[-89.049621,37.195791],[-89.049537,37.195869],[-89.049484,37.195913],[-89.049462,37.195933],[-89.049378,37.196017],[-89.049345,37.196044],[-89.049292,37.196074],[-89.049248,37.196102],[-89.049147,37.19618],[-89.049039,37.196254],[-89.04891,37.196334],[-89.048824,37.196392],[-89.048799,37.19641],[-89.04861,37.196566],[-89.048572,37.196604],[-89.048534,37.196649],[-89.048469,37.196711],[-89.048457,37.196724],[-89.048275,37.196924],[-89.048265,37.196937],[-89.048211,37.197003],[-89.048195,37.197024],[-89.048159,37.197067],[-89.046131,37.198748],[-89.043716,37.200798],[-89.042642,37.201701],[-89.041344,37.20272],[-89.040985,37.203002],[-89.040808,37.203114],[-89.03968,37.203392],[-89.039064,37.203443],[-89.038582,37.203498],[-89.038367,37.203553],[-89.038039,37.203666],[-89.037961,37.203705],[-89.037459,37.204016],[-89.036743,37.204647],[-89.036467,37.204951],[-89.035581,37.205926],[-89.034635,37.206951],[-89.033984,37.207663],[-89.033521,37.208163],[-89.033033,37.208581],[-89.032967,37.208632],[-89.032944,37.208655],[-89.032214,37.209225],[-89.029866,37.211065],[-89.029465,37.211303],[-89.028802,37.211378],[-89.027317,37.211214],[-89.026713,37.211322],[-89.024173,37.212595],[-89.024155,37.212603],[-89.023446,37.212901],[-89.022423,37.213333],[-89.022032,37.213502],[-89.02142,37.213766],[-89.020222,37.214245],[-89.019208,37.214653],[-89.018178,37.215024],[-89.01792,37.215128],[-89.017531,37.21526],[-89.016631,37.215459],[-89.016047,37.215557],[-89.015629,37.215624],[-89.015342,37.215686],[-89.015324,37.215692],[-89.015065,37.215758],[-89.014474,37.215931],[-89.013959,37.216148],[-89.013805,37.216214],[-89.013257,37.216444],[-89.013154,37.216478],[-89.012524,37.216829],[-89.011488,37.217543],[-89.010586,37.218084],[-89.010112,37.218367],[-89.008868,37.219233],[-89.008816,37.219262],[-89.008174,37.21968],[-89.007592,37.220075],[-89.006428,37.220842],[-89.005966,37.221152],[-89.005827,37.221263],[-89.005808,37.221322],[-89.005831,37.221371],[-89.005895,37.22141],[-89.006089,37.221355],[-89.006413,37.221222],[-89.006644,37.221129],[-89.006945,37.22102],[-89.007638,37.220711],[-89.008146,37.220479],[-89.008269,37.220445],[-89.008365,37.220399],[-89.008472,37.220406],[-89.008516,37.22041],[-89.008566,37.220458],[-89.008539,37.220524],[-89.008478,37.22058],[-89.008274,37.220704],[-89.007933,37.220884],[-89.007196,37.221228],[-89.006773,37.221474],[-89.005934,37.22188],[-89.005245,37.222256],[-89.004659,37.222532],[-89.004134,37.222792],[-89.003534,37.223122],[-89.002749,37.223495],[-89.002272,37.223747],[-89.001726,37.22399],[-89.0009,37.224405],[-89.000731,37.224483],[-89.000336,37.224651],[-89.000065,37.22476],[-88.999315,37.225011],[-88.999285,37.225025],[-88.999011,37.225104],[-88.998169,37.225254],[-88.998039,37.225235],[-88.997994,37.225225],[-88.997811,37.225195],[-88.99779,37.225193],[-88.997731,37.22519],[-88.997688,37.225193],[-88.997573,37.225208],[-88.997552,37.225211],[-88.997437,37.225232],[-88.997384,37.225245],[-88.99733,37.225267],[-88.997282,37.225296],[-88.997251,37.225321],[-88.99718,37.225389],[-88.997139,37.225433],[-88.997063,37.225537],[-88.997042,37.225561],[-88.996985,37.225585],[-88.996765,37.225637],[-88.99662,37.225651],[-88.996603,37.225652],[-88.996287,37.225695],[-88.995963,37.225727],[-88.99571,37.225751],[-88.995671,37.225757],[-88.995211,37.225845],[-88.995185,37.22585],[-88.994734,37.225967],[-88.994709,37.225974],[-88.994482,37.226049],[-88.994032,37.226138],[-88.993982,37.226151],[-88.993718,37.22624],[-88.99365,37.22627],[-88.993512,37.226333],[-88.99343,37.226305],[-88.993403,37.22629],[-88.993323,37.226251],[-88.993304,37.226242],[-88.993249,37.226223],[-88.993191,37.226213],[-88.993131,37.22621],[-88.993113,37.226211],[-88.99299,37.22622],[-88.992954,37.226224],[-88.992793,37.226249],[-88.99273,37.226264],[-88.992677,37.226285],[-88.992629,37.226314],[-88.992588,37.226349],[-88.992556,37.226389],[-88.992538,37.226421],[-88.992493,37.226514],[-88.992446,37.226559],[-88.992391,37.226575],[-88.992378,37.226578],[-88.992348,37.226584],[-88.992268,37.226597],[-88.992126,37.226638],[-88.991759,37.226728],[-88.990284,37.227045],[-88.989005,37.227261],[-88.988443,37.227368],[-88.988331,37.22738],[-88.988154,37.227338],[-88.988107,37.22733],[-88.987963,37.227313],[-88.987885,37.227311],[-88.987626,37.227328],[-88.987544,37.227342],[-88.987133,37.227454],[-88.986831,37.227517],[-88.986768,37.227535],[-88.986551,37.227619],[-88.986519,37.227633],[-88.986471,37.227662],[-88.98643,37.227697],[-88.986341,37.22779],[-88.98631,37.227829],[-88.986272,37.227886],[-88.986162,37.228009],[-88.986074,37.228127],[-88.985946,37.228155],[-88.985548,37.228205],[-88.985196,37.228234],[-88.984699,37.228258],[-88.984668,37.228261],[-88.984391,37.228294],[-88.984343,37.228303],[-88.984137,37.228353],[-88.984072,37.228375],[-88.983884,37.228459],[-88.983823,37.228494],[-88.983782,37.228529],[-88.983761,37.228553],[-88.983693,37.228594],[-88.983635,37.228619],[-88.983578,37.228626],[-88.983524,37.22862],[-88.983374,37.228593],[-88.983295,37.228585],[-88.983179,37.228583],[-88.983081,37.228592],[-88.982972,37.228616],[-88.982894,37.228641],[-88.982684,37.228735],[-88.982545,37.228803],[-88.982508,37.228817],[-88.982461,37.22882],[-88.982434,37.228823],[-88.98227,37.228846],[-88.982004,37.228863],[-88.981674,37.228872],[-88.981653,37.228873],[-88.981396,37.228894],[-88.980367,37.22905],[-88.980135,37.22911],[-88.97995,37.229119],[-88.979747,37.229106],[-88.979479,37.229088],[-88.979209,37.229056],[-88.978856,37.229005],[-88.978813,37.229001],[-88.978592,37.228991],[-88.978535,37.228993],[-88.978284,37.229015],[-88.97825,37.229019],[-88.978193,37.229033],[-88.97814,37.229055],[-88.978112,37.229071],[-88.97791,37.229195],[-88.97789,37.229209],[-88.977849,37.229243],[-88.977816,37.229284],[-88.977751,37.229388],[-88.977699,37.229404],[-88.97737,37.229444],[-88.976921,37.229466],[-88.976548,37.229481],[-88.976185,37.229474],[-88.976148,37.229475],[-88.975741,37.229501],[-88.975315,37.229528],[-88.97507,37.229551],[-88.974844,37.229579],[-88.974686,37.229603],[-88.974524,37.229612],[-88.974389,37.229616],[-88.974247,37.229606],[-88.974206,37.229605],[-88.974083,37.229608],[-88.974033,37.229613],[-88.973814,37.229645],[-88.973758,37.229657],[-88.973426,37.229754],[-88.973245,37.229806],[-88.973155,37.229831],[-88.972886,37.229868],[-88.972624,37.229857],[-88.9722,37.22983],[-88.972109,37.229834],[-88.971739,37.229889],[-88.971521,37.229911],[-88.97133,37.229881],[-88.971071,37.229836],[-88.971036,37.22983],[-88.970508,37.229836],[-88.970209,37.22993],[-88.97019,37.229936],[-88.970008,37.230004],[-88.96998,37.229996],[-88.969878,37.229975],[-88.969777,37.229944],[-88.969679,37.22989],[-88.969589,37.229854],[-88.969445,37.229816],[-88.969359,37.229803],[-88.969087,37.22979],[-88.969009,37.229793],[-88.968815,37.229819],[-88.968734,37.229839],[-88.968687,37.229856],[-88.96854,37.229858],[-88.968312,37.229893],[-88.96819,37.229842],[-88.968115,37.229819],[-88.968004,37.229796],[-88.967924,37.229787],[-88.967794,37.229786],[-88.967777,37.229786],[-88.967717,37.229791],[-88.967674,37.229801],[-88.96745,37.229864],[-88.967429,37.229871],[-88.967188,37.229954],[-88.967007,37.229994],[-88.966859,37.230002],[-88.966716,37.230033],[-88.966558,37.230087],[-88.966414,37.230107],[-88.96629,37.23009],[-88.966194,37.230057],[-88.966217,37.229992],[-88.966414,37.229934],[-88.966479,37.2299],[-88.96653,37.229856],[-88.966528,37.229793],[-88.966447,37.229763],[-88.96634,37.229745],[-88.966233,37.229726],[-88.966126,37.229719],[-88.966033,37.229711],[-88.965978,37.22967],[-88.966014,37.229594],[-88.966133,37.229559],[-88.966201,37.229562],[-88.968271,37.229479],[-88.971536,37.228929],[-88.972106,37.228812],[-88.972527,37.228716],[-88.972776,37.228645],[-88.972919,37.228577],[-88.972956,37.228491],[-88.972948,37.228466],[-88.972896,37.228401],[-88.972844,37.228356],[-88.972683,37.228318],[-88.972496,37.228313],[-88.972297,37.228318],[-88.971953,37.228338],[-88.971649,37.228346],[-88.970582,37.228413],[-88.96946,37.228279],[-88.968873,37.228082],[-88.968397,37.227819],[-88.968283,37.227742],[-88.968221,37.227691],[-88.967889,37.22745],[-88.967409,37.227081],[-88.966944,37.226775],[-88.9664,37.226492],[-88.966022,37.226343],[-88.965733,37.226271],[-88.964499,37.226095],[-88.963255,37.22594],[-88.961934,37.225796],[-88.961414,37.225768],[-88.960877,37.225767],[-88.958817,37.225848],[-88.957219,37.225566],[-88.9545,37.224917],[-88.953154,37.224811],[-88.952778,37.224812],[-88.952379,37.224802],[-88.951769,37.224829],[-88.950855,37.224886],[-88.95023,37.224871],[-88.94967,37.224822],[-88.948843,37.224728],[-88.948629,37.224705],[-88.947905,37.224643],[-88.94703,37.224596],[-88.946152,37.224556],[-88.945474,37.224543],[-88.944715,37.22451],[-88.943795,37.224418],[-88.94249,37.224337],[-88.94186,37.224305],[-88.938698,37.224352],[-88.936025,37.224682],[-88.935284,37.224748],[-88.934531,37.224783],[-88.934405,37.224789],[-88.933393,37.224973],[-88.93331,37.224988],[-88.932866,37.22517],[-88.932684,37.22526],[-88.932675,37.225345],[-88.932705,37.22544],[-88.932842,37.225532],[-88.933342,37.225742],[-88.934286,37.226067],[-88.934534,37.226148],[-88.935754,37.226548],[-88.936737,37.226861],[-88.937542,37.227041],[-88.938184,37.227151],[-88.939111,37.227381],[-88.939784,37.227597],[-88.940391,37.227804],[-88.941024,37.228009],[-88.941579,37.228271],[-88.941921,37.228485],[-88.942235,37.228689],[-88.942249,37.22872],[-88.942198,37.228764],[-88.94208,37.228799],[-88.941922,37.228824],[-88.941589,37.228823],[-88.940586,37.228659],[-88.939811,37.228552],[-88.939212,37.22841],[-88.936847,37.228019],[-88.935282,37.227834],[-88.9348,37.227789],[-88.934063,37.227719],[-88.933343,37.227643],[-88.932649,37.227566],[-88.931513,37.227427],[-88.9308,37.227202],[-88.930114,37.226997],[-88.929708,37.226886],[-88.929374,37.226794],[-88.928299,37.226504],[-88.92789,37.226365],[-88.927518,37.226238],[-88.927088,37.226123],[-88.926573,37.225956],[-88.926012,37.225792],[-88.924055,37.225112],[-88.922991,37.224906],[-88.922357,37.224843],[-88.919861,37.224653],[-88.91618,37.223991],[-88.913222,37.223087],[-88.912525,37.222891],[-88.911423,37.222581],[-88.911153,37.222471],[-88.910615,37.222337],[-88.909121,37.221867],[-88.906941,37.221093],[-88.903906,37.220073],[-88.903042,37.219756],[-88.901788,37.219311],[-88.899984,37.218722],[-88.898955,37.218411],[-88.898763,37.218346],[-88.896066,37.217512],[-88.891731,37.216172],[-88.885699,37.214691],[-88.879569,37.212891],[-88.878576,37.212628],[-88.877188,37.212261],[-88.877097,37.21222],[-88.877017,37.212187],[-88.876934,37.212155],[-88.876845,37.212123],[-88.87676,37.212092],[-88.876741,37.212086],[-88.876671,37.212065],[-88.876595,37.212039],[-88.876532,37.212018],[-88.876469,37.211992],[-88.876443,37.21198],[-88.876398,37.211957],[-88.876377,37.211946],[-88.876322,37.211921],[-88.876272,37.211896],[-88.876239,37.211881],[-88.876195,37.211864],[-88.876163,37.211849],[-88.87615,37.211844],[-88.876097,37.211823],[-88.876063,37.211811],[-88.876025,37.211799],[-88.87597,37.211784],[-88.875909,37.211764],[-88.875849,37.211746],[-88.875796,37.211726],[-88.875785,37.211722],[-88.875724,37.211701],[-88.875666,37.21168],[-88.875603,37.211659],[-88.87559,37.211652],[-88.875548,37.211634],[-88.875472,37.211606],[-88.875454,37.2116],[-88.875401,37.211584],[-88.875322,37.21156],[-88.875238,37.211536],[-88.875176,37.211519],[-88.87516,37.211515],[-88.875063,37.211482],[-88.875048,37.211477],[-88.874977,37.211456],[-88.874908,37.211436],[-88.874861,37.211421],[-88.874844,37.211416],[-88.874778,37.211398],[-88.874767,37.211394],[-88.874743,37.211386],[-88.874694,37.211374],[-88.874683,37.211371],[-88.874605,37.211352],[-88.874552,37.21134],[-88.87451,37.21133],[-88.874465,37.211317],[-88.87444,37.21131],[-88.874373,37.211295],[-88.874345,37.211286],[-88.874315,37.211279],[-88.874243,37.211262],[-88.874156,37.21124],[-88.874084,37.21122],[-88.873959,37.211181],[-88.8739,37.211158],[-88.873842,37.211132],[-88.873817,37.211118],[-88.873766,37.211087],[-88.873718,37.211063],[-88.87366,37.211039],[-88.873594,37.211019],[-88.873475,37.210993],[-88.873455,37.210989],[-88.873369,37.210975],[-88.873315,37.21097],[-88.873256,37.210967],[-88.873218,37.210931],[-88.873132,37.210871],[-88.873063,37.210838],[-88.873014,37.210818],[-88.872943,37.210796],[-88.872886,37.210782],[-88.872765,37.210763],[-88.872683,37.210748],[-88.872607,37.21073],[-88.872556,37.210717],[-88.872509,37.210701],[-88.87242,37.210661],[-88.872346,37.210628],[-88.872336,37.210623],[-88.872283,37.210601],[-88.872185,37.210563],[-88.872144,37.21055],[-88.872035,37.210521],[-88.872001,37.210514],[-88.871932,37.210501],[-88.871851,37.210484],[-88.871775,37.210467],[-88.871714,37.21045],[-88.871681,37.21044],[-88.871623,37.210423],[-88.871596,37.210413],[-88.871573,37.210405],[-88.871529,37.210392],[-88.871499,37.210379],[-88.871488,37.210375],[-88.871427,37.210352],[-88.871333,37.210319],[-88.871231,37.210281],[-88.871212,37.210275],[-88.871154,37.210257],[-88.871036,37.210224],[-88.870978,37.210205],[-88.870921,37.210181],[-88.870871,37.210161],[-88.870829,37.210147],[-88.870773,37.21013],[-88.870746,37.210124],[-88.87066,37.210105],[-88.870587,37.210091],[-88.870541,37.210077],[-88.870476,37.210059],[-88.870465,37.210056],[-88.870399,37.210039],[-88.870338,37.210024],[-88.870277,37.210008],[-88.870224,37.209994],[-88.870158,37.209975],[-88.87007,37.209949],[-88.870009,37.209931],[-88.869947,37.209911],[-88.869853,37.209881],[-88.86981,37.209868],[-88.869761,37.209848],[-88.869749,37.209843],[-88.869655,37.209808],[-88.869562,37.209775],[-88.869488,37.209747],[-88.869386,37.209711],[-88.869317,37.209687],[-88.869162,37.20962],[-88.869111,37.209597],[-88.86907,37.209577],[-88.869003,37.209545],[-88.868953,37.209526],[-88.868896,37.209509],[-88.868862,37.2095],[-88.868813,37.209489],[-88.868722,37.20948],[-88.868704,37.20948],[-88.868615,37.209438],[-88.868568,37.209419],[-88.868452,37.209382],[-88.86838,37.20936],[-88.868281,37.209329],[-88.868266,37.209325],[-88.868181,37.209302],[-88.868035,37.209256],[-88.868017,37.209251],[-88.867965,37.209237],[-88.867836,37.209197],[-88.867799,37.209187],[-88.867745,37.209176],[-88.867652,37.209147],[-88.867569,37.209121],[-88.867482,37.209096],[-88.867408,37.209072],[-88.86739,37.209066],[-88.867301,37.209042],[-88.867289,37.209039],[-88.867244,37.209028],[-88.867186,37.209006],[-88.867169,37.209],[-88.867065,37.208966],[-88.866957,37.208928],[-88.866925,37.208918],[-88.866845,37.208897],[-88.866688,37.208844],[-88.866603,37.208815],[-88.866534,37.208787],[-88.866488,37.208766],[-88.866384,37.208721],[-88.866371,37.208716],[-88.866286,37.208683],[-88.866243,37.208662],[-88.866135,37.208618],[-88.866123,37.208614],[-88.865977,37.20856],[-88.86583,37.208498],[-88.865713,37.208449],[-88.865622,37.208405],[-88.865496,37.208349],[-88.865374,37.208292],[-88.865266,37.208245],[-88.865209,37.208219],[-88.86514,37.208187],[-88.864988,37.208115],[-88.864845,37.20805],[-88.864631,37.207955],[-88.864611,37.207948],[-88.864475,37.207896],[-88.864399,37.207864],[-88.864372,37.207853],[-88.864143,37.207775],[-88.863912,37.207699],[-88.863809,37.207656],[-88.863754,37.207634],[-88.863713,37.207618],[-88.86363,37.207582],[-88.863617,37.207576],[-88.863514,37.207536],[-88.86343,37.207503],[-88.863402,37.207493],[-88.863326,37.207469],[-88.863308,37.207464],[-88.863191,37.207433],[-88.863139,37.207425],[-88.863126,37.207422],[-88.863059,37.207412],[-88.862985,37.207406],[-88.862911,37.207399],[-88.86286,37.207409],[-88.862828,37.207419],[-88.862803,37.207432],[-88.862723,37.207455],[-88.860303,37.206543],[-88.860296,37.206534],[-88.860253,37.206478],[-88.860158,37.206427],[-88.86008,37.206392],[-88.859959,37.206334],[-88.859932,37.206285],[-88.859705,37.206148],[-88.859517,37.206063],[-88.859413,37.206016],[-88.859376,37.206001],[-88.85934,37.205985],[-88.859313,37.205974],[-88.859293,37.205966],[-88.859256,37.20595],[-88.85921,37.205914],[-88.859177,37.205873],[-88.859142,37.205836],[-88.859098,37.205803],[-88.859048,37.205777],[-88.858993,37.205758],[-88.858935,37.205747],[-88.858913,37.205746],[-88.858875,37.205743],[-88.858815,37.20575],[-88.858786,37.205739],[-88.858727,37.205745],[-88.858682,37.205719],[-88.858635,37.2057],[-88.858584,37.205681],[-88.85853,37.205625],[-88.858513,37.205608],[-88.858471,37.205577],[-88.858419,37.205549],[-88.858364,37.205531],[-88.858345,37.205526],[-88.858246,37.205505],[-88.858207,37.205499],[-88.858147,37.205496],[-88.858088,37.205502],[-88.858037,37.205502],[-88.857965,37.20548],[-88.857918,37.205469],[-88.857871,37.205462],[-88.857835,37.205442],[-88.857788,37.205419],[-88.85775,37.205375],[-88.857712,37.20533],[-88.857665,37.205303],[-88.857638,37.205275],[-88.857575,37.20524],[-88.857476,37.205209],[-88.857404,37.205187],[-88.857294,37.205144],[-88.85721,37.205102],[-88.857049,37.205036],[-88.85697,37.205005],[-88.856861,37.204963],[-88.856809,37.20494],[-88.856756,37.204917],[-88.856709,37.204893],[-88.856683,37.204877],[-88.856641,37.204862],[-88.856605,37.204851],[-88.856568,37.204835],[-88.856542,37.204824],[-88.856511,37.204812],[-88.856438,37.204781],[-88.856339,37.204751],[-88.856229,37.204697],[-88.856031,37.204628],[-88.85589,37.204566],[-88.85578,37.204503],[-88.855552,37.204439],[-88.855411,37.204394],[-88.855363,37.20435],[-88.85531,37.20429],[-88.855241,37.204242],[-88.855167,37.204203],[-88.855043,37.20417],[-88.854946,37.204176],[-88.854847,37.204154],[-88.854785,37.204123],[-88.854691,37.204101],[-88.85466,37.204064],[-88.854674,37.204018],[-88.854677,37.20397],[-88.854674,37.203945],[-88.854667,37.203895],[-88.854662,37.203872],[-88.854644,37.203826],[-88.854617,37.203784],[-88.854581,37.203745],[-88.854538,37.203713],[-88.854488,37.203686],[-88.854433,37.203668],[-88.854403,37.203661],[-88.854317,37.203645],[-88.854288,37.203641],[-88.854228,37.203638],[-88.854169,37.203644],[-88.854149,37.203648],[-88.854037,37.203672],[-88.853942,37.203689],[-88.853779,37.203683],[-88.853747,37.203674],[-88.853567,37.203624],[-88.853447,37.203549],[-88.853339,37.203494],[-88.853221,37.203442],[-88.853082,37.203393],[-88.853023,37.203374],[-88.852829,37.203284],[-88.852211,37.20304],[-88.851863,37.202927],[-88.851637,37.202888],[-88.85149,37.202786],[-88.851305,37.202719],[-88.851215,37.202711],[-88.851074,37.202698],[-88.850921,37.202706],[-88.850861,37.202708],[-88.850692,37.202663],[-88.850517,37.20259],[-88.850268,37.20244],[-88.849985,37.202324],[-88.84834,37.201652],[-88.846771,37.201241],[-88.846427,37.20113],[-88.845778,37.200883],[-88.845518,37.20077],[-88.845474,37.200751],[-88.845341,37.200688],[-88.84531,37.200675],[-88.845079,37.200583],[-88.844935,37.200531],[-88.844879,37.200499],[-88.844681,37.200411],[-88.844574,37.200372],[-88.844332,37.20032],[-88.844206,37.200278],[-88.844062,37.200255],[-88.843936,37.200262],[-88.843914,37.200252],[-88.843112,37.199954],[-88.843062,37.199934],[-88.843032,37.199926],[-88.843012,37.199917],[-88.84296,37.199901],[-88.842933,37.199888],[-88.842922,37.199876],[-88.842855,37.199813],[-88.842791,37.199765],[-88.84273,37.199731],[-88.842579,37.19967],[-88.84006,37.198581],[-88.83967,37.198412],[-88.838276,37.197845],[-88.836783,37.197219],[-88.835783,37.196774],[-88.83509,37.196493],[-88.834266,37.196237],[-88.833171,37.195974],[-88.831923,37.195626],[-88.830654,37.195225],[-88.830329,37.195123],[-88.830237,37.195094],[-88.829353,37.194809],[-88.826378,37.19389],[-88.825016,37.193537],[-88.823074,37.193033],[-88.822286,37.192784],[-88.821612,37.192498],[-88.820531,37.192039],[-88.820361,37.191978],[-88.819916,37.191848],[-88.8194,37.191794],[-88.81893,37.191747],[-88.817606,37.191587],[-88.816634,37.191357],[-88.81546,37.190984],[-88.81482,37.190649],[-88.814342,37.190385],[-88.813999,37.190244],[-88.813743,37.190166],[-88.813718,37.19016],[-88.813446,37.190079],[-88.812341,37.189893],[-88.810847,37.189701],[-88.808162,37.189129],[-88.807985,37.189112],[-88.807604,37.189056],[-88.807143,37.188961],[-88.807083,37.188947],[-88.805912,37.18872],[-88.804917,37.188555],[-88.804427,37.18842],[-88.804204,37.188339],[-88.803937,37.188248],[-88.803918,37.188242],[-88.80363,37.188159],[-88.803311,37.188031],[-88.802908,37.187856],[-88.802606,37.187736],[-88.802255,37.187568],[-88.801937,37.18739],[-88.801895,37.18737],[-88.801573,37.18724],[-88.801241,37.187076],[-88.801222,37.187067],[-88.80076,37.18687],[-88.800396,37.186707],[-88.79988,37.186471],[-88.799157,37.186013],[-88.797197,37.184771],[-88.797181,37.184759],[-88.797062,37.184686],[-88.796303,37.184174],[-88.795617,37.183609],[-88.794874,37.18303],[-88.794759,37.18293],[-88.794489,37.182738],[-88.794297,37.182633],[-88.793582,37.182285],[-88.79317,37.182019],[-88.792899,37.181802],[-88.792528,37.181632],[-88.792461,37.181599],[-88.79167,37.181292],[-88.791313,37.181177],[-88.790858,37.181002],[-88.790542,37.180831],[-88.790072,37.180521],[-88.789704,37.180202],[-88.789683,37.180178],[-88.789527,37.179997],[-88.789303,37.179756],[-88.788936,37.179466],[-88.788436,37.179184],[-88.787973,37.178982],[-88.787801,37.178897],[-88.787189,37.178554],[-88.786641,37.178179],[-88.786104,37.17761],[-88.785809,37.177228],[-88.785596,37.176815],[-88.785374,37.176417],[-88.785073,37.175886],[-88.784836,37.175571],[-88.784498,37.175303],[-88.784025,37.174926],[-88.783623,37.174676],[-88.783574,37.174646],[-88.783007,37.174385],[-88.782734,37.174289],[-88.782255,37.174142],[-88.781562,37.173883],[-88.781078,37.173686],[-88.780497,37.173416],[-88.780123,37.173172],[-88.77963,37.172781],[-88.779115,37.17227],[-88.778761,37.171831],[-88.778416,37.171398],[-88.778295,37.171242],[-88.777579,37.170417],[-88.776556,37.169592],[-88.775928,37.169133],[-88.775428,37.168768],[-88.773469,37.167497],[-88.768532,37.164667],[-88.767644,37.164106],[-88.767551,37.164034],[-88.767188,37.163782],[-88.766147,37.162986],[-88.765405,37.162407],[-88.764709,37.161841],[-88.764201,37.161503],[-88.762449,37.160224],[-88.7615,37.159612],[-88.761394,37.15956],[-88.760995,37.159364],[-88.760203,37.15895],[-88.760054,37.15886],[-88.758153,37.157996],[-88.756116,37.156983],[-88.75571,37.156723],[-88.753863,37.15554],[-88.753068,37.155038],[-88.752037,37.154488],[-88.750378,37.153633],[-88.750054,37.153469],[-88.749501,37.153207],[-88.748834,37.152862],[-88.748107,37.152529],[-88.74787,37.152432],[-88.74754,37.152296],[-88.746584,37.151864],[-88.746077,37.151677],[-88.745723,37.15155],[-88.745642,37.151525],[-88.745543,37.15145],[-88.745457,37.15139],[-88.745378,37.151336],[-88.745311,37.151284],[-88.745271,37.151251],[-88.745253,37.151231],[-88.745182,37.15117],[-88.745154,37.151147],[-88.74502,37.151058],[-88.744936,37.150998],[-88.744818,37.150923],[-88.744669,37.15079],[-88.744646,37.150771],[-88.744528,37.150684],[-88.7444,37.150594],[-88.74425,37.150471],[-88.744216,37.150446],[-88.743908,37.150253],[-88.74369,37.150109],[-88.743453,37.149962],[-88.743253,37.149844],[-88.743093,37.149756],[-88.742954,37.149661],[-88.742937,37.14965],[-88.742736,37.149531],[-88.742717,37.14952],[-88.742532,37.149425],[-88.74247,37.149385],[-88.742423,37.149355],[-88.742285,37.149267],[-88.74215,37.149177],[-88.742111,37.149145],[-88.741943,37.149039],[-88.741727,37.148911],[-88.741515,37.148779],[-88.741372,37.148679],[-88.7413,37.148633],[-88.740953,37.148396],[-88.740833,37.148302],[-88.740724,37.14822],[-88.740668,37.148193],[-88.740559,37.148123],[-88.740466,37.148061],[-88.740374,37.148003],[-88.740311,37.147961],[-88.740255,37.14793],[-88.74019,37.147885],[-88.740086,37.147822],[-88.740017,37.147779],[-88.739866,37.147653],[-88.739711,37.147545],[-88.739628,37.14749],[-88.739468,37.14739],[-88.739158,37.147172],[-88.738747,37.146973],[-88.738444,37.146819],[-88.738296,37.146762],[-88.73811,37.146654],[-88.737976,37.14655],[-88.737905,37.146497],[-88.737804,37.146422],[-88.737614,37.146327],[-88.737423,37.146248],[-88.73731,37.146168],[-88.737183,37.146132],[-88.736972,37.146044],[-88.736675,37.145885],[-88.736512,37.145789],[-88.736321,37.145683],[-88.736144,37.145588],[-88.736045,37.145535],[-88.735825,37.145413],[-88.735648,37.145301],[-88.73545,37.145195],[-88.735344,37.145159],[-88.735112,37.145054],[-88.734886,37.144954],[-88.734723,37.144859],[-88.734632,37.144817],[-88.734462,37.144732],[-88.734194,37.144617],[-88.733984,37.144545],[-88.733822,37.144482],[-88.733709,37.144435],[-88.733639,37.144409],[-88.733533,37.144357],[-88.733448,37.144314],[-88.733322,37.144262],[-88.73323,37.144231],[-88.733174,37.144205],[-88.733019,37.144142],[-88.732872,37.144091],[-88.732717,37.144039],[-88.73257,37.143982],[-88.732499,37.143945],[-88.73231,37.143889],[-88.732162,37.143837],[-88.731945,37.143765],[-88.73189,37.143743],[-88.731757,37.143696],[-88.731602,37.143648],[-88.731284,37.143555],[-88.731259,37.143547],[-88.731026,37.143448],[-88.730802,37.143363],[-88.730638,37.143303],[-88.730458,37.143233],[-88.730269,37.143165],[-88.730238,37.143151],[-88.729988,37.143063],[-88.729811,37.143009],[-88.729695,37.142984],[-88.729605,37.142958],[-88.729504,37.142942],[-88.729361,37.142898],[-88.729171,37.142836],[-88.728944,37.142753],[-88.728756,37.142688],[-88.728575,37.14262],[-88.728324,37.142527],[-88.728299,37.142519],[-88.727955,37.142417],[-88.72776,37.14236],[-88.727565,37.142297],[-88.727348,37.142235],[-88.727129,37.14217],[-88.726969,37.14211],[-88.726939,37.1421],[-88.726809,37.142063],[-88.726763,37.142052],[-88.726502,37.142009],[-88.726247,37.141939],[-88.725863,37.141833],[-88.725616,37.141764],[-88.725422,37.141713],[-88.725403,37.141709],[-88.725229,37.141673],[-88.725076,37.141637],[-88.724849,37.141592],[-88.724477,37.141531],[-88.724386,37.141518],[-88.724244,37.141484],[-88.724056,37.141441],[-88.723824,37.141396],[-88.723706,37.141372],[-88.723572,37.141338],[-88.723538,37.141331],[-88.723284,37.141287],[-88.723132,37.141244],[-88.722918,37.141193],[-88.722699,37.141143],[-88.722657,37.141136],[-88.722546,37.141123],[-88.722393,37.14109],[-88.722337,37.141082],[-88.722159,37.141068],[-88.722028,37.141049],[-88.721865,37.141028],[-88.721847,37.141026],[-88.721635,37.141007],[-88.721484,37.140983],[-88.721438,37.140978],[-88.721256,37.140969],[-88.72095,37.14093],[-88.720595,37.140885],[-88.720365,37.140858],[-88.719901,37.140795],[-88.719482,37.140753],[-88.71946,37.140751],[-88.719172,37.140737],[-88.719147,37.140737],[-88.718976,37.140738],[-88.718736,37.14074],[-88.718719,37.14074],[-88.718442,37.140753],[-88.718138,37.140761],[-88.71812,37.140762],[-88.717572,37.140799],[-88.717541,37.140802],[-88.717258,37.140842],[-88.716921,37.140882],[-88.716614,37.140918],[-88.716274,37.140965],[-88.715949,37.141019],[-88.715919,37.141025],[-88.715639,37.141093],[-88.715449,37.141138],[-88.715189,37.1412],[-88.715031,37.141237],[-88.714782,37.14128],[-88.714632,37.141283],[-88.714335,37.141307],[-88.71426,37.14132],[-88.713935,37.14135],[-88.713676,37.141402],[-88.713654,37.141407],[-88.713585,37.14142],[-88.713371,37.141436],[-88.713103,37.141482],[-88.712745,37.141557],[-88.712683,37.141564],[-88.712595,37.141594],[-88.712533,37.141607],[-88.712354,37.141639],[-88.712244,37.141664],[-88.712169,37.141677],[-88.711983,37.141709],[-88.711811,37.141753],[-88.711592,37.141797],[-88.711509,37.141799],[-88.711412,37.141801],[-88.711287,37.141805],[-88.711156,37.141824],[-88.71108,37.141832],[-88.710984,37.141851],[-88.71073,37.141896],[-88.710634,37.141915],[-88.710394,37.141982],[-88.710195,37.142037],[-88.70999,37.142098],[-88.709901,37.142116],[-88.709846,37.142134],[-88.709777,37.142147],[-88.709722,37.142165],[-88.709626,37.14219],[-88.709497,37.142237],[-88.709354,37.142302],[-88.709265,37.142332],[-88.709204,37.142361],[-88.70908,37.142375],[-88.708957,37.142412],[-88.708854,37.142442],[-88.708647,37.142464],[-88.708592,37.142465],[-88.708453,37.142463],[-88.708384,37.142471],[-88.708252,37.142468],[-88.70817,37.142481],[-88.708018,37.142502],[-88.707971,37.142525],[-88.707929,37.142526],[-88.707888,37.142533],[-88.707854,37.142545],[-88.707812,37.142551],[-88.707764,37.142564],[-88.707723,37.14257],[-88.707668,37.142572],[-88.707579,37.142591],[-88.707444,37.142538],[-88.70733,37.142457],[-88.707204,37.142279],[-88.707187,37.142147],[-88.707203,37.141937],[-88.707186,37.141804],[-88.707134,37.141691],[-88.707009,37.141542],[-88.706923,37.141488],[-88.706732,37.141439],[-88.706203,37.141493],[-88.705146,37.141871],[-88.704187,37.142],[-88.703906,37.142072],[-88.703803,37.142159],[-88.703869,37.142277],[-88.704452,37.142513],[-88.704618,37.142663],[-88.70455,37.142877],[-88.704391,37.142968],[-88.704374,37.14297],[-88.70436,37.142965],[-88.704337,37.14295],[-88.704305,37.142922],[-88.704287,37.142901],[-88.704265,37.142888],[-88.704242,37.142881],[-88.704174,37.142863],[-88.704042,37.14285],[-88.703896,37.142833],[-88.703799,37.14282],[-88.70369,37.142801],[-88.703569,37.142783],[-88.703556,37.142781],[-88.703471,37.142771],[-88.70337,37.142758],[-88.703298,37.142749],[-88.703212,37.142739],[-88.703155,37.142732],[-88.703077,37.142722],[-88.702982,37.142709],[-88.702874,37.142692],[-88.702791,37.142678],[-88.702779,37.142676],[-88.702676,37.142662],[-88.702589,37.14265],[-88.702574,37.142648],[-88.702499,37.142641],[-88.702454,37.142634],[-88.702437,37.142631],[-88.702354,37.142621],[-88.702283,37.14261],[-88.70225,37.142606],[-88.702196,37.142601],[-88.702101,37.142588],[-88.702019,37.142578],[-88.701939,37.142567],[-88.701861,37.142554],[-88.701767,37.142539],[-88.701737,37.142536],[-88.701668,37.142531],[-88.701651,37.142529],[-88.701585,37.142527],[-88.70152,37.142522],[-88.701457,37.142516],[-88.701365,37.142507],[-88.701308,37.142503],[-88.701213,37.14249],[-88.70116,37.142483],[-88.701102,37.142475],[-88.701038,37.142465],[-88.700958,37.142446],[-88.700938,37.142442],[-88.700815,37.142419],[-88.700687,37.142393],[-88.700675,37.142391],[-88.700563,37.142372],[-88.700435,37.142349],[-88.700332,37.142328],[-88.700215,37.142305],[-88.700098,37.142284],[-88.699941,37.142251],[-88.699817,37.142227],[-88.699669,37.142198],[-88.699537,37.142172],[-88.699424,37.142142],[-88.699411,37.142139],[-88.699308,37.142115],[-88.699211,37.142088],[-88.699171,37.142079],[-88.699061,37.142061],[-88.69902,37.142052],[-88.698872,37.142022],[-88.698816,37.142009],[-88.698728,37.14199],[-88.698655,37.141973],[-88.69855,37.141946],[-88.698533,37.141943],[-88.69846,37.141928],[-88.698396,37.141913],[-88.698327,37.141898],[-88.698245,37.141878],[-88.698219,37.141872],[-88.698143,37.141858],[-88.698038,37.141839],[-88.697917,37.141814],[-88.697768,37.141785],[-88.697596,37.141747],[-88.697503,37.141726],[-88.697425,37.14171],[-88.697398,37.141705],[-88.697348,37.141698],[-88.697318,37.141695],[-88.697289,37.141693],[-88.697238,37.141683],[-88.697175,37.141672],[-88.697162,37.141669],[-88.697091,37.141659],[-88.69705,37.141652],[-88.696996,37.141639],[-88.69693,37.141627],[-88.696855,37.141611],[-88.696801,37.141601],[-88.696747,37.141589],[-88.696699,37.141582],[-88.696652,37.141577],[-88.696599,37.14157],[-88.696574,37.141567],[-88.696501,37.141561],[-88.696469,37.141556],[-88.69645,37.141552],[-88.696403,37.141541],[-88.696324,37.14153],[-88.696267,37.141527],[-88.696238,37.141526],[-88.696157,37.141532],[-88.696118,37.141539],[-88.696055,37.141518],[-88.695993,37.141503],[-88.695894,37.141492],[-88.695847,37.141492],[-88.695774,37.141499],[-88.695741,37.141505],[-88.695693,37.141514],[-88.695648,37.141523],[-88.695622,37.141527],[-88.695577,37.141525],[-88.695511,37.141516],[-88.695431,37.141507],[-88.695372,37.141505],[-88.695326,37.141506],[-88.695264,37.141503],[-88.695211,37.141497],[-88.695165,37.141489],[-88.695124,37.141485],[-88.69499,37.141476],[-88.694964,37.141475],[-88.694864,37.141475],[-88.694795,37.14147],[-88.694736,37.141463],[-88.694648,37.141453],[-88.694572,37.141446],[-88.694492,37.141433],[-88.69447,37.14143],[-88.694409,37.141423],[-88.694335,37.141414],[-88.694195,37.141388],[-88.694072,37.141368],[-88.69393,37.141347],[-88.693749,37.14132],[-88.693732,37.141318],[-88.693684,37.141313],[-88.693626,37.141305],[-88.693545,37.141295],[-88.693458,37.141284],[-88.693417,37.141278],[-88.692865,37.141163],[-88.692797,37.141147],[-88.692691,37.141121],[-88.692672,37.141117],[-88.692608,37.141105],[-88.692567,37.141093],[-88.692507,37.141073],[-88.692436,37.141048],[-88.692416,37.141041],[-88.692347,37.141021],[-88.692281,37.140999],[-88.692259,37.140993],[-88.692163,37.140967],[-88.692075,37.14094],[-88.692033,37.140929],[-88.691986,37.14092],[-88.691934,37.140906],[-88.691907,37.140899],[-88.691848,37.140887],[-88.691793,37.140868],[-88.691765,37.140859],[-88.691712,37.140845],[-88.691649,37.140824],[-88.691637,37.14082],[-88.691531,37.140789],[-88.691488,37.140779],[-88.691427,37.140768],[-88.691368,37.140752],[-88.691304,37.140739],[-88.691239,37.140732],[-88.691208,37.140724],[-88.691139,37.140707],[-88.691094,37.140693],[-88.691049,37.140678],[-88.690943,37.140645],[-88.690859,37.140618],[-88.690787,37.140596],[-88.690756,37.140588],[-88.690657,37.140566],[-88.690593,37.140549],[-88.690537,37.140536],[-88.690492,37.140521],[-88.690469,37.140515],[-88.690378,37.140492],[-88.690326,37.14048],[-88.690285,37.140464],[-88.690233,37.140443],[-88.69021,37.140434],[-88.690142,37.140411],[-88.69008,37.140388],[-88.69001,37.140364],[-88.689997,37.14036],[-88.689868,37.14032],[-88.689853,37.140315],[-88.689726,37.140281],[-88.68961,37.140251],[-88.689562,37.140234],[-88.689437,37.140192],[-88.68933,37.140159],[-88.689318,37.140155],[-88.689222,37.140129],[-88.689086,37.140094],[-88.688981,37.140065],[-88.688879,37.140038],[-88.68886,37.140033],[-88.68875,37.140009],[-88.688657,37.139985],[-88.688587,37.139965],[-88.688504,37.139939],[-88.688394,37.139904],[-88.688259,37.139864],[-88.688184,37.139842],[-88.688152,37.139832],[-88.6881,37.139809],[-88.688047,37.139787],[-88.687993,37.139764],[-88.687914,37.139729],[-88.687837,37.139695],[-88.687767,37.139665],[-88.687641,37.13961],[-88.687525,37.139562],[-88.687427,37.139518],[-88.687383,37.139502],[-88.687261,37.139465],[-88.687177,37.139436],[-88.687069,37.139394],[-88.686946,37.139342],[-88.686873,37.139313],[-88.68677,37.139273],[-88.686676,37.139235],[-88.686581,37.139195],[-88.686455,37.139137],[-88.686402,37.139112],[-88.686375,37.1391],[-88.686304,37.139073],[-88.686222,37.139043],[-88.686142,37.139013],[-88.686069,37.138984],[-88.686023,37.138966],[-88.685965,37.138944],[-88.685938,37.138934],[-88.685865,37.138911],[-88.685832,37.138903],[-88.685759,37.138886],[-88.685739,37.138882],[-88.685706,37.138877],[-88.685692,37.138871],[-88.685654,37.138856],[-88.685587,37.138836],[-88.685526,37.138823],[-88.685461,37.138814],[-88.685409,37.138811],[-88.685338,37.138806],[-88.685291,37.138801],[-88.685275,37.138796],[-88.685183,37.138767],[-88.685131,37.138744],[-88.685104,37.138734],[-88.684988,37.138692],[-88.68484,37.138641],[-88.68474,37.138607],[-88.684625,37.138569],[-88.684212,37.138445],[-88.684139,37.138418],[-88.684047,37.138386],[-88.683937,37.138347],[-88.683832,37.138309],[-88.683751,37.138274],[-88.683732,37.138267],[-88.68353,37.138192],[-88.683493,37.13818],[-88.683469,37.138176],[-88.683308,37.138091],[-88.683173,37.138042],[-88.683137,37.138031],[-88.683015,37.138],[-88.682853,37.137948],[-88.682715,37.137896],[-88.682431,37.137779],[-88.682389,37.137765],[-88.682254,37.137726],[-88.682144,37.137687],[-88.682003,37.137628],[-88.681333,37.137376],[-88.681252,37.137345],[-88.681238,37.137339],[-88.681188,37.137313],[-88.681135,37.137286],[-88.68112,37.137277],[-88.681093,37.137259],[-88.681069,37.137237],[-88.6808,37.137041],[-88.680429,37.136669],[-88.680317,37.136563],[-88.67983,37.136265],[-88.679322,37.136012],[-88.678835,37.135779],[-88.678086,37.135496],[-88.677993,37.135446],[-88.677524,37.135286],[-88.677021,37.135194],[-88.676682,37.135133],[-88.676274,37.135027],[-88.675492,37.134895],[-88.675473,37.134875],[-88.675418,37.134853],[-88.675367,37.13484],[-88.675294,37.134821],[-88.675212,37.134801],[-88.675154,37.134785],[-88.67508,37.134762],[-88.675041,37.13475],[-88.675006,37.134739],[-88.674943,37.134727],[-88.674913,37.134715],[-88.674868,37.134699],[-88.674836,37.134683],[-88.674822,37.134676],[-88.674772,37.134654],[-88.674727,37.13463],[-88.674663,37.134595],[-88.67461,37.134566],[-88.674527,37.134523],[-88.674457,37.134488],[-88.674438,37.13448],[-88.674369,37.13445],[-88.674304,37.134419],[-88.674288,37.134412],[-88.674236,37.13439],[-88.674195,37.134372],[-88.674147,37.134349],[-88.674112,37.134335],[-88.674067,37.134319],[-88.67402,37.134299],[-88.673998,37.134291],[-88.67396,37.134278],[-88.673908,37.134256],[-88.673877,37.134243],[-88.67384,37.134224],[-88.673806,37.134209],[-88.673761,37.134191],[-88.67372,37.134171],[-88.673682,37.134155],[-88.67359,37.134123],[-88.673525,37.134098],[-88.673479,37.13408],[-88.67343,37.134053],[-88.673362,37.134023],[-88.673333,37.134014],[-88.67329,37.133992],[-88.673273,37.133985],[-88.673198,37.133952],[-88.67313,37.133921],[-88.673111,37.133914],[-88.673068,37.133897],[-88.673006,37.133872],[-88.672951,37.133849],[-88.67294,37.133845],[-88.672889,37.133825],[-88.672873,37.133819],[-88.672832,37.133805],[-88.672772,37.133782],[-88.672718,37.133756],[-88.672657,37.133729],[-88.6726,37.133699],[-88.672515,37.133654],[-88.672501,37.133647],[-88.672425,37.133611],[-88.672408,37.133604],[-88.672344,37.133577],[-88.672267,37.133542],[-88.672224,37.133522],[-88.672206,37.133514],[-88.672151,37.133491],[-88.672138,37.133485],[-88.672079,37.133463],[-88.672004,37.133437],[-88.671924,37.133406],[-88.671862,37.133377],[-88.671772,37.133337],[-88.671762,37.133332],[-88.671707,37.133309],[-88.671621,37.13327],[-88.671566,37.133245],[-88.671527,37.133226],[-88.67144,37.13318],[-88.671359,37.133139],[-88.67129,37.133106],[-88.671278,37.133101],[-88.671177,37.133057],[-88.671097,37.133022],[-88.671017,37.132985],[-88.67094,37.132949],[-88.670862,37.132911],[-88.670846,37.132903],[-88.670752,37.132862],[-88.670697,37.132837],[-88.670668,37.132825],[-88.670627,37.13281],[-88.670595,37.132794],[-88.670525,37.132761],[-88.670451,37.132719],[-88.670432,37.132708],[-88.670339,37.132663],[-88.670285,37.132635],[-88.670214,37.132599],[-88.670203,37.132593],[-88.670112,37.132551],[-88.670029,37.132514],[-88.669907,37.13246],[-88.669888,37.132452],[-88.669782,37.132411],[-88.66977,37.132407],[-88.669695,37.132381],[-88.669612,37.132352],[-88.669555,37.132333],[-88.669498,37.13231],[-88.66939,37.132266],[-88.669331,37.132241],[-88.669295,37.132227],[-88.669206,37.132199],[-88.669146,37.13218],[-88.669097,37.13216],[-88.669044,37.132135],[-88.66903,37.132128],[-88.668933,37.132087],[-88.668867,37.132061],[-88.668803,37.132035],[-88.668792,37.132031],[-88.668709,37.132],[-88.668627,37.131965],[-88.668608,37.131958],[-88.668537,37.131932],[-88.668445,37.131896],[-88.6684,37.131875],[-88.668361,37.131856],[-88.668292,37.131821],[-88.668228,37.131788],[-88.668164,37.131755],[-88.668133,37.131736],[-88.668101,37.13172],[-88.668052,37.131697],[-88.667983,37.13166],[-88.667932,37.131634],[-88.667869,37.131597],[-88.667809,37.131562],[-88.667744,37.131526],[-88.667692,37.131497],[-88.66762,37.131468],[-88.667543,37.131454],[-88.66742,37.131441],[-88.667239,37.131427],[-88.667183,37.131413],[-88.665242,37.130534],[-88.662755,37.129549],[-88.660139,37.128567],[-88.658241,37.127916],[-88.658126,37.12788],[-88.657941,37.127813],[-88.657862,37.127783],[-88.65784,37.127721],[-88.657794,37.127689],[-88.657762,37.127665],[-88.657745,37.127653],[-88.657685,37.127621],[-88.657629,37.127596],[-88.657415,37.127522],[-88.657295,37.127466],[-88.657272,37.127456],[-88.657231,37.12744],[-88.65716,37.127419],[-88.657105,37.127409],[-88.657074,37.127404],[-88.657015,37.127389],[-88.65697,37.127368],[-88.656914,37.127347],[-88.65639,37.127196],[-88.655998,37.127073],[-88.655959,37.127065],[-88.655603,37.126951],[-88.653812,37.126404],[-88.653748,37.126383],[-88.653689,37.126367],[-88.653633,37.126348],[-88.653709,37.126238],[-88.653548,37.126187],[-88.653218,37.126083],[-88.652904,37.125982],[-88.65268,37.125919],[-88.65254,37.125874],[-88.652487,37.125857],[-88.652386,37.125829],[-88.65224,37.125781],[-88.652125,37.125749],[-88.652005,37.125712],[-88.651879,37.125671],[-88.651812,37.125652],[-88.651677,37.125611],[-88.65145,37.125542],[-88.651384,37.125623],[-88.651299,37.125642],[-88.65114,37.125657],[-88.651073,37.125651],[-88.650954,37.125655],[-88.650858,37.125659],[-88.650501,37.125561],[-88.649958,37.125356],[-88.649571,37.125175],[-88.64912,37.125065],[-88.648602,37.124869],[-88.647973,37.12466],[-88.647268,37.124393],[-88.646788,37.124204],[-88.646202,37.123975],[-88.645675,37.123728],[-88.645281,37.123471],[-88.645021,37.123235],[-88.644856,37.12299],[-88.644664,37.122811],[-88.644351,37.122541],[-88.644042,37.122389],[-88.643661,37.122291],[-88.643186,37.122226],[-88.643162,37.122223],[-88.642896,37.122158],[-88.641139,37.121984],[-88.64039,37.121832],[-88.640182,37.121769],[-88.639746,37.121588],[-88.639263,37.121489],[-88.637862,37.121365],[-88.636078,37.121207],[-88.634922,37.12102],[-88.634249,37.120964],[-88.633772,37.121014],[-88.631916,37.121163],[-88.631695,37.121131],[-88.631506,37.121083],[-88.631271,37.121031],[-88.631254,37.121027],[-88.630966,37.120976],[-88.63083,37.120946],[-88.630611,37.120899],[-88.630357,37.120845],[-88.630335,37.12084],[-88.630086,37.120801],[-88.629824,37.120766],[-88.629569,37.12073],[-88.629315,37.120677],[-88.629059,37.120622],[-88.628648,37.120503],[-88.628334,37.120402],[-88.628321,37.120399],[-88.627321,37.120031],[-88.627268,37.120011],[-88.62548,37.119354],[-88.623151,37.118494],[-88.621845,37.11807],[-88.618689,37.116768],[-88.618588,37.116723],[-88.6185,37.116684],[-88.616911,37.116004],[-88.616889,37.115989],[-88.616758,37.115902],[-88.616693,37.115868],[-88.616466,37.115776],[-88.616448,37.11577],[-88.616277,37.11571],[-88.616215,37.115683],[-88.616073,37.115621],[-88.615525,37.115366],[-88.61492,37.115048],[-88.614624,37.114851],[-88.614375,37.114687],[-88.614238,37.114584],[-88.614203,37.114562],[-88.613947,37.114415],[-88.613927,37.114404],[-88.613712,37.114299],[-88.613339,37.114097],[-88.613325,37.11409],[-88.612959,37.113911],[-88.612536,37.113717],[-88.612404,37.113657],[-88.612149,37.113544],[-88.611819,37.113391],[-88.611726,37.113344],[-88.611653,37.113295],[-88.611621,37.113276],[-88.611492,37.113209],[-88.611334,37.113104],[-88.611266,37.11307],[-88.611048,37.112984],[-88.610835,37.112878],[-88.6108,37.112862],[-88.610588,37.112782],[-88.610451,37.112729],[-88.610339,37.112675],[-88.610199,37.112609],[-88.610035,37.112536],[-88.609809,37.112432],[-88.609631,37.112343],[-88.609448,37.112235],[-88.609197,37.112098],[-88.609097,37.112015],[-88.609035,37.111966],[-88.608993,37.111938],[-88.608799,37.111827],[-88.608482,37.111632],[-88.608173,37.111432],[-88.608155,37.111421],[-88.607886,37.111269],[-88.607856,37.111254],[-88.60767,37.111171],[-88.607401,37.111035],[-88.607228,37.11093],[-88.607182,37.110906],[-88.607058,37.110852],[-88.607033,37.110842],[-88.606984,37.110825],[-88.606889,37.110773],[-88.606735,37.110643],[-88.606698,37.110616],[-88.606648,37.11059],[-88.606556,37.110554],[-88.606424,37.110488],[-88.6063,37.110422],[-88.606141,37.110331],[-88.605943,37.110202],[-88.605893,37.110175],[-88.605728,37.1101],[-88.605565,37.109992],[-88.605486,37.109939],[-88.605364,37.109843],[-88.605334,37.109822],[-88.605317,37.109811],[-88.605168,37.109719],[-88.605143,37.109705],[-88.604985,37.109624],[-88.604839,37.109547],[-88.604779,37.109493],[-88.604643,37.109375],[-88.604631,37.109365],[-88.604478,37.109245],[-88.604412,37.109204],[-88.604253,37.10913],[-88.604004,37.108985],[-88.603922,37.10895],[-88.603796,37.108913],[-88.603669,37.108861],[-88.603509,37.108781],[-88.603287,37.108679],[-88.603216,37.108647],[-88.60297,37.108503],[-88.602832,37.108413],[-88.602753,37.108342],[-88.602682,37.108293],[-88.602495,37.108197],[-88.602288,37.108068],[-88.60217,37.107975],[-88.602014,37.107857],[-88.601879,37.107712],[-88.601722,37.10755],[-88.601647,37.107493],[-88.601481,37.107401],[-88.601459,37.107389],[-88.601254,37.107293],[-88.600937,37.107139],[-88.600615,37.106969],[-88.600384,37.106826],[-88.600375,37.10682],[-88.600241,37.10672],[-88.600215,37.106702],[-88.600028,37.106588],[-88.600006,37.106576],[-88.599737,37.106437],[-88.59946,37.10626],[-88.599239,37.106119],[-88.59922,37.106108],[-88.598916,37.10594],[-88.598591,37.105759],[-88.598206,37.10548],[-88.597949,37.105293],[-88.597555,37.105037],[-88.597149,37.104731],[-88.596655,37.104342],[-88.596334,37.104042],[-88.596234,37.103916],[-88.596054,37.103665],[-88.595852,37.103413],[-88.595607,37.103129],[-88.595296,37.102803],[-88.595105,37.102579],[-88.594504,37.102102],[-88.590313,37.100056],[-88.59012,37.09995],[-88.589865,37.099785],[-88.589846,37.099668],[-88.589782,37.099567],[-88.589737,37.099499],[-88.589709,37.099458],[-88.589684,37.099419],[-88.589677,37.099372],[-88.589659,37.099326],[-88.589649,37.099307],[-88.589579,37.099192],[-88.589557,37.099161],[-88.589472,37.099046],[-88.589453,37.099],[-88.589362,37.098783],[-88.589142,37.098363],[-88.588904,37.098073],[-88.588773,37.097935],[-88.588768,37.097807],[-88.588679,37.097688],[-88.588508,37.097598],[-88.588104,37.097143],[-88.587995,37.097036],[-88.58792,37.096958],[-88.587762,37.096774],[-88.587552,37.096543],[-88.587411,37.096378],[-88.587341,37.096292],[-88.587287,37.096219],[-88.587235,37.09616],[-88.587059,37.095955],[-88.586882,37.095724],[-88.58662,37.095447],[-88.586153,37.094879],[-88.586073,37.09478],[-88.585959,37.094642],[-88.585853,37.094516],[-88.585739,37.094398],[-88.585633,37.094259],[-88.58551,37.094114],[-88.585414,37.094008],[-88.585343,37.093916],[-88.585122,37.093631],[-88.584909,37.093334],[-88.584824,37.093205],[-88.584567,37.092894],[-88.584415,37.092699],[-88.584161,37.092429],[-88.584022,37.092261],[-88.583994,37.092231],[-88.583792,37.092],[-88.583444,37.091699],[-88.5832,37.091469],[-88.583026,37.091298],[-88.5828,37.091108],[-88.582713,37.091029],[-88.58259,37.090904],[-88.582364,37.090687],[-88.581982,37.09036],[-88.581643,37.090058],[-88.581225,37.089698],[-88.581,37.089501],[-88.580665,37.089189],[-88.580214,37.088761],[-88.579587,37.088247],[-88.579566,37.088226],[-88.57915,37.087861],[-88.57911,37.087832],[-88.578702,37.087571],[-88.57867,37.087552],[-88.578276,37.087355],[-88.578307,37.087303],[-88.57833,37.087239],[-88.578344,37.08716],[-88.578343,37.087094],[-88.578329,37.087018],[-88.578315,37.08698],[-88.578305,37.086956],[-88.578278,37.086913],[-88.578242,37.086875],[-88.578207,37.086848],[-88.578159,37.086815],[-88.578141,37.086804],[-88.578096,37.086777],[-88.578001,37.086713],[-88.577854,37.086614],[-88.577839,37.086604],[-88.577694,37.086517],[-88.577651,37.086495],[-88.577449,37.086408],[-88.577271,37.086316],[-88.577101,37.086214],[-88.576995,37.086153],[-88.576954,37.086119],[-88.576963,37.086055],[-88.576965,37.086015],[-88.576958,37.085967],[-88.576944,37.085927],[-88.576916,37.085866],[-88.576886,37.085818],[-88.57685,37.08578],[-88.576807,37.085747],[-88.576791,37.085738],[-88.576694,37.085683],[-88.576598,37.085646],[-88.576468,37.085614],[-88.576097,37.085521],[-88.57605,37.0855],[-88.575965,37.08545],[-88.575883,37.085395],[-88.575802,37.085343],[-88.575699,37.085277],[-88.575617,37.085218],[-88.575563,37.085186],[-88.575439,37.085126],[-88.575358,37.085098],[-88.57532,37.085089],[-88.575149,37.085019],[-88.575099,37.085004],[-88.574815,37.084935],[-88.574682,37.084894],[-88.574627,37.084878],[-88.574585,37.084865],[-88.574516,37.084844],[-88.574461,37.084776],[-88.574357,37.084616],[-88.574343,37.08455],[-88.574245,37.084158],[-88.574104,37.083743],[-88.573754,37.083047],[-88.573742,37.083009],[-88.573575,37.082473],[-88.573509,37.082105],[-88.573438,37.081327],[-88.57337,37.080893],[-88.573341,37.080408],[-88.573159,37.080001],[-88.572863,37.079656],[-88.572167,37.07922],[-88.5719,37.079079],[-88.571452,37.078843],[-88.570299,37.078217],[-88.569983,37.078029],[-88.569935,37.078],[-88.569634,37.077772],[-88.569418,37.077609],[-88.569288,37.077495],[-88.568873,37.077027],[-88.568308,37.076462],[-88.567932,37.076195],[-88.567726,37.076007],[-88.567309,37.075757],[-88.566839,37.0755],[-88.56651,37.075374],[-88.566061,37.075237],[-88.565923,37.075195],[-88.565417,37.075163],[-88.565363,37.075192],[-88.56515,37.075373],[-88.565058,37.075719],[-88.565156,37.076094],[-88.565358,37.076458],[-88.565675,37.076827],[-88.566057,37.077254],[-88.566149,37.077486],[-88.566143,37.077587],[-88.566041,37.077673],[-88.565896,37.077694],[-88.565696,37.077673],[-88.565494,37.077586],[-88.565163,37.077401],[-88.56489,37.077275],[-88.564624,37.077192],[-88.563448,37.076942],[-88.563106,37.076892],[-88.56218,37.076818],[-88.561548,37.076683],[-88.561265,37.076621],[-88.561091,37.076588],[-88.560839,37.076512],[-88.56062,37.076395],[-88.560445,37.076303],[-88.560113,37.076105],[-88.559844,37.07593],[-88.559604,37.075769],[-88.559581,37.075754],[-88.559365,37.075632],[-88.559162,37.075509],[-88.559007,37.075422],[-88.558978,37.075408],[-88.558837,37.075344],[-88.558648,37.075254],[-88.558427,37.075157],[-88.558237,37.075059],[-88.55821,37.075046],[-88.557902,37.074918],[-88.557771,37.074847],[-88.557541,37.074714],[-88.557304,37.074593],[-88.557145,37.074493],[-88.55708,37.074461],[-88.556887,37.074388],[-88.556824,37.074355],[-88.5568,37.074343],[-88.556676,37.074289],[-88.556553,37.07424],[-88.556402,37.074187],[-88.556387,37.074182],[-88.556203,37.074126],[-88.556059,37.074074],[-88.555974,37.074037],[-88.555856,37.073973],[-88.555824,37.073958],[-88.555746,37.073925],[-88.555605,37.073854],[-88.555417,37.073761],[-88.555175,37.073642],[-88.555156,37.073633],[-88.55499,37.073562],[-88.554827,37.073496],[-88.554805,37.073487],[-88.554682,37.073446],[-88.554582,37.073388],[-88.554542,37.073368],[-88.554377,37.073297],[-88.554361,37.073291],[-88.554203,37.073232],[-88.554185,37.073226],[-88.5541,37.073198],[-88.553983,37.073137],[-88.553928,37.073113],[-88.553833,37.073082],[-88.553711,37.073039],[-88.553597,37.073002],[-88.553473,37.072954],[-88.553304,37.072885],[-88.553175,37.072832],[-88.553017,37.072764],[-88.552938,37.072728],[-88.55278,37.072663],[-88.552636,37.072607],[-88.552596,37.072593],[-88.552463,37.072557],[-88.552394,37.072536],[-88.552106,37.072423],[-88.552074,37.072412],[-88.5519,37.072361],[-88.551778,37.072306],[-88.551716,37.072285],[-88.551554,37.072242],[-88.55141,37.072186],[-88.551392,37.072179],[-88.5512,37.072115],[-88.551042,37.072061],[-88.550957,37.072042],[-88.550897,37.072035],[-88.550804,37.072011],[-88.550668,37.071973],[-88.550593,37.071938],[-88.55057,37.071928],[-88.550432,37.071874],[-88.550357,37.071853],[-88.550255,37.071834],[-88.550207,37.071822],[-88.550095,37.07178],[-88.549951,37.071729],[-88.54981,37.071682],[-88.549709,37.071642],[-88.549676,37.071631],[-88.549576,37.071602],[-88.549448,37.071557],[-88.549201,37.071474],[-88.548965,37.071401],[-88.548807,37.071352],[-88.548682,37.071303],[-88.548643,37.07129],[-88.548526,37.071258],[-88.548464,37.071241],[-88.548415,37.071227],[-88.548374,37.071217],[-88.54823,37.071191],[-88.54815,37.071184],[-88.548089,37.071184],[-88.547963,37.071152],[-88.547825,37.071111],[-88.547805,37.071106],[-88.547752,37.071083],[-88.547725,37.071073],[-88.54766,37.071051],[-88.5476,37.071028],[-88.547552,37.071014],[-88.54751,37.071004],[-88.547317,37.070946],[-88.547214,37.070911],[-88.547175,37.0709],[-88.547126,37.070888],[-88.546925,37.070819],[-88.546848,37.070801],[-88.546546,37.070759],[-88.546477,37.070755],[-88.546418,37.070761],[-88.546361,37.070775],[-88.546322,37.070775],[-88.546233,37.070747],[-88.546123,37.070704],[-88.546065,37.07067],[-88.545961,37.070612],[-88.545938,37.0706],[-88.545869,37.070567],[-88.545813,37.070546],[-88.545703,37.070514],[-88.545635,37.0705],[-88.545575,37.070497],[-88.54552,37.070502],[-88.545417,37.070518],[-88.545329,37.070529],[-88.54531,37.070532],[-88.545226,37.070546],[-88.545191,37.070543],[-88.545137,37.070514],[-88.545095,37.070492],[-88.544941,37.070413],[-88.544826,37.070381],[-88.544447,37.070308],[-88.543783,37.070164],[-88.542941,37.070025],[-88.542499,37.069968],[-88.54232,37.069872],[-88.542295,37.06986],[-88.54224,37.069841],[-88.542203,37.069833],[-88.541986,37.069797],[-88.541845,37.069771],[-88.541781,37.069764],[-88.541638,37.06976],[-88.541509,37.069755],[-88.541469,37.069755],[-88.541441,37.069757],[-88.541419,37.06975],[-88.541231,37.069692],[-88.54112,37.069648],[-88.54104,37.06961],[-88.540807,37.069552],[-88.54044,37.069459],[-88.540419,37.069457],[-88.5404,37.069455],[-88.540348,37.069452],[-88.54026,37.069436],[-88.540086,37.0694],[-88.540067,37.069396],[-88.539815,37.069355],[-88.539731,37.069323],[-88.539606,37.069249],[-88.539563,37.069223],[-88.539502,37.069194],[-88.539398,37.069157],[-88.53928,37.069116],[-88.53921,37.069099],[-88.539122,37.069085],[-88.539025,37.069063],[-88.538887,37.069027],[-88.538864,37.069022],[-88.538679,37.068985],[-88.53863,37.068978],[-88.538507,37.068968],[-88.538493,37.068967],[-88.537136,37.068625],[-88.53709,37.068619],[-88.536956,37.06859],[-88.536938,37.068587],[-88.53678,37.068561],[-88.536747,37.068556],[-88.536657,37.068548],[-88.536577,37.068531],[-88.536426,37.068484],[-88.536343,37.068456],[-88.536266,37.068426],[-88.536167,37.06838],[-88.53609,37.068344],[-88.535941,37.068277],[-88.535874,37.068254],[-88.535743,37.068222],[-88.535581,37.068184],[-88.535556,37.068179],[-88.535432,37.068157],[-88.535311,37.06814],[-88.535293,37.068138],[-88.535193,37.068128],[-88.535058,37.068112],[-88.534986,37.06811],[-88.534951,37.068112],[-88.534921,37.068114],[-88.534862,37.068105],[-88.534794,37.0681],[-88.534723,37.0681],[-88.534649,37.068097],[-88.534588,37.068089],[-88.534456,37.068069],[-88.534433,37.068066],[-88.534306,37.068026],[-88.534234,37.068008],[-88.534147,37.067981],[-88.53406,37.067957],[-88.533924,37.067923],[-88.533845,37.067904],[-88.53372,37.06788],[-88.532055,37.067493],[-88.530734,37.067212],[-88.528983,37.066826],[-88.528078,37.066671],[-88.526615,37.066437],[-88.525331,37.066216],[-88.524363,37.066055],[-88.523394,37.065876],[-88.522763,37.06579],[-88.521755,37.06568],[-88.520296,37.065555],[-88.520221,37.065551],[-88.516686,37.065384],[-88.5152,37.06541],[-88.514049,37.065431],[-88.512309,37.065501],[-88.511203,37.06535],[-88.507903,37.065462],[-88.504295,37.06558],[-88.502972,37.06564],[-88.502948,37.065646],[-88.502375,37.065737],[-88.502296,37.06575],[-88.502258,37.065762],[-88.502185,37.065786],[-88.502115,37.065811],[-88.502037,37.065839],[-88.501981,37.065851],[-88.501898,37.065879],[-88.501661,37.065953],[-88.50162,37.065968],[-88.501477,37.066002],[-88.501366,37.066009],[-88.501231,37.066015],[-88.501081,37.066021],[-88.501059,37.066023],[-88.500937,37.066034],[-88.500807,37.066046],[-88.500697,37.066058],[-88.500567,37.066068],[-88.500459,37.066069],[-88.500286,37.066076],[-88.500255,37.066078],[-88.50012,37.066052],[-88.500034,37.06604],[-88.499979,37.066044],[-88.4991,37.06618],[-88.498114,37.066355],[-88.49728,37.066519],[-88.497257,37.066524],[-88.496618,37.066688],[-88.495698,37.066867],[-88.495291,37.066925],[-88.495207,37.066937],[-88.494974,37.066981],[-88.494914,37.067001],[-88.494879,37.067017],[-88.494837,37.067018],[-88.494777,37.067033],[-88.494389,37.06712],[-88.493602,37.067336],[-88.493507,37.067367],[-88.49288,37.067521],[-88.492803,37.067542],[-88.492456,37.067623],[-88.491873,37.067801],[-88.491282,37.06793],[-88.490726,37.068064],[-88.490542,37.068135],[-88.490485,37.068171],[-88.490413,37.068216],[-88.490262,37.06829],[-88.490204,37.0683],[-88.490145,37.068311],[-88.490004,37.068335],[-88.489965,37.068343],[-88.489406,37.068456],[-88.488841,37.068387],[-88.488183,37.068249],[-88.487759,37.068105],[-88.487278,37.067918],[-88.487009,37.067767],[-88.486561,37.067593],[-88.486165,37.067585],[-88.485151,37.067796],[-88.484613,37.067932],[-88.484506,37.06793],[-88.484249,37.067907],[-88.484159,37.067899],[-88.483753,37.067766],[-88.483623,37.067723],[-88.483407,37.06763],[-88.483307,37.067564],[-88.483058,37.067401],[-88.482782,37.06725],[-88.482624,37.067257],[-88.48218,37.067368],[-88.481491,37.067834],[-88.480709,37.068189],[-88.479541,37.068524],[-88.478077,37.068769],[-88.476666,37.068902],[-88.474667,37.069253],[-88.47284,37.069774],[-88.471843,37.070225],[-88.47157,37.070365],[-88.47119,37.070594],[-88.470368,37.071007],[-88.470189,37.071076],[-88.469361,37.071395],[-88.467911,37.071803],[-88.46628,37.072284],[-88.464246,37.072854],[-88.462796,37.073262],[-88.461958,37.073557],[-88.461228,37.073977],[-88.461138,37.074029],[-88.460594,37.074298],[-88.459941,37.074628],[-88.459268,37.075248],[-88.458517,37.076098],[-88.457247,37.078133],[-88.456525,37.079606],[-88.456433,37.079742],[-88.456283,37.080016],[-88.455722,37.080838],[-88.454917,37.081724],[-88.454602,37.082076],[-88.454161,37.082572],[-88.452528,37.084498],[-88.45214,37.084893],[-88.45209,37.084944],[-88.451166,37.08594],[-88.450453,37.086637],[-88.449856,37.087144],[-88.44938,37.087608],[-88.449322,37.087881],[-88.449296,37.088107],[-88.449109,37.08854],[-88.448985,37.088827],[-88.448783,37.089169],[-88.448133,37.089904],[-88.447633,37.090478],[-88.446371,37.092065],[-88.445614,37.093332],[-88.444767,37.095256],[-88.444583,37.096419],[-88.444622,37.097355],[-88.444985,37.098196],[-88.445319,37.098667],[-88.445568,37.099018],[-88.445804,37.09943],[-88.445776,37.099683],[-88.444986,37.100242],[-88.444659,37.100512],[-88.444279,37.100872],[-88.44372,37.101542],[-88.442971,37.102761],[-88.442711,37.103199],[-88.442377,37.103838],[-88.441815,37.104984],[-88.441309,37.106336],[-88.440912,37.107637],[-88.440626,37.1086],[-88.440583,37.109123],[-88.440626,37.1093],[-88.440774,37.109296],[-88.440832,37.109273],[-88.440956,37.109223],[-88.441374,37.108869],[-88.441685,37.108595],[-88.441835,37.108336],[-88.442002,37.108184],[-88.44216,37.108131],[-88.442296,37.108138],[-88.442446,37.108213],[-88.442539,37.108388],[-88.442548,37.108645],[-88.442533,37.108911],[-88.442576,37.109097],[-88.442654,37.109194],[-88.442778,37.109221],[-88.442894,37.109178],[-88.442917,37.109146],[-88.443072,37.108849],[-88.443202,37.108699],[-88.443348,37.108646],[-88.443424,37.108694],[-88.44343,37.108718],[-88.44351,37.109037],[-88.443492,37.109589],[-88.443377,37.110509],[-88.443194,37.111233],[-88.442984,37.111918],[-88.442456,37.112975],[-88.441776,37.113937],[-88.441534,37.114405],[-88.441051,37.115343],[-88.440567,37.116291],[-88.440096,37.117238],[-88.439531,37.118306],[-88.439095,37.119193],[-88.438786,37.119861],[-88.438647,37.120124],[-88.438464,37.12049],[-88.43841,37.120552],[-88.438393,37.120572],[-88.438352,37.120627],[-88.438309,37.120683],[-88.438267,37.12074],[-88.438217,37.1208],[-88.438154,37.120879],[-88.438147,37.120887],[-88.438083,37.120975],[-88.438041,37.121034],[-88.437995,37.1211],[-88.437966,37.121143],[-88.437934,37.121192],[-88.437889,37.121254],[-88.437851,37.121305],[-88.437814,37.121358],[-88.437772,37.121418],[-88.43774,37.121462],[-88.437692,37.121527],[-88.437656,37.121576],[-88.437645,37.121591],[-88.437622,37.121626],[-88.437607,37.121646],[-88.437587,37.121675],[-88.437563,37.121715],[-88.437557,37.121725],[-88.437536,37.121764],[-88.437524,37.121791],[-88.437513,37.121816],[-88.437505,37.121826],[-88.437478,37.121876],[-88.437452,37.121939],[-88.437435,37.122005],[-88.437428,37.122063],[-88.437423,37.122097],[-88.43741,37.122157],[-88.437403,37.122192],[-88.437389,37.122243],[-88.437386,37.122254],[-88.437376,37.1223],[-88.437368,37.122322],[-88.43735,37.12236],[-88.43734,37.122376],[-88.437323,37.1224],[-88.437297,37.122436],[-88.437244,37.122502],[-88.437189,37.122574],[-88.43716,37.122613],[-88.437127,37.122658],[-88.437117,37.122673],[-88.437063,37.122758],[-88.437006,37.122838],[-88.436939,37.122931],[-88.43693,37.122944],[-88.436896,37.122998],[-88.436876,37.123035],[-88.436856,37.123065],[-88.43685,37.123074],[-88.436818,37.123125],[-88.436774,37.123191],[-88.436762,37.12321],[-88.436733,37.123261],[-88.436724,37.123277],[-88.436709,37.123309],[-88.436702,37.12332],[-88.436687,37.123345],[-88.436642,37.123404],[-88.436603,37.123457],[-88.436555,37.12352],[-88.436492,37.123599],[-88.436469,37.123633],[-88.436433,37.123694],[-88.436424,37.12371],[-88.436411,37.123737],[-88.436371,37.123796],[-88.436304,37.123896],[-88.436244,37.123988],[-88.436235,37.124002],[-88.436195,37.124072],[-88.436137,37.124169],[-88.436098,37.124231],[-88.436061,37.124287],[-88.436019,37.12435],[-88.435981,37.124409],[-88.43597,37.124426],[-88.435946,37.12447],[-88.435906,37.124535],[-88.4359,37.124546],[-88.435871,37.124599],[-88.435836,37.124662],[-88.435801,37.124724],[-88.435778,37.124758],[-88.435722,37.124844],[-88.43567,37.124924],[-88.435633,37.124985],[-88.435603,37.125033],[-88.435596,37.125044],[-88.435559,37.125109],[-88.435526,37.125166],[-88.435482,37.125244],[-88.435467,37.125275],[-88.435455,37.125306],[-88.435438,37.125344],[-88.435422,37.125371],[-88.4354,37.125404],[-88.435353,37.125468],[-88.435284,37.125565],[-88.435246,37.12562],[-88.435233,37.12564],[-88.435189,37.125715],[-88.435116,37.12584],[-88.435074,37.125909],[-88.435068,37.125919],[-88.43503,37.125989],[-88.435005,37.126038],[-88.434965,37.12612],[-88.434928,37.126184],[-88.434921,37.126198],[-88.434884,37.126272],[-88.434855,37.12632],[-88.434823,37.126375],[-88.434805,37.126411],[-88.434801,37.126423],[-88.434791,37.126437],[-88.434779,37.126455],[-88.434727,37.126542],[-88.434703,37.126583],[-88.434683,37.126615],[-88.434664,37.126651],[-88.43463,37.126727],[-88.434595,37.126804],[-88.434571,37.126857],[-88.434529,37.126949],[-88.434482,37.127053],[-88.434475,37.127069],[-88.434444,37.12715],[-88.434424,37.127194],[-88.434416,37.127211],[-88.434389,37.127279],[-88.434366,37.127338],[-88.434358,37.127364],[-88.434341,37.127425],[-88.434323,37.127487],[-88.434306,37.127535],[-88.434284,37.127589],[-88.434196,37.127808],[-88.434189,37.127827],[-88.434179,37.127859],[-88.434144,37.127941],[-88.43412,37.127998],[-88.434092,37.128054],[-88.434056,37.128126],[-88.434002,37.12823],[-88.433972,37.128286],[-88.433953,37.128332],[-88.433943,37.128362],[-88.433908,37.128443],[-88.433868,37.128543],[-88.433846,37.128585],[-88.433829,37.128611],[-88.433819,37.128628],[-88.433787,37.128686],[-88.433755,37.128745],[-88.433742,37.128771],[-88.433718,37.128831],[-88.433676,37.128921],[-88.433671,37.128933],[-88.433635,37.129022],[-88.433621,37.129066],[-88.433612,37.129108],[-88.433595,37.129169],[-88.433583,37.129203],[-88.43358,37.129213],[-88.433554,37.1293],[-88.433539,37.12936],[-88.433534,37.129383],[-88.433521,37.12946],[-88.433511,37.129509],[-88.433503,37.129544],[-88.433484,37.129587],[-88.433472,37.129616],[-88.433461,37.129635],[-88.433446,37.129663],[-88.433429,37.129696],[-88.4334,37.129795],[-88.433398,37.129815],[-88.433397,37.129841],[-88.433385,37.12987],[-88.433374,37.129904],[-88.433359,37.129964],[-88.433341,37.130029],[-88.433316,37.130101],[-88.43331,37.13012],[-88.433285,37.130217],[-88.433261,37.130301],[-88.433238,37.130385],[-88.433209,37.130491],[-88.433178,37.130611],[-88.433152,37.130697],[-88.433124,37.130772],[-88.433121,37.130782],[-88.433094,37.130862],[-88.433065,37.130942],[-88.433039,37.131009],[-88.433025,37.131047],[-88.433002,37.131087],[-88.432991,37.131108],[-88.432969,37.131155],[-88.432961,37.131173],[-88.432933,37.131248],[-88.432928,37.131259],[-88.432906,37.131328],[-88.432897,37.131363],[-88.432881,37.131451],[-88.432871,37.131499],[-88.432859,37.131545],[-88.432837,37.13162],[-88.432824,37.131662],[-88.432797,37.131742],[-88.432767,37.131823],[-88.43274,37.131889],[-88.432716,37.131952],[-88.432706,37.131987],[-88.432682,37.132093],[-88.432666,37.132159],[-88.432656,37.132205],[-88.432654,37.132216],[-88.432649,37.132245],[-88.432642,37.132264],[-88.432626,37.132296],[-88.432601,37.13234],[-88.432571,37.13239],[-88.432542,37.132441],[-88.432514,37.132504],[-88.432487,37.132559],[-88.432481,37.132572],[-88.432456,37.132631],[-88.432432,37.132676],[-88.432421,37.132698],[-88.432401,37.132744],[-88.432369,37.132813],[-88.432335,37.132879],[-88.432306,37.132939],[-88.432279,37.132985],[-88.43227,37.133002],[-88.432236,37.133072],[-88.432231,37.133083],[-88.432199,37.133157],[-88.432172,37.133213],[-88.432145,37.133259],[-88.432104,37.133331],[-88.432063,37.133404],[-88.432012,37.133489],[-88.43196,37.133582],[-88.431911,37.133662],[-88.431874,37.133723],[-88.43183,37.133797],[-88.431824,37.133808],[-88.43178,37.13389],[-88.43174,37.133961],[-88.431694,37.134045],[-88.431684,37.134066],[-88.431644,37.134157],[-88.431609,37.134242],[-88.431564,37.134345],[-88.43151,37.134463],[-88.431505,37.134474],[-88.431465,37.134573],[-88.431444,37.13463],[-88.431423,37.134691],[-88.431417,37.134708],[-88.431405,37.134752],[-88.431398,37.134776],[-88.431387,37.134842],[-88.431387,37.134874],[-88.431379,37.134886],[-88.431341,37.134952],[-88.431334,37.134964],[-88.431291,37.135046],[-88.431253,37.135119],[-88.431211,37.135198],[-88.431159,37.135299],[-88.431117,37.135382],[-88.431057,37.135505],[-88.431015,37.135588],[-88.431004,37.135612],[-88.430971,37.135696],[-88.430936,37.135771],[-88.430932,37.13578],[-88.430899,37.135859],[-88.430871,37.135929],[-88.43086,37.135951],[-88.43083,37.136015],[-88.430802,37.136074],[-88.430797,37.136085],[-88.430757,37.136177],[-88.430754,37.136186],[-88.430727,37.136255],[-88.430698,37.136324],[-88.430676,37.136374],[-88.430654,37.136419],[-88.43065,37.136428],[-88.430632,37.136468],[-88.430609,37.136514],[-88.430603,37.136528],[-88.430583,37.136573],[-88.430553,37.136635],[-88.430531,37.136718],[-88.430501,37.136762],[-88.430474,37.136814],[-88.430466,37.136832],[-88.430423,37.136931],[-88.430413,37.136958],[-88.430391,37.137029],[-88.430386,37.137048],[-88.430366,37.137139],[-88.43035,37.137215],[-88.430337,37.137271],[-88.430317,37.137336],[-88.430312,37.137356],[-88.430308,37.137377],[-88.430286,37.13744],[-88.430253,37.137526],[-88.430226,37.137593],[-88.430193,37.137656],[-88.430165,37.137706],[-88.430124,37.13778],[-88.430111,37.137805],[-88.430092,37.13785],[-88.430072,37.137901],[-88.430036,37.137978],[-88.430031,37.137991],[-88.430003,37.138061],[-88.429999,37.138073],[-88.429973,37.138147],[-88.429955,37.138181],[-88.429925,37.138248],[-88.4299,37.138301],[-88.429874,37.13835],[-88.429848,37.138404],[-88.429822,37.138461],[-88.4298,37.1385],[-88.429792,37.138513],[-88.429744,37.138611],[-88.429689,37.138727],[-88.429638,37.13884],[-88.429604,37.138909],[-88.42957,37.138984],[-88.429566,37.138995],[-88.429542,37.139055],[-88.429537,37.139067],[-88.429527,37.139095],[-88.429515,37.139116],[-88.4295,37.139148],[-88.429492,37.139168],[-88.429445,37.139256],[-88.429413,37.139317],[-88.429389,37.139362],[-88.429378,37.139381],[-88.429354,37.139412],[-88.429345,37.139425],[-88.429316,37.139469],[-88.429277,37.139523],[-88.429261,37.139547],[-88.429231,37.139597],[-88.429219,37.139621],[-88.429188,37.139688],[-88.429178,37.139711],[-88.429155,37.139778],[-88.429132,37.139841],[-88.429128,37.139855],[-88.429117,37.139894],[-88.429098,37.139939],[-88.429075,37.139975],[-88.429038,37.140023],[-88.42901,37.140069],[-88.428971,37.140146],[-88.428964,37.140161],[-88.428932,37.140234],[-88.428925,37.140252],[-88.428906,37.140307],[-88.428882,37.140355],[-88.428869,37.140386],[-88.428858,37.140419],[-88.428844,37.140443],[-88.428832,37.140469],[-88.428803,37.140536],[-88.428781,37.140582],[-88.428756,37.140635],[-88.428749,37.140651],[-88.428729,37.140701],[-88.428706,37.14074],[-88.428674,37.140798],[-88.428668,37.140808],[-88.428642,37.140859],[-88.428631,37.140884],[-88.428596,37.140976],[-88.428586,37.141004],[-88.42857,37.141066],[-88.428564,37.141086],[-88.428541,37.141139],[-88.42853,37.14117],[-88.428519,37.141208],[-88.428513,37.141233],[-88.428511,37.141288],[-88.428485,37.14132],[-88.428462,37.14136],[-88.428449,37.141388],[-88.42843,37.141449],[-88.428419,37.141504],[-88.428415,37.14154],[-88.428411,37.141622],[-88.428409,37.141649],[-88.428401,37.14171],[-88.428392,37.141761],[-88.428382,37.14181],[-88.428376,37.141836],[-88.428354,37.141906],[-88.428347,37.141935],[-88.428334,37.142001],[-88.428321,37.142062],[-88.428317,37.142086],[-88.428309,37.142158],[-88.428309,37.142177],[-88.428285,37.142198],[-88.428247,37.142243],[-88.428228,37.142276],[-88.428196,37.142341],[-88.428187,37.142361],[-88.428139,37.142479],[-88.428134,37.142496],[-88.428081,37.142657],[-88.42804,37.142767],[-88.428035,37.14278],[-88.428003,37.142885],[-88.427996,37.142907],[-88.427961,37.143001],[-88.427932,37.143073],[-88.427901,37.143141],[-88.42787,37.143212],[-88.427857,37.143251],[-88.427836,37.143332],[-88.427814,37.143411],[-88.427787,37.143491],[-88.427765,37.143554],[-88.427734,37.143638],[-88.42773,37.143651],[-88.427701,37.143744],[-88.427697,37.14376],[-88.427682,37.143824],[-88.427672,37.143864],[-88.427657,37.143904],[-88.427636,37.143958],[-88.427615,37.144004],[-88.427593,37.144048],[-88.427582,37.144075],[-88.427562,37.14413],[-88.427542,37.144185],[-88.427525,37.144234],[-88.427508,37.144266],[-88.427495,37.144291],[-88.427475,37.144338],[-88.427446,37.144409],[-88.427441,37.144421],[-88.427425,37.144468],[-88.427407,37.144523],[-88.427382,37.144584],[-88.427361,37.144626],[-88.427347,37.144661],[-88.427324,37.144729],[-88.427297,37.1448],[-88.42727,37.144872],[-88.427262,37.144896],[-88.427245,37.14496],[-88.427216,37.145052],[-88.427194,37.145124],[-88.427176,37.145179],[-88.427169,37.1452],[-88.427153,37.145268],[-88.427135,37.145324],[-88.427119,37.145369],[-88.427113,37.145388],[-88.427093,37.14546],[-88.427073,37.145536],[-88.427064,37.145573],[-88.427052,37.145604],[-88.427039,37.145638],[-88.42702,37.145673],[-88.427004,37.145711],[-88.426972,37.145805],[-88.426962,37.145842],[-88.426882,37.145983],[-88.426859,37.146065],[-88.426823,37.146189],[-88.426739,37.146458],[-88.4267,37.146587],[-88.426664,37.146691],[-88.426621,37.146825],[-88.426574,37.146976],[-88.426521,37.14716],[-88.426479,37.147315],[-88.426455,37.147424],[-88.426423,37.14756],[-88.4264,37.147681],[-88.42636,37.147857],[-88.426314,37.148039],[-88.426223,37.148229],[-88.426144,37.148371],[-88.426035,37.148555],[-88.425939,37.148717],[-88.425883,37.14882],[-88.425826,37.148897],[-88.425657,37.149101],[-88.425543,37.149255],[-88.425146,37.149912],[-88.424756,37.150732],[-88.424704,37.15095],[-88.424631,37.151259],[-88.424599,37.151514],[-88.424589,37.151817],[-88.424606,37.152013],[-88.424657,37.152291],[-88.424792,37.152616],[-88.42496,37.153046],[-88.42512,37.153518],[-88.425368,37.154159],[-88.425576,37.15454],[-88.425771,37.15483],[-88.426038,37.15516],[-88.426398,37.155488],[-88.426793,37.155946],[-88.427298,37.156623],[-88.427706,37.157163],[-88.428142,37.157662],[-88.428213,37.157708],[-88.4285,37.15789],[-88.428938,37.158126],[-88.429548,37.158579],[-88.429949,37.158923],[-88.430417,37.15942],[-88.431073,37.160011],[-88.431661,37.160703],[-88.431938,37.161016],[-88.432389,37.161616],[-88.432411,37.161644],[-88.43306,37.162637],[-88.43343,37.163547],[-88.433614,37.164144],[-88.433685,37.164377],[-88.433721,37.164515],[-88.433805,37.164874],[-88.433816,37.165177],[-88.433741,37.165375],[-88.433546,37.16565],[-88.433409,37.165833],[-88.433368,37.166105],[-88.433376,37.166334],[-88.433431,37.166726],[-88.433629,37.167115],[-88.434097,37.167915],[-88.434499,37.16857],[-88.434798,37.169194],[-88.43501,37.169959],[-88.435111,37.170809],[-88.435199,37.171258],[-88.435284,37.171552],[-88.435501,37.172267],[-88.435787,37.173113],[-88.436068,37.173827],[-88.436476,37.174932],[-88.436863,37.176005],[-88.437091,37.176664],[-88.437281,37.177477],[-88.437393,37.17796],[-88.437668,37.179371],[-88.437854,37.179998],[-88.43799,37.180355],[-88.438761,37.181018],[-88.439291,37.18153],[-88.439745,37.18247],[-88.440143,37.183289],[-88.440313,37.183768],[-88.440559,37.184344],[-88.440807,37.185256],[-88.440888,37.185828],[-88.441083,37.186414],[-88.441455,37.187077],[-88.44199,37.187991],[-88.442146,37.188651],[-88.44217,37.189593],[-88.44223,37.189854],[-88.442307,37.190007],[-88.44264,37.190434],[-88.44322,37.191199],[-88.443578,37.191765],[-88.443837,37.192406],[-88.443971,37.193009],[-88.444037,37.193704],[-88.444,37.194385],[-88.44407,37.194933],[-88.444363,37.19568],[-88.444784,37.196555],[-88.445123,37.197162],[-88.445914,37.198676],[-88.446362,37.199731],[-88.446866,37.200949],[-88.447349,37.202134],[-88.447871,37.203261],[-88.448038,37.203642],[-88.448296,37.203981],[-88.449156,37.205116],[-88.449616,37.205663],[-88.45014,37.206274],[-88.450723,37.206834],[-88.451588,37.207543],[-88.452873,37.208514],[-88.454121,37.209337],[-88.454742,37.209798],[-88.455573,37.210664],[-88.4567,37.211818],[-88.457559,37.212642],[-88.458517,37.213354],[-88.45881,37.213519],[-88.45957,37.21387],[-88.460649,37.214239],[-88.461614,37.214586],[-88.462638,37.215127],[-88.463831,37.215821],[-88.464446,37.216135],[-88.465801,37.216759],[-88.467298,37.217364],[-88.468368,37.217754],[-88.468432,37.217786],[-88.469384,37.218381],[-88.470547,37.219116],[-88.471062,37.219472],[-88.471287,37.219613],[-88.471532,37.219852],[-88.471558,37.219874],[-88.471916,37.220153],[-88.471953,37.220178],[-88.472174,37.220307],[-88.47218,37.220329],[-88.472196,37.220369],[-88.472223,37.220411],[-88.472258,37.22045],[-88.472272,37.220462],[-88.472452,37.220605],[-88.472464,37.220614],[-88.472634,37.220737],[-88.472656,37.220867],[-88.472662,37.220892],[-88.472677,37.220931],[-88.472704,37.220974],[-88.47274,37.221012],[-88.472872,37.221128],[-88.473109,37.221368],[-88.473172,37.221417],[-88.473356,37.221528],[-88.473598,37.221739],[-88.473742,37.221895],[-88.474053,37.222365],[-88.474236,37.222661],[-88.474302,37.222735],[-88.474492,37.222885],[-88.474696,37.22316],[-88.474932,37.223482],[-88.474983,37.223535],[-88.475095,37.223627],[-88.475647,37.224199],[-88.476168,37.22471],[-88.476532,37.2252],[-88.476551,37.225223],[-88.476967,37.225672],[-88.477558,37.226292],[-88.47815,37.227024],[-88.478293,37.227266],[-88.478537,37.227646],[-88.478551,37.227665],[-88.478694,37.22785],[-88.47884,37.228074],[-88.478856,37.228097],[-88.479092,37.228388],[-88.479538,37.22912],[-88.479917,37.229808],[-88.480323,37.230606],[-88.480786,37.231513],[-88.481121,37.232156],[-88.481287,37.232613],[-88.481447,37.232994],[-88.481728,37.233722],[-88.482111,37.234709],[-88.482137,37.234783],[-88.482361,37.235428],[-88.482368,37.235446],[-88.482602,37.235979],[-88.483072,37.237105],[-88.483079,37.237121],[-88.483421,37.237801],[-88.483796,37.238469],[-88.48398,37.238834],[-88.484285,37.239487],[-88.484509,37.240087],[-88.484521,37.240114],[-88.484808,37.240664],[-88.484855,37.240729],[-88.485018,37.240895],[-88.485294,37.241296],[-88.48551,37.241585],[-88.485633,37.241873],[-88.485654,37.241913],[-88.485936,37.242341],[-88.486268,37.242788],[-88.486914,37.243665],[-88.486924,37.243678],[-88.487417,37.244273],[-88.487437,37.244294],[-88.487851,37.244702],[-88.487869,37.244718],[-88.488408,37.245173],[-88.488748,37.245454],[-88.489231,37.245849],[-88.489411,37.246036],[-88.489484,37.246093],[-88.489713,37.246224],[-88.489953,37.246441],[-88.490388,37.24683],[-88.490684,37.247219],[-88.490719,37.247258],[-88.490974,37.24749],[-88.490988,37.247501],[-88.491273,37.247732],[-88.49133,37.24777],[-88.491602,37.247911],[-88.491799,37.248012],[-88.491871,37.248051],[-88.491897,37.248065],[-88.4922,37.248271],[-88.492515,37.248459],[-88.492676,37.248537],[-88.492933,37.248668],[-88.492998,37.248694],[-88.493559,37.248981],[-88.494083,37.249253],[-88.494488,37.249459],[-88.49487,37.249609],[-88.495253,37.249808],[-88.495737,37.250101],[-88.495909,37.250203],[-88.496022,37.250253],[-88.496096,37.250305],[-88.49619,37.25038],[-88.496342,37.250504],[-88.496355,37.250517],[-88.496608,37.250745],[-88.496637,37.250769],[-88.49686,37.250926],[-88.497055,37.251078],[-88.497422,37.251361],[-88.497445,37.251377],[-88.497788,37.251598],[-88.498016,37.25176],[-88.498364,37.252017],[-88.498403,37.252042],[-88.498757,37.252236],[-88.499021,37.25242],[-88.499035,37.252429],[-88.499364,37.252635],[-88.499673,37.252846],[-88.499711,37.252869],[-88.499857,37.252944],[-88.499879,37.252954],[-88.500086,37.253115],[-88.500116,37.253131],[-88.500143,37.253146],[-88.50021,37.253195],[-88.500303,37.253244],[-88.500427,37.253287],[-88.500446,37.253294],[-88.500484,37.253305],[-88.50055,37.253331],[-88.500627,37.253358],[-88.500645,37.253365],[-88.500701,37.253381],[-88.500791,37.253402],[-88.500787,37.253442],[-88.500787,37.253491],[-88.500794,37.253546],[-88.500811,37.253592],[-88.500838,37.253635],[-88.500874,37.253681],[-88.500895,37.253704],[-88.500943,37.253753],[-88.500953,37.253763],[-88.501019,37.253824],[-88.50104,37.253851],[-88.501088,37.253899],[-88.501106,37.253913],[-88.501142,37.253956],[-88.501157,37.253972],[-88.501201,37.254017],[-88.501231,37.254051],[-88.501275,37.254098],[-88.501307,37.254133],[-88.501331,37.254157],[-88.501455,37.254267],[-88.501525,37.254328],[-88.501537,37.254338],[-88.501606,37.254393],[-88.501647,37.25442],[-88.501706,37.254455],[-88.501763,37.254497],[-88.50181,37.254542],[-88.501852,37.254577],[-88.501891,37.254603],[-88.501916,37.254623],[-88.501927,37.254639],[-88.501997,37.254708],[-88.502058,37.254753],[-88.502141,37.254828],[-88.502198,37.254879],[-88.502212,37.254891],[-88.502371,37.255017],[-88.502391,37.255038],[-88.502416,37.255077],[-88.502463,37.255133],[-88.502504,37.255172],[-88.502532,37.255194],[-88.50261,37.255252],[-88.502663,37.255304],[-88.50271,37.255374],[-88.502756,37.255427],[-88.502838,37.255501],[-88.502884,37.255562],[-88.502944,37.25562],[-88.503061,37.255708],[-88.503478,37.256147],[-88.503633,37.256321],[-88.503888,37.256655],[-88.504223,37.257084],[-88.504621,37.257608],[-88.504952,37.257952],[-88.505301,37.258345],[-88.505754,37.258722],[-88.506162,37.259089],[-88.506708,37.259488],[-88.506973,37.259688],[-88.507268,37.259863],[-88.507592,37.260014],[-88.507916,37.260152],[-88.508209,37.260266],[-88.508639,37.260426],[-88.508963,37.260514],[-88.509017,37.260535],[-88.509896,37.26076],[-88.510357,37.260907],[-88.510618,37.260986],[-88.51088,37.261101],[-88.511244,37.261318],[-88.51141,37.261477],[-88.511634,37.261799],[-88.511907,37.262217],[-88.512219,37.262865],[-88.512272,37.26307],[-88.512327,37.263323],[-88.512333,37.263493],[-88.512301,37.263632],[-88.512154,37.263789],[-88.511801,37.263861],[-88.511416,37.263721],[-88.511011,37.263439],[-88.510509,37.26299],[-88.510083,37.262551],[-88.509722,37.26222],[-88.509505,37.262104],[-88.509352,37.262059],[-88.509155,37.262075],[-88.508944,37.262117],[-88.50875,37.262218],[-88.508587,37.262307],[-88.508365,37.26247],[-88.508233,37.262606],[-88.508145,37.262681],[-88.507933,37.262686],[-88.507749,37.26263],[-88.507499,37.26243],[-88.50743,37.262411],[-88.507283,37.262406],[-88.50699,37.26262],[-88.506563,37.262947],[-88.505981,37.263124],[-88.505225,37.26337],[-88.504593,37.263689],[-88.504115,37.264126],[-88.504067,37.26426],[-88.503959,37.26441],[-88.503935,37.264593],[-88.503942,37.264787],[-88.503978,37.264944],[-88.504027,37.26504],[-88.504183,37.265133],[-88.504275,37.265179],[-88.504329,37.265202],[-88.504835,37.265214],[-88.505209,37.264943],[-88.505312,37.264841],[-88.505425,37.264667],[-88.505588,37.264554],[-88.505799,37.264525],[-88.505983,37.264557],[-88.506099,37.264585],[-88.506551,37.264856],[-88.506727,37.264989],[-88.506824,37.265156],[-88.506875,37.265313],[-88.506898,37.265518],[-88.506838,37.265944],[-88.506851,37.2663],[-88.506842,37.266362],[-88.506854,37.26639],[-88.506855,37.266429],[-88.506945,37.266815],[-88.507112,37.267212],[-88.507292,37.267583],[-88.507663,37.268181],[-88.508068,37.268863],[-88.508453,37.269449],[-88.508704,37.270073],[-88.508937,37.270687],[-88.508962,37.270763],[-88.50939,37.272641],[-88.509447,37.272967],[-88.509618,37.273485],[-88.509717,37.274137],[-88.509764,37.274573],[-88.509811,37.275033],[-88.509915,37.275394],[-88.510064,37.27573],[-88.510228,37.276054],[-88.51042,37.276341],[-88.51058,37.276567],[-88.510817,37.276817],[-88.511071,37.277102],[-88.511384,37.277373],[-88.511695,37.277585],[-88.511992,37.277796],[-88.51224,37.277936],[-88.51255,37.27811],[-88.512634,37.278158],[-88.512827,37.27827],[-88.513084,37.278464],[-88.513371,37.278847],[-88.513398,37.279224],[-88.513468,37.279464],[-88.513711,37.279497],[-88.514044,37.279452],[-88.514137,37.279498],[-88.513886,37.280184],[-88.513809,37.280586],[-88.514007,37.281505],[-88.51431,37.282362],[-88.51441,37.282498],[-88.51451,37.282728],[-88.514731,37.282966],[-88.515138,37.283308],[-88.515591,37.283649],[-88.515666,37.283732],[-88.515824,37.283928],[-88.515893,37.284022],[-88.515903,37.284091],[-88.515881,37.284157],[-88.515873,37.284191],[-88.515861,37.284265],[-88.515852,37.2843],[-88.515829,37.284366],[-88.515821,37.284393],[-88.515813,37.284428],[-88.515791,37.284475],[-88.515769,37.284521],[-88.515763,37.284537],[-88.515745,37.284604],[-88.515471,37.285472],[-88.515298,37.285961],[-88.515247,37.286277],[-88.515146,37.286838],[-88.515094,37.28747],[-88.51507,37.287664],[-88.515014,37.287775],[-88.514964,37.287804],[-88.514623,37.287845],[-88.514278,37.287906],[-88.514217,37.288019],[-88.51427,37.288154],[-88.514478,37.288252],[-88.514752,37.288258],[-88.514937,37.288314],[-88.515005,37.288369],[-88.515039,37.288478],[-88.515037,37.288829],[-88.514922,37.2897],[-88.514698,37.290726],[-88.514621,37.291039],[-88.514538,37.291373],[-88.513711,37.293001],[-88.513295,37.294207],[-88.51276,37.295712],[-88.512435,37.296616],[-88.512395,37.296691],[-88.511945,37.297478],[-88.511478,37.298117],[-88.511458,37.298182],[-88.511416,37.298327],[-88.511397,37.298391],[-88.511388,37.29843],[-88.511383,37.298472],[-88.511346,37.298623],[-88.51134,37.298671],[-88.511307,37.298768],[-88.511276,37.298825],[-88.511256,37.298885],[-88.511252,37.298898],[-88.511219,37.298957],[-88.511029,37.299296],[-88.511011,37.299314],[-88.510987,37.299342],[-88.510932,37.299413],[-88.510911,37.299445],[-88.510889,37.299485],[-88.510847,37.299548],[-88.510835,37.299568],[-88.510787,37.299656],[-88.51077,37.299695],[-88.510758,37.299732],[-88.510716,37.299781],[-88.510676,37.299843],[-88.510659,37.29988],[-88.510627,37.299925],[-88.510563,37.300016],[-88.510536,37.300064],[-88.510528,37.300092],[-88.510499,37.300125],[-88.510458,37.30018],[-88.510419,37.300255],[-88.510396,37.300294],[-88.510363,37.300347],[-88.51033,37.300406],[-88.510292,37.300472],[-88.51022,37.300589],[-88.510211,37.300604],[-88.51017,37.300681],[-88.51016,37.300702],[-88.510121,37.300796],[-88.510106,37.300839],[-88.509584,37.301649],[-88.508823,37.30283],[-88.50877,37.302889],[-88.508656,37.303011],[-88.508593,37.303072],[-88.508582,37.303083],[-88.508548,37.30312],[-88.508514,37.303151],[-88.508473,37.303199],[-88.508452,37.30323],[-88.508411,37.303266],[-88.508366,37.303317],[-88.508304,37.303405],[-88.508261,37.303468],[-88.508246,37.303493],[-88.508196,37.303589],[-88.508166,37.303636],[-88.508152,37.303663],[-88.50814,37.303688],[-88.508077,37.303781],[-88.508035,37.303842],[-88.508018,37.303872],[-88.507998,37.303912],[-88.507967,37.303958],[-88.507957,37.303974],[-88.507916,37.304045],[-88.507876,37.304114],[-88.507844,37.304157],[-88.507785,37.304239],[-88.507772,37.304259],[-88.507725,37.304342],[-88.507716,37.304358],[-88.507692,37.304407],[-88.507678,37.304437],[-88.507624,37.304511],[-88.507514,37.304659],[-88.507503,37.304676],[-88.507421,37.304807],[-88.507352,37.304879],[-88.507334,37.304901],[-88.5073,37.304945],[-88.507289,37.304959],[-88.50726,37.305002],[-88.507213,37.305052],[-88.507174,37.305105],[-88.507159,37.305133],[-88.507093,37.305213],[-88.507028,37.305294],[-88.506954,37.305362],[-88.506934,37.305382],[-88.506834,37.305495],[-88.506756,37.305578],[-88.506715,37.305621],[-88.506688,37.305646],[-88.506642,37.305683],[-88.506625,37.305697],[-88.506536,37.30578],[-88.506485,37.305831],[-88.50645,37.305859],[-88.506382,37.305937],[-88.506347,37.305997],[-88.506331,37.306015],[-88.506285,37.306088],[-88.506254,37.306164],[-88.506215,37.306207],[-88.506166,37.306288],[-88.506129,37.306386],[-88.506099,37.306447],[-88.506071,37.306492],[-88.50606,37.306512],[-88.506027,37.306579],[-88.506017,37.306593],[-88.50598,37.30663],[-88.505957,37.306656],[-88.505923,37.3067],[-88.505871,37.306772],[-88.505831,37.306825],[-88.505796,37.306875],[-88.505753,37.306929],[-88.505732,37.30696],[-88.505684,37.307043],[-88.505657,37.307091],[-88.505613,37.307163],[-88.505555,37.307265],[-88.505522,37.307306],[-88.505502,37.30733],[-88.505458,37.307361],[-88.505348,37.307449],[-88.505289,37.307512],[-88.505255,37.307561],[-88.505168,37.307667],[-88.505136,37.307715],[-88.505092,37.307802],[-88.50504,37.307889],[-88.505029,37.307912],[-88.505008,37.307958],[-88.504962,37.308032],[-88.504936,37.308088],[-88.50493,37.308106],[-88.504907,37.308146],[-88.504867,37.308195],[-88.504837,37.308239],[-88.5048,37.308309],[-88.504776,37.308347],[-88.504738,37.308389],[-88.5047,37.308443],[-88.504659,37.308519],[-88.504636,37.308566],[-88.504597,37.308624],[-88.504558,37.308686],[-88.504547,37.308707],[-88.504508,37.308785],[-88.504483,37.30883],[-88.504471,37.308854],[-88.504453,37.308898],[-88.50442,37.308948],[-88.504379,37.309008],[-88.504358,37.309045],[-88.504338,37.309091],[-88.504278,37.309187],[-88.504259,37.309223],[-88.504239,37.309272],[-88.50423,37.3093],[-88.504223,37.309324],[-88.50415,37.309463],[-88.50413,37.309488],[-88.504098,37.30954],[-88.504071,37.309601],[-88.504059,37.309635],[-88.50405,37.309667],[-88.50403,37.309711],[-88.503993,37.3098],[-88.503988,37.309815],[-88.503887,37.309947],[-88.50342,37.3108],[-88.50314,37.311438],[-88.503065,37.311591],[-88.502877,37.311936],[-88.5028,37.312125],[-88.502545,37.312616],[-88.502375,37.312947],[-88.502293,37.313204],[-88.502273,37.313507],[-88.502271,37.313561],[-88.502282,37.313602],[-88.50228,37.313691],[-88.502259,37.313758],[-88.502218,37.313862],[-88.502159,37.313994],[-88.502121,37.314091],[-88.502095,37.314154],[-88.50209,37.314167],[-88.502056,37.314266],[-88.50202,37.314372],[-88.50198,37.31445],[-88.501968,37.314477],[-88.501937,37.314564],[-88.501878,37.314701],[-88.501841,37.314797],[-88.501796,37.314914],[-88.501706,37.315095],[-88.501699,37.315111],[-88.501661,37.315202],[-88.50164,37.315244],[-88.501582,37.315349],[-88.501571,37.31537],[-88.50153,37.315463],[-88.501515,37.315513],[-88.501486,37.315664],[-88.501448,37.31575],[-88.501442,37.315765],[-88.50139,37.315913],[-88.501303,37.316124],[-88.501263,37.316192],[-88.501243,37.316237],[-88.501222,37.316299],[-88.501179,37.316378],[-88.501119,37.316495],[-88.501044,37.31661],[-88.501036,37.316624],[-88.500977,37.316729],[-88.500931,37.316802],[-88.500897,37.316848],[-88.500842,37.316929],[-88.500809,37.316977],[-88.500782,37.31702],[-88.500756,37.317053],[-88.500743,37.317071],[-88.500668,37.317187],[-88.50066,37.317199],[-88.500619,37.317271],[-88.500605,37.317299],[-88.500586,37.317346],[-88.500565,37.317393],[-88.500487,37.317496],[-88.500458,37.317544],[-88.500411,37.317648],[-88.500405,37.317661],[-88.500372,37.317747],[-88.500326,37.317824],[-88.500286,37.31788],[-88.500248,37.317956],[-88.500228,37.318025],[-88.500221,37.318049],[-88.500209,37.318072],[-88.500171,37.31813],[-88.500147,37.318173],[-88.500121,37.318237],[-88.500084,37.318297],[-88.500072,37.318318],[-88.499963,37.318525],[-88.499814,37.318728],[-88.499773,37.318763],[-88.49974,37.318802],[-88.499677,37.318903],[-88.499578,37.319049],[-88.49944,37.319271],[-88.499302,37.319482],[-88.499129,37.319735],[-88.499121,37.319747],[-88.49898,37.31998],[-88.498967,37.320005],[-88.498875,37.320207],[-88.498763,37.320436],[-88.498628,37.32074],[-88.498496,37.32102],[-88.498478,37.321075],[-88.498447,37.321236],[-88.49842,37.321277],[-88.498107,37.321679],[-88.498005,37.321811],[-88.497597,37.322375],[-88.497163,37.323181],[-88.496698,37.323963],[-88.493731,37.328568],[-88.492957,37.329479],[-88.492412,37.330072],[-88.492174,37.330458],[-88.491855,37.3313],[-88.491496,37.332557],[-88.491276,37.333491],[-88.49058,37.334764],[-88.488747,37.337131],[-88.487917,37.338216],[-88.487236,37.339107],[-88.486607,37.340458],[-88.486297,37.341593],[-88.486187,37.34215],[-88.486037,37.342901],[-88.485863,37.343288],[-88.485742,37.343593],[-88.485287,37.344473],[-88.484683,37.345234],[-88.48461,37.345431],[-88.484589,37.346092],[-88.48476,37.34668],[-88.484649,37.347239],[-88.484577,37.34743],[-88.484427,37.347925],[-88.484004,37.349045],[-88.483722,37.349908],[-88.483587,37.350322],[-88.483333,37.351289],[-88.483154,37.352117],[-88.483062,37.352785],[-88.483038,37.353237],[-88.483026,37.353268],[-88.482933,37.35338],[-88.48291,37.353412],[-88.482889,37.353448],[-88.482791,37.35361],[-88.482749,37.353675],[-88.482719,37.353724],[-88.482699,37.353761],[-88.482685,37.353808],[-88.482682,37.353836],[-88.482681,37.353856],[-88.482678,37.353903],[-88.482644,37.354558],[-88.482393,37.359366],[-88.482391,37.359413],[-88.482389,37.359441],[-88.482388,37.359461],[-88.482395,37.359508],[-88.482412,37.359554],[-88.482429,37.359577],[-88.482442,37.359595],[-88.482468,37.359619],[-88.482448,37.35965],[-88.482436,37.359765],[-88.482435,37.359803],[-88.482442,37.359908],[-88.482428,37.359985],[-88.482425,37.360007],[-88.48242,37.360079],[-88.48242,37.360116],[-88.482436,37.360295],[-88.482438,37.36042],[-88.482412,37.360538],[-88.482408,37.360559],[-88.482384,37.360751],[-88.482366,37.360988],[-88.482349,37.361202],[-88.482338,37.361444],[-88.482338,37.361454],[-88.482341,37.361625],[-88.482342,37.361646],[-88.482358,37.361789],[-88.482381,37.361942],[-88.482399,37.362202],[-88.482424,37.362498],[-88.482471,37.362823],[-88.482497,37.363118],[-88.482537,37.36349],[-88.482547,37.363731],[-88.482519,37.363914],[-88.482517,37.363933],[-88.482507,37.364089],[-88.482473,37.364257],[-88.482429,37.364434],[-88.482379,37.364685],[-88.482308,37.364873],[-88.482231,37.365057],[-88.48222,37.365088],[-88.482175,37.365257],[-88.482136,37.365393],[-88.48213,37.365421],[-88.482107,37.36558],[-88.48207,37.365753],[-88.482028,37.365932],[-88.481964,37.36612],[-88.481869,37.366324],[-88.481857,37.366355],[-88.481805,37.366526],[-88.481736,37.366654],[-88.481729,37.366669],[-88.48167,37.366799],[-88.481607,37.366931],[-88.481522,37.367093],[-88.481512,37.367116],[-88.481471,37.367217],[-88.481433,37.367285],[-88.481418,37.367315],[-88.481379,37.367414],[-88.481369,37.367445],[-88.481346,37.367538],[-88.481306,37.367622],[-88.481068,37.367925],[-88.480992,37.368022],[-88.480967,37.36806],[-88.480941,37.368109],[-88.480899,37.36819],[-88.480882,37.368232],[-88.480862,37.368298],[-88.480848,37.368355],[-88.480829,37.368389],[-88.480812,37.368428],[-88.480777,37.368531],[-88.480736,37.368619],[-88.480729,37.368635],[-88.480683,37.368757],[-88.480677,37.368776],[-88.480635,37.368922],[-88.480561,37.369097],[-88.480498,37.369259],[-88.480494,37.369272],[-88.480443,37.369432],[-88.480412,37.369515],[-88.480399,37.369573],[-88.480387,37.3697],[-88.480376,37.369846],[-88.480359,37.36997],[-88.480335,37.37009],[-88.480332,37.370117],[-88.480322,37.370254],[-88.480288,37.370398],[-88.480245,37.370554],[-88.480239,37.370575],[-88.480189,37.370722],[-88.480124,37.370906],[-88.480079,37.371025],[-88.480073,37.371044],[-88.480029,37.371196],[-88.479974,37.371351],[-88.479867,37.37162],[-88.479797,37.371761],[-88.479791,37.371775],[-88.479725,37.371936],[-88.47965,37.372134],[-88.479578,37.372314],[-88.479566,37.372356],[-88.479548,37.372447],[-88.479518,37.372561],[-88.479511,37.3726],[-88.479501,37.37272],[-88.47946,37.372884],[-88.479433,37.373017],[-88.479383,37.373228],[-88.479351,37.373367],[-88.479307,37.373548],[-88.479236,37.373792],[-88.479215,37.373873],[-88.479193,37.373917],[-88.479181,37.373945],[-88.479149,37.374037],[-88.479119,37.374116],[-88.479056,37.374259],[-88.479044,37.374292],[-88.479,37.374453],[-88.478962,37.374569],[-88.478922,37.374698],[-88.478877,37.374841],[-88.478872,37.374856],[-88.478819,37.375003],[-88.478764,37.37512],[-88.478673,37.375304],[-88.478536,37.375593],[-88.47852,37.375639],[-88.478433,37.376008],[-88.478276,37.376673],[-88.478164,37.377283],[-88.478045,37.377794],[-88.477967,37.378178],[-88.477885,37.378428],[-88.477651,37.379021],[-88.477494,37.379472],[-88.477373,37.379781],[-88.477365,37.379808],[-88.477291,37.380099],[-88.477285,37.380138],[-88.477273,37.380306],[-88.477248,37.380476],[-88.477196,37.380781],[-88.477142,37.381101],[-88.477045,37.38187],[-88.476988,37.382086],[-88.476983,37.382169],[-88.477009,37.38238],[-88.47696,37.382839],[-88.476959,37.38288],[-88.476981,37.383145],[-88.476996,37.383461],[-88.47696,37.383852],[-88.476881,37.384402],[-88.476803,37.385],[-88.476678,37.385805],[-88.476675,37.385832],[-88.476665,37.386158],[-88.476588,37.386338],[-88.476576,37.386371],[-88.476482,37.386734],[-88.476475,37.386791],[-88.476477,37.387142],[-88.47611,37.388273],[-88.475972,37.388697],[-88.475283,37.389857],[-88.475091,37.390119],[-88.474869,37.390466],[-88.474645,37.390783],[-88.474498,37.390915],[-88.474256,37.391162],[-88.47398,37.391499],[-88.473778,37.391777],[-88.473576,37.39204],[-88.473346,37.39229],[-88.472868,37.392806],[-88.47257,37.393178],[-88.472285,37.393518],[-88.47187,37.394023],[-88.471611,37.394381],[-88.471387,37.394714],[-88.471368,37.394749],[-88.471269,37.394965],[-88.470967,37.395395],[-88.470565,37.395888],[-88.47008,37.396471],[-88.469706,37.39695],[-88.469584,37.397141],[-88.469408,37.397411],[-88.46907,37.397709],[-88.468642,37.398073],[-88.468457,37.39826],[-88.468428,37.398295],[-88.468192,37.398628],[-88.467904,37.398945],[-88.467501,37.39938],[-88.467079,37.399839],[-88.466871,37.400028],[-88.466298,37.400539],[-88.465828,37.40095],[-88.465425,37.401227],[-88.465257,37.401352],[-88.464879,37.401581],[-88.464831,37.401617],[-88.464654,37.401775],[-88.464478,37.401912],[-88.46389,37.402391],[-88.463445,37.402756],[-88.462959,37.403153],[-88.462532,37.40353],[-88.46217,37.403871],[-88.461893,37.404073],[-88.461545,37.40432],[-88.461123,37.404632],[-88.460788,37.404908],[-88.460492,37.405175],[-88.460331,37.405314],[-88.460039,37.405534],[-88.459519,37.405947],[-88.458992,37.40636],[-88.458383,37.406841],[-88.457796,37.407319],[-88.457659,37.407418],[-88.457323,37.407678],[-88.457131,37.407812],[-88.456888,37.407985],[-88.456674,37.408157],[-88.456255,37.408462],[-88.455866,37.408759],[-88.45554,37.409016],[-88.455013,37.409478],[-88.454542,37.409848],[-88.454248,37.41001],[-88.45383,37.410269],[-88.453336,37.410595],[-88.452813,37.41094],[-88.452497,37.411112],[-88.451944,37.411384],[-88.451223,37.411719],[-88.450744,37.411934],[-88.450162,37.412213],[-88.449663,37.412442],[-88.449086,37.412683],[-88.448461,37.412944],[-88.448045,37.413128],[-88.44719,37.413487],[-88.446679,37.413718],[-88.446157,37.413964],[-88.445545,37.414204],[-88.444864,37.414477],[-88.444569,37.41462],[-88.444086,37.414855],[-88.443641,37.415017],[-88.443096,37.41518],[-88.442695,37.415351],[-88.442454,37.415496],[-88.442372,37.415522],[-88.441971,37.415625],[-88.441562,37.415765],[-88.44113,37.415897],[-88.441072,37.415919],[-88.440693,37.416105],[-88.440406,37.416235],[-88.440242,37.416271],[-88.440202,37.416281],[-88.439879,37.416387],[-88.439531,37.416508],[-88.439144,37.416682],[-88.438629,37.416853],[-88.438198,37.416991],[-88.437938,37.417084],[-88.437889,37.417106],[-88.437526,37.417297],[-88.437375,37.417361],[-88.436596,37.417664],[-88.436205,37.417844],[-88.43587,37.417966],[-88.435299,37.418196],[-88.43476,37.418398],[-88.434527,37.418458],[-88.433788,37.41862],[-88.433468,37.418663],[-88.433027,37.418732],[-88.432782,37.418728],[-88.432684,37.418737],[-88.432364,37.418809],[-88.432186,37.418862],[-88.431969,37.41893],[-88.431795,37.418986],[-88.43163,37.419019],[-88.431381,37.419063],[-88.43134,37.419072],[-88.430736,37.419245],[-88.430278,37.419419],[-88.430157,37.419449],[-88.429988,37.41948],[-88.429678,37.419532],[-88.428861,37.419746],[-88.428005,37.419904],[-88.427159,37.42002],[-88.426214,37.420099],[-88.42575,37.420189],[-88.425206,37.420289],[-88.424874,37.420371],[-88.424562,37.420441],[-88.42413,37.420578],[-88.423489,37.420753],[-88.423039,37.420868],[-88.422541,37.421042],[-88.422232,37.421132],[-88.422027,37.42121],[-88.421591,37.421342],[-88.421227,37.421475],[-88.421178,37.421497],[-88.420946,37.421621],[-88.42057,37.421778],[-88.42029,37.421886],[-88.420019,37.421984],[-88.419284,37.422283],[-88.418807,37.422481],[-88.418093,37.422747],[-88.417713,37.422914],[-88.417374,37.423037],[-88.416963,37.423203],[-88.416408,37.423429],[-88.415916,37.423622],[-88.415412,37.423821],[-88.41538,37.423833],[-88.414819,37.424054],[-88.414292,37.424253],[-88.413607,37.424532],[-88.412743,37.424864],[-88.412114,37.425061],[-88.411696,37.425117],[-88.411312,37.425156],[-88.411072,37.425179],[-88.410498,37.42524],[-88.409494,37.425243],[-88.409385,37.425258],[-88.409323,37.425275],[-88.409307,37.425279],[-88.409253,37.425301],[-88.409229,37.425315],[-88.409188,37.425306],[-88.408847,37.425233],[-88.408831,37.42523],[-88.408487,37.425171],[-88.408454,37.425167],[-88.408017,37.425126],[-88.40753,37.425039],[-88.407022,37.424934],[-88.406524,37.424804],[-88.405856,37.4246],[-88.405331,37.42446],[-88.405004,37.424209],[-88.404806,37.424094],[-88.404201,37.424027],[-88.404015,37.423977],[-88.403975,37.423967],[-88.403796,37.423985],[-88.4034,37.423846],[-88.403103,37.423719],[-88.403059,37.423703],[-88.402648,37.423581],[-88.402022,37.423361],[-88.401247,37.423102],[-88.400846,37.422943],[-88.400068,37.422623],[-88.39961,37.422435],[-88.399083,37.422202],[-88.398753,37.422059],[-88.398458,37.421911],[-88.397697,37.421552],[-88.397668,37.42154],[-88.397537,37.421491],[-88.397518,37.421484],[-88.397182,37.421378],[-88.396897,37.421274],[-88.396468,37.421107],[-88.396275,37.421012],[-88.396206,37.420978],[-88.396178,37.420966],[-88.395891,37.420853],[-88.395535,37.42067],[-88.395512,37.42066],[-88.395218,37.420533],[-88.394933,37.420392],[-88.394591,37.420214],[-88.394576,37.420206],[-88.394229,37.420045],[-88.39377,37.419817],[-88.393484,37.419627],[-88.393453,37.419609],[-88.393233,37.419493],[-88.392888,37.41929],[-88.392861,37.419275],[-88.392611,37.419155],[-88.392346,37.419004],[-88.392328,37.418994],[-88.392082,37.418872],[-88.391849,37.418723],[-88.391824,37.418709],[-88.391452,37.418513],[-88.390735,37.41813],[-88.39046,37.417965],[-88.389825,37.417583],[-88.389332,37.417293],[-88.389312,37.417282],[-88.388925,37.417085],[-88.388851,37.417057],[-88.388492,37.41696],[-88.38828,37.416769],[-88.388241,37.416739],[-88.388082,37.416635],[-88.387716,37.416408],[-88.38726,37.416146],[-88.386887,37.41592],[-88.386579,37.415703],[-88.386546,37.415682],[-88.385918,37.415339],[-88.385172,37.414929],[-88.385156,37.414921],[-88.384832,37.414763],[-88.384792,37.414746],[-88.384337,37.414586],[-88.384298,37.41455],[-88.384284,37.414538],[-88.384042,37.414341],[-88.38382,37.414172],[-88.383731,37.414106],[-88.383713,37.414094],[-88.383609,37.414029],[-88.383585,37.414015],[-88.383337,37.413884],[-88.383304,37.413869],[-88.382962,37.413729],[-88.382689,37.413556],[-88.382444,37.413372],[-88.382228,37.413171],[-88.381938,37.412897],[-88.381886,37.412858],[-88.381672,37.412726],[-88.381424,37.412556],[-88.3812,37.412401],[-88.380913,37.41219],[-88.380692,37.41203],[-88.380551,37.411899],[-88.380153,37.411504],[-88.380134,37.411486],[-88.379899,37.411289],[-88.379514,37.410979],[-88.379495,37.410965],[-88.379212,37.410769],[-88.378681,37.410397],[-88.378644,37.410375],[-88.378188,37.410135],[-88.377853,37.409972],[-88.377839,37.409965],[-88.377648,37.409882],[-88.37747,37.409793],[-88.377147,37.409644],[-88.37704,37.409446],[-88.376771,37.409151],[-88.376581,37.408892],[-88.376383,37.408621],[-88.376013,37.40814],[-88.375739,37.407745],[-88.375584,37.407486],[-88.375472,37.4073],[-88.375207,37.406904],[-88.375038,37.406651],[-88.374887,37.406491],[-88.374783,37.406305],[-88.374659,37.406084],[-88.374479,37.405683],[-88.374281,37.405314],[-88.374117,37.405077],[-88.37389,37.404732],[-88.373596,37.404396],[-88.373361,37.404106],[-88.37309,37.403879],[-88.372787,37.403614],[-88.372587,37.403439],[-88.372137,37.403106],[-88.37167,37.402844],[-88.371145,37.402607],[-88.370295,37.402292],[-88.369597,37.402105],[-88.369077,37.402023],[-88.3685,37.401966],[-88.367942,37.401908],[-88.367647,37.401854],[-88.367442,37.401818],[-88.367,37.401727],[-88.366715,37.401663],[-88.36648,37.401637],[-88.366089,37.401607],[-88.365757,37.401599],[-88.365362,37.401621],[-88.3653,37.401624],[-88.365028,37.401646],[-88.364465,37.401736],[-88.364416,37.401752],[-88.36439,37.401754],[-88.36305,37.402252],[-88.362321,37.402584],[-88.361707,37.402886],[-88.360788,37.403357],[-88.360636,37.403449],[-88.36032,37.40364],[-88.359767,37.403994],[-88.359136,37.404374],[-88.358565,37.404759],[-88.358496,37.404803],[-88.357735,37.405291],[-88.356839,37.405894],[-88.35602,37.406457],[-88.355281,37.406971],[-88.353424,37.408322],[-88.352959,37.408703],[-88.352748,37.408831],[-88.352546,37.408897],[-88.352264,37.408911],[-88.351962,37.408933],[-88.351583,37.408965],[-88.351369,37.40897],[-88.351175,37.409013],[-88.351069,37.409046],[-88.35061,37.409298],[-88.350174,37.409657],[-88.34991,37.409927],[-88.349783,37.410024],[-88.348892,37.410572],[-88.348398,37.41096],[-88.347819,37.411668],[-88.347506,37.411962],[-88.347056,37.412277],[-88.346601,37.412637],[-88.346509,37.412766],[-88.346143,37.4132],[-88.345844,37.413587],[-88.34502,37.41488],[-88.344583,37.415489],[-88.343697,37.416651],[-88.342993,37.417444],[-88.342554,37.417864],[-88.342285,37.418121],[-88.341284,37.419084],[-88.340322,37.420023],[-88.339113,37.421177],[-88.338114,37.422179],[-88.337288,37.423099],[-88.336722,37.423679],[-88.33604,37.42427],[-88.33534,37.424876],[-88.33492,37.425412],[-88.334788,37.42558],[-88.334059,37.426498],[-88.333506,37.427148],[-88.332501,37.427987],[-88.331859,37.428592],[-88.331254,37.429142],[-88.33074,37.429534],[-88.330138,37.429874],[-88.329187,37.430322],[-88.328428,37.430665],[-88.326963,37.431437],[-88.325389,37.43248],[-88.323633,37.433992],[-88.322918,37.434345],[-88.322253,37.434603],[-88.321407,37.43482],[-88.320144,37.4351],[-88.319303,37.435328],[-88.318725,37.435543],[-88.31864,37.435587],[-88.31854,37.435619],[-88.318432,37.435697],[-88.318122,37.435859],[-88.317323,37.43646],[-88.316658,37.436979],[-88.316371,37.437292],[-88.314703,37.438927],[-88.314669,37.438958],[-88.313921,37.439683],[-88.313512,37.440004],[-88.313247,37.440211],[-88.312321,37.440822],[-88.312096,37.440925],[-88.311974,37.441001],[-88.310661,37.441534],[-88.309257,37.442033],[-88.308847,37.442196],[-88.308155,37.442499],[-88.307408,37.442919],[-88.306892,37.443242],[-88.306307,37.443511],[-88.305766,37.443686],[-88.305363,37.443797],[-88.303921,37.444249],[-88.302059,37.445177],[-88.301631,37.445416],[-88.300681,37.445895],[-88.299719,37.446305],[-88.299144,37.446499],[-88.295193,37.447831],[-88.291705,37.449172],[-88.290371,37.449741],[-88.28769,37.450886],[-88.287459,37.45097],[-88.28661,37.451245],[-88.286226,37.451374],[-88.284288,37.451907],[-88.281631,37.452729],[-88.280676,37.452951],[-88.279207,37.453292],[-88.278585,37.45337],[-88.278098,37.453402],[-88.277339,37.453481],[-88.276301,37.453651],[-88.275864,37.453731],[-88.275099,37.453871],[-88.274283,37.453974],[-88.273487,37.454084],[-88.272507,37.454253],[-88.271732,37.454417],[-88.270704,37.454594],[-88.269703,37.454724],[-88.26916,37.454814],[-88.268755,37.45488],[-88.267245,37.455149],[-88.26691,37.455177],[-88.266385,37.455262],[-88.265587,37.455341],[-88.264516,37.455402],[-88.263825,37.455456],[-88.263172,37.455533],[-88.263106,37.455541],[-88.262242,37.455661],[-88.26103,37.455889],[-88.260023,37.456097],[-88.259031,37.456203],[-88.258399,37.456279],[-88.257692,37.456418],[-88.256138,37.456638],[-88.255914,37.456665],[-88.255865,37.456671],[-88.255706,37.45669],[-88.255468,37.456722],[-88.255198,37.456755],[-88.255137,37.456761],[-88.255108,37.456763],[-88.255078,37.456758],[-88.255056,37.456744],[-88.254983,37.45671],[-88.25487,37.45667],[-88.25484,37.456661],[-88.254782,37.45665],[-88.254743,37.456647],[-88.254638,37.456644],[-88.254616,37.456644],[-88.254556,37.456649],[-88.254499,37.456663],[-88.254445,37.456684],[-88.254397,37.456713],[-88.254356,37.456748],[-88.254198,37.456744],[-88.254157,37.456743],[-88.253886,37.456749],[-88.253862,37.45675],[-88.2535,37.456778],[-88.253238,37.456789],[-88.253208,37.456791],[-88.252971,37.456817],[-88.252703,37.45685],[-88.252656,37.456856],[-88.252622,37.456851],[-88.252478,37.456828],[-88.252453,37.456824],[-88.25232,37.456811],[-88.252299,37.45681],[-88.252146,37.456803],[-88.25206,37.456807],[-88.251981,37.456819],[-88.251885,37.456847],[-88.251841,37.456865],[-88.251818,37.456872],[-88.251749,37.456873],[-88.251709,37.456876],[-88.251659,37.456882],[-88.251588,37.456869],[-88.251517,37.456862],[-88.251352,37.456861],[-88.251194,37.45685],[-88.250946,37.45683],[-88.250801,37.456813],[-88.250495,37.456782],[-88.250088,37.456731],[-88.250024,37.456727],[-88.249901,37.456722],[-88.249708,37.456713],[-88.249185,37.456716],[-88.248677,37.456697],[-88.24816,37.456647],[-88.247746,37.456616],[-88.2474,37.456578],[-88.247024,37.456538],[-88.246976,37.456536],[-88.246419,37.45654],[-88.245805,37.456545],[-88.244996,37.456539],[-88.244331,37.456537],[-88.243512,37.456524],[-88.242918,37.456536],[-88.242227,37.45657],[-88.241213,37.456576],[-88.240396,37.456562],[-88.240368,37.456562],[-88.239762,37.45659],[-88.239722,37.456594],[-88.239153,37.456675],[-88.238007,37.456752],[-88.237974,37.456756],[-88.237639,37.456804],[-88.236997,37.456864],[-88.236533,37.456913],[-88.236111,37.456969],[-88.235582,37.457019],[-88.235503,37.457034],[-88.235098,37.457153],[-88.234843,37.457198],[-88.234714,37.457206],[-88.234462,37.457184],[-88.234224,37.457166],[-88.233844,37.457114],[-88.233812,37.457111],[-88.233162,37.45707],[-88.23287,37.457042],[-88.232842,37.45704],[-88.232389,37.457027],[-88.231935,37.456998],[-88.231913,37.456997],[-88.231228,37.456988],[-88.230432,37.45702],[-88.229776,37.457018],[-88.229756,37.457019],[-88.229043,37.457049],[-88.228339,37.457079],[-88.227968,37.457099],[-88.227457,37.457142],[-88.226929,37.457225],[-88.226398,37.457284],[-88.226314,37.457281],[-88.225897,37.457384],[-88.225663,37.457535],[-88.225635,37.457533],[-88.225093,37.45758],[-88.224487,37.457646],[-88.223646,37.457759],[-88.22291,37.457825],[-88.222752,37.457839],[-88.221681,37.45799],[-88.221396,37.458049],[-88.22113,37.458104],[-88.219392,37.458439],[-88.218254,37.45864],[-88.217295,37.458789],[-88.216547,37.458886],[-88.215338,37.458973],[-88.214606,37.459042],[-88.213841,37.459154],[-88.213143,37.459209],[-88.21229,37.459213],[-88.211966,37.459227],[-88.211297,37.459397],[-88.21064,37.459642],[-88.209728,37.459947],[-88.209044,37.460172],[-88.208534,37.460237],[-88.207937,37.46027],[-88.207204,37.460305],[-88.206548,37.460339],[-88.205695,37.460343],[-88.204721,37.460329],[-88.204158,37.460341],[-88.203606,37.460407],[-88.202884,37.460517],[-88.202076,37.460622],[-88.201386,37.460657],[-88.200677,37.460644],[-88.199977,37.460625],[-88.199319,37.460618],[-88.198499,37.460601],[-88.19803,37.460597],[-88.197433,37.460616],[-88.196539,37.460703],[-88.195273,37.460878],[-88.194229,37.461043],[-88.19326,37.461185],[-88.191774,37.461406],[-88.190857,37.461575],[-88.189975,37.461743],[-88.188343,37.462062],[-88.18732,37.462274],[-88.186252,37.462486],[-88.184845,37.462794],[-88.184159,37.462958],[-88.183442,37.463224],[-88.182481,37.463605],[-88.181645,37.463887],[-88.180756,37.464116],[-88.180357,37.464179],[-88.179503,37.464169],[-88.178613,37.464085],[-88.17802,37.463955],[-88.177659,37.46388],[-88.177049,37.463784],[-88.176475,37.463707],[-88.176107,37.463681],[-88.175742,37.463736],[-88.175182,37.463856],[-88.174653,37.464119],[-88.174218,37.464489],[-88.173688,37.464907],[-88.173155,37.465306],[-88.172626,37.465582],[-88.17249,37.465631],[-88.172258,37.465687],[-88.172088,37.465728],[-88.172067,37.46573],[-88.171766,37.465759],[-88.171436,37.465789],[-88.171181,37.465819],[-88.171157,37.465822],[-88.170908,37.465866],[-88.170758,37.465889],[-88.170568,37.465899],[-88.170338,37.465897],[-88.170282,37.4659],[-88.169878,37.465948],[-88.169457,37.465994],[-88.169132,37.466032],[-88.168928,37.466061],[-88.168887,37.466069],[-88.168687,37.466117],[-88.168552,37.466131],[-88.168349,37.466121],[-88.16832,37.466121],[-88.168053,37.466126],[-88.167805,37.466124],[-88.167743,37.466128],[-88.167551,37.466177],[-88.166612,37.466249],[-88.166379,37.466269],[-88.166153,37.466286],[-88.165911,37.466299],[-88.165776,37.466271],[-88.165726,37.466268],[-88.165649,37.466267],[-88.165491,37.466265],[-88.165464,37.466265],[-88.165187,37.466278],[-88.164674,37.466289],[-88.164337,37.466307],[-88.164164,37.466297],[-88.164046,37.466285],[-88.163994,37.466283],[-88.163886,37.466285],[-88.163792,37.466298],[-88.1636,37.466346],[-88.163444,37.466375],[-88.163099,37.466411],[-88.162766,37.466433],[-88.162306,37.466442],[-88.161848,37.46646],[-88.161579,37.466473],[-88.161259,37.466495],[-88.160957,37.466501],[-88.160939,37.466502],[-88.160759,37.466513],[-88.16053,37.46651],[-88.160498,37.466511],[-88.160313,37.466522],[-88.160233,37.466535],[-88.160009,37.466593],[-88.159982,37.466595],[-88.159882,37.466601],[-88.159852,37.466604],[-88.159628,37.466636],[-88.159389,37.466664],[-88.159365,37.466667],[-88.159073,37.466718],[-88.158801,37.466753],[-88.158529,37.466773],[-88.158509,37.466775],[-88.158129,37.466822],[-88.157896,37.46685],[-88.157876,37.466853],[-88.157617,37.466897],[-88.15732,37.466941],[-88.157,37.466986],[-88.156983,37.466989],[-88.156652,37.467051],[-88.15662,37.467058],[-88.156371,37.467124],[-88.156102,37.467191],[-88.155701,37.467292],[-88.15527,37.467385],[-88.154961,37.467458],[-88.154774,37.467498],[-88.15455,37.467531],[-88.154234,37.467568],[-88.154205,37.467572],[-88.154048,37.467602],[-88.153939,37.467608],[-88.153859,37.467613],[-88.15368,37.467616],[-88.153615,37.467622],[-88.153363,37.467666],[-88.153052,37.467719],[-88.152756,37.467773],[-88.152416,37.467834],[-88.152363,37.467847],[-88.15203,37.467954],[-88.15188,37.467997],[-88.151693,37.468032],[-88.151487,37.468043],[-88.151449,37.468047],[-88.151196,37.468083],[-88.151149,37.468093],[-88.150955,37.468143],[-88.150912,37.468157],[-88.150593,37.468281],[-88.150548,37.468302],[-88.150393,37.468462],[-88.149322,37.468774],[-88.148661,37.468924],[-88.148127,37.46905],[-88.147342,37.469318],[-88.146699,37.469501],[-88.146046,37.46965],[-88.144654,37.46991],[-88.143654,37.470101],[-88.143572,37.470127],[-88.143483,37.470138],[-88.143295,37.470172],[-88.14303,37.470243],[-88.143001,37.470247],[-88.142706,37.47029],[-88.142377,37.470327],[-88.142059,37.470357],[-88.141614,37.470414],[-88.141562,37.470424],[-88.14128,37.470498],[-88.141087,37.470539],[-88.140835,37.47059],[-88.140814,37.470595],[-88.140538,37.470667],[-88.140228,37.470761],[-88.140012,37.470818],[-88.139734,37.470865],[-88.139386,37.470947],[-88.138877,37.471055],[-88.138507,37.471125],[-88.138352,37.471168],[-88.138275,37.471178],[-88.138187,37.471211],[-88.138099,37.471235],[-88.138037,37.471241],[-88.137216,37.471427],[-88.136053,37.471621],[-88.135161,37.471754],[-88.134088,37.471837],[-88.13343,37.471816],[-88.132735,37.471708],[-88.131967,37.471465],[-88.13144,37.471251],[-88.13066,37.470885],[-88.130151,37.470732],[-88.129463,37.470576],[-88.128949,37.470498],[-88.128411,37.470495],[-88.127986,37.470544],[-88.127138,37.470738],[-88.126361,37.470992],[-88.125599,37.471198],[-88.125294,37.471279],[-88.125047,37.471376],[-88.124612,37.471538],[-88.124313,37.471637],[-88.12378,37.471788],[-88.122905,37.471895],[-88.122446,37.471912],[-88.121598,37.471945],[-88.120545,37.471989],[-88.119771,37.472016],[-88.119687,37.472001],[-88.119499,37.471995],[-88.119469,37.471996],[-88.119354,37.472],[-88.119219,37.471995],[-88.119187,37.471995],[-88.119049,37.472001],[-88.118913,37.472011],[-88.118702,37.471996],[-88.11865,37.471996],[-88.118351,37.472011],[-88.118197,37.472006],[-88.118039,37.472001],[-88.117986,37.472002],[-88.117872,37.472012],[-88.117738,37.472017],[-88.11772,37.472018],[-88.117522,37.472034],[-88.117241,37.472044],[-88.117041,37.472039],[-88.116894,37.472039],[-88.116757,37.472029],[-88.116637,37.472023],[-88.116554,37.472027],[-88.116527,37.472031],[-88.116446,37.472024],[-88.116322,37.472013],[-88.116246,37.472013],[-88.116225,37.472015],[-88.116171,37.472009],[-88.116124,37.472001],[-88.116084,37.471996],[-88.116015,37.471991],[-88.115936,37.471985],[-88.115821,37.471992],[-88.115702,37.472016],[-88.115618,37.472025],[-88.115564,37.472034],[-88.115528,37.472042],[-88.115506,37.472048],[-88.115452,37.472058],[-88.115402,37.472061],[-88.115353,37.472061],[-88.115324,37.472062],[-88.115256,37.472086],[-88.11505,37.472091],[-88.114541,37.472031],[-88.113908,37.47209],[-88.113033,37.472224],[-88.112773,37.4723],[-88.112672,37.472305],[-88.112549,37.4723],[-88.112522,37.472305],[-88.112442,37.472321],[-88.112394,37.47233],[-88.112378,37.47233],[-88.11228,37.47232],[-88.112202,37.47232],[-88.112159,37.472324],[-88.111985,37.472324],[-88.111826,37.472314],[-88.11179,37.472313],[-88.11173,37.472318],[-88.111702,37.472324],[-88.111571,37.472354],[-88.11133,37.472368],[-88.110956,37.472368],[-88.110911,37.47237],[-88.110738,37.472388],[-88.110669,37.472385],[-88.110603,37.472386],[-88.110514,37.472395],[-88.110485,37.472395],[-88.11038,37.472386],[-88.110342,37.472384],[-88.110252,37.472384],[-88.110232,37.472385],[-88.110115,37.47239],[-88.110089,37.472392],[-88.110009,37.472401],[-88.109921,37.472401],[-88.109754,37.472406],[-88.109726,37.472408],[-88.109693,37.472411],[-88.109507,37.472411],[-88.109435,37.472418],[-88.109358,37.472431],[-88.109303,37.472435],[-88.109099,37.472451],[-88.109001,37.472456],[-88.108912,37.472462],[-88.108788,37.472474],[-88.108622,37.472493],[-88.108532,37.472489],[-88.108464,37.472491],[-88.108401,37.472498],[-88.108303,37.472494],[-88.108146,37.472489],[-88.108054,37.472483],[-88.107927,37.472478],[-88.107825,37.472472],[-88.107782,37.472472],[-88.107665,37.472478],[-88.107647,37.472479],[-88.107585,37.472484],[-88.107535,37.472492],[-88.107404,37.472519],[-88.107235,37.47256],[-88.107048,37.472603],[-88.106861,37.472622],[-88.106806,37.472631],[-88.106769,37.47264],[-88.10675,37.472642],[-88.106691,37.472642],[-88.106648,37.472644],[-88.106538,37.472655],[-88.106497,37.472661],[-88.106437,37.472673],[-88.106334,37.472682],[-88.106276,37.472691],[-88.106161,37.472718],[-88.106076,37.472737],[-88.105983,37.472741],[-88.105916,37.472749],[-88.105696,37.472793],[-88.105616,37.47281],[-88.105512,37.472807],[-88.10544,37.47281],[-88.105428,37.472812],[-88.105331,37.472825],[-88.105257,37.472829],[-88.104501,37.472916],[-88.103166,37.472981],[-88.102494,37.473049],[-88.10163,37.473206],[-88.100352,37.47355],[-88.100222,37.473553],[-88.10005,37.473515],[-88.099967,37.47351],[-88.099869,37.473504],[-88.099787,37.4735],[-88.099737,37.47349],[-88.099477,37.473435],[-88.099371,37.473427],[-88.099297,37.47343],[-88.099256,37.47342],[-88.099129,37.473392],[-88.099082,37.473385],[-88.098979,37.473373],[-88.098866,37.473362],[-88.098839,37.47336],[-88.0987,37.473355],[-88.098637,37.473349],[-88.098607,37.473341],[-88.098527,37.473328],[-88.098444,37.473322],[-88.098389,37.473322],[-88.098313,37.473327],[-88.098251,37.473327],[-88.098202,37.473324],[-88.098152,37.473316],[-88.098084,37.47331],[-88.097963,37.47331],[-88.097848,37.473305],[-88.097716,37.4733],[-88.097698,37.473299],[-88.097546,37.473299],[-88.097489,37.473303],[-88.097434,37.473316],[-88.097411,37.473313],[-88.097388,37.473308],[-88.097305,37.473288],[-88.097104,37.473288],[-88.097073,37.473289],[-88.097013,37.473293],[-88.096932,37.473293],[-88.096912,37.473294],[-88.096794,37.473299],[-88.096731,37.473307],[-88.096708,37.473312],[-88.096604,37.473316],[-88.096553,37.473321],[-88.096495,37.473334],[-88.09645,37.473351],[-88.096432,37.47336],[-88.096278,37.473401],[-88.096253,37.473408],[-88.096039,37.473479],[-88.095977,37.473506],[-88.095931,37.473532],[-88.095887,37.473556],[-88.095826,37.47358],[-88.095024,37.473687],[-88.094576,37.473719],[-88.093876,37.473803],[-88.092996,37.473789],[-88.092339,37.473701],[-88.091925,37.473562],[-88.091578,37.473405],[-88.091027,37.472949],[-88.090435,37.472424],[-88.089767,37.472009],[-88.088977,37.471721],[-88.088113,37.471551],[-88.087701,37.471497],[-88.087026,37.471464],[-88.086226,37.471487],[-88.085457,37.471564],[-88.084711,37.47175],[-88.083871,37.472047],[-88.083369,37.472236],[-88.082993,37.472391],[-88.082599,37.472601],[-88.0819,37.473043],[-88.081471,37.473386],[-88.080892,37.473911],[-88.080516,37.474386],[-88.079881,37.475309],[-88.079533,37.475831],[-88.079377,37.476066],[-88.07904,37.476547],[-88.078837,37.476826],[-88.07856,37.477252],[-88.077183,37.479176],[-88.076599,37.479835],[-88.076424,37.479993],[-88.076205,37.480237],[-88.075987,37.480436],[-88.075777,37.480611],[-88.075586,37.480739],[-88.075259,37.480917],[-88.074808,37.481167],[-88.074256,37.481614],[-88.073803,37.482463],[-88.07373,37.48262],[-88.07364,37.482879],[-88.073581,37.483176],[-88.073531,37.483449],[-88.073464,37.483808],[-88.073456,37.483904],[-88.073407,37.484494],[-88.073375,37.484728],[-88.073381,37.484923],[-88.073352,37.485243],[-88.073348,37.485422],[-88.073245,37.485556],[-88.073122,37.485691],[-88.07295,37.485811],[-88.072651,37.485941],[-88.072291,37.485979],[-88.071568,37.485978],[-88.071116,37.485893],[-88.070842,37.485804],[-88.069964,37.485397],[-88.069657,37.485298],[-88.069168,37.485286],[-88.068895,37.485311],[-88.068438,37.485449],[-88.067844,37.485867],[-88.067503,37.486377],[-88.067269,37.486856],[-88.066943,37.487391],[-88.066878,37.487494],[-88.066602,37.487733],[-88.066433,37.487855],[-88.066034,37.488173],[-88.06543,37.48876],[-88.065351,37.489007],[-88.065301,37.489237],[-88.065226,37.489993],[-88.065191,37.49043],[-88.065121,37.490711],[-88.065069,37.490899],[-88.065034,37.490987],[-88.064738,37.491526],[-88.064394,37.49205],[-88.064231,37.49238],[-88.064189,37.492449],[-88.063836,37.493063],[-88.063508,37.493891],[-88.06307,37.494924],[-88.063,37.495229],[-88.06295,37.495376],[-88.062801,37.495924],[-88.062641,37.496448],[-88.062366,37.497357],[-88.062125,37.498077],[-88.061815,37.499134],[-88.061663,37.500066],[-88.061661,37.500285],[-88.061627,37.500565],[-88.061517,37.501019],[-88.061367,37.501635],[-88.061278,37.501979],[-88.061227,37.502332],[-88.061185,37.502785],[-88.061142,37.503426],[-88.061114,37.504122],[-88.06114,37.504588],[-88.061252,37.505176],[-88.061298,37.505332],[-88.061405,37.505695],[-88.061525,37.50596],[-88.061899,37.506569],[-88.062113,37.506857],[-88.062349,37.50721],[-88.062538,37.50748],[-88.062686,37.507829],[-88.062804,37.508423],[-88.062857,37.509146],[-88.06287,37.509762],[-88.062871,37.509995],[-88.062871,37.510422],[-88.062851,37.51078],[-88.062794,37.511347],[-88.062746,37.511799],[-88.062675,37.512337],[-88.062587,37.512925],[-88.06256,37.513258],[-88.062584,37.513833],[-88.06268,37.514333],[-88.062827,37.514861],[-88.063035,37.515323],[-88.063391,37.515967],[-88.063889,37.516761],[-88.064595,37.51784],[-88.064857,37.518232],[-88.065287,37.518844],[-88.065657,37.519323],[-88.065941,37.519655],[-88.066215,37.520047],[-88.066542,37.520552],[-88.066988,37.521248],[-88.067284,37.521769],[-88.067503,37.522191],[-88.067696,37.52258],[-88.067782,37.522737],[-88.067935,37.523062],[-88.068105,37.523525],[-88.068234,37.523875],[-88.06837,37.52422],[-88.06851,37.524535],[-88.068648,37.524813],[-88.068815,37.52511],[-88.069011,37.525399],[-88.069283,37.525756],[-88.069537,37.526088],[-88.06984,37.526435],[-88.070098,37.526708],[-88.070447,37.527103],[-88.07077,37.527469],[-88.071074,37.527784],[-88.071169,37.527883],[-88.0716,37.528327],[-88.071941,37.528653],[-88.07204,37.528746],[-88.0721,37.528811],[-88.072772,37.529312],[-88.073315,37.529717],[-88.074021,37.530136],[-88.07444,37.530387],[-88.076257,37.531322],[-88.076656,37.531516],[-88.077703,37.532002],[-88.078553,37.532274],[-88.079467,37.532494],[-88.080327,37.532589],[-88.08077,37.532571],[-88.081061,37.532553],[-88.081115,37.532567],[-88.081205,37.532606],[-88.081273,37.532652],[-88.08148,37.532818],[-88.081611,37.532893],[-88.08163,37.532899],[-88.081886,37.532971],[-88.082048,37.533057],[-88.082231,37.533172],[-88.082388,37.533321],[-88.082462,37.533373],[-88.082861,37.533583],[-88.082925,37.53361],[-88.083252,37.533713],[-88.083278,37.53372],[-88.083609,37.533801],[-88.083838,37.533866],[-88.084277,37.534013],[-88.084574,37.534111],[-88.084599,37.534119],[-88.084794,37.53417],[-88.084815,37.534175],[-88.085104,37.534234],[-88.085687,37.534409],[-88.086287,37.534605],[-88.08675,37.534751],[-88.087054,37.53487],[-88.087102,37.534885],[-88.087434,37.534967],[-88.087584,37.535022],[-88.087786,37.535171],[-88.088008,37.53532],[-88.088299,37.535582],[-88.088323,37.535602],[-88.08854,37.535762],[-88.08894,37.53603],[-88.089283,37.536251],[-88.089444,37.536366],[-88.089706,37.536662],[-88.089764,37.536713],[-88.090052,37.536909],[-88.090313,37.53719],[-88.090764,37.537618],[-88.091137,37.53801],[-88.091622,37.538442],[-88.09195,37.538876],[-88.092487,37.539486],[-88.092834,37.539842],[-88.092968,37.540011],[-88.093347,37.540472],[-88.093589,37.540816],[-88.093983,37.541326],[-88.09427,37.541721],[-88.094465,37.541962],[-88.094599,37.542232],[-88.094623,37.54227],[-88.094851,37.542578],[-88.095212,37.543022],[-88.095447,37.543382],[-88.095792,37.543871],[-88.095807,37.54389],[-88.095858,37.54395],[-88.096112,37.544304],[-88.09637,37.544732],[-88.09647,37.544891],[-88.096576,37.545106],[-88.096681,37.545343],[-88.096701,37.545379],[-88.09691,37.545698],[-88.096938,37.545733],[-88.097345,37.546175],[-88.097692,37.5466],[-88.09807,37.547204],[-88.098352,37.547564],[-88.09856,37.547886],[-88.098743,37.548178],[-88.098936,37.548477],[-88.099308,37.548991],[-88.099485,37.549212],[-88.099508,37.549237],[-88.099662,37.549389],[-88.099928,37.54977],[-88.100168,37.550092],[-88.100426,37.550491],[-88.100917,37.551183],[-88.101238,37.551612],[-88.101404,37.551823],[-88.101702,37.552203],[-88.101988,37.552569],[-88.102267,37.552931],[-88.102703,37.55344],[-88.103138,37.553935],[-88.10365,37.554466],[-88.104016,37.554822],[-88.104346,37.555151],[-88.104529,37.555398],[-88.10456,37.555433],[-88.104792,37.555657],[-88.104807,37.555671],[-88.105143,37.555954],[-88.105305,37.556116],[-88.105485,37.556331],[-88.105499,37.556346],[-88.10574,37.556594],[-88.105974,37.556797],[-88.106159,37.556942],[-88.10656,37.557246],[-88.107,37.557545],[-88.107036,37.557566],[-88.10735,37.557729],[-88.107858,37.558032],[-88.108366,37.558361],[-88.10884,37.558648],[-88.109387,37.558947],[-88.109925,37.559264],[-88.110175,37.55942],[-88.110522,37.559622],[-88.110742,37.559789],[-88.110768,37.559806],[-88.111011,37.559957],[-88.111538,37.560308],[-88.111994,37.560629],[-88.112488,37.560969],[-88.112949,37.56128],[-88.113371,37.561595],[-88.113821,37.561964],[-88.114134,37.562242],[-88.114366,37.562519],[-88.114405,37.562557],[-88.114806,37.562888],[-88.115077,37.563177],[-88.115214,37.563312],[-88.115501,37.563583],[-88.115846,37.563856],[-88.116221,37.564164],[-88.116653,37.564468],[-88.117109,37.564831],[-88.117374,37.565057],[-88.117615,37.565234],[-88.117967,37.565469],[-88.118147,37.56564],[-88.118448,37.56587],[-88.118678,37.566029],[-88.119225,37.566439],[-88.119397,37.566646],[-88.119706,37.566973],[-88.11996,37.567188],[-88.120284,37.567467],[-88.120491,37.567601],[-88.120761,37.5678],[-88.121118,37.568075],[-88.121314,37.568255],[-88.121353,37.568286],[-88.121627,37.568469],[-88.122026,37.568715],[-88.122322,37.568957],[-88.122351,37.568979],[-88.12258,37.569128],[-88.122938,37.569345],[-88.123179,37.569509],[-88.123508,37.569697],[-88.123558,37.56972],[-88.123784,37.569807],[-88.124964,37.570339],[-88.125364,37.570519],[-88.125686,37.570665],[-88.125903,37.570739],[-88.127373,37.571241],[-88.129157,37.571882],[-88.130942,37.57271],[-88.132318,37.573663],[-88.13319,37.574177],[-88.133396,37.574298],[-88.133426,37.574316],[-88.133634,37.574411],[-88.134281,37.574636],[-88.134415,37.574798],[-88.134535,37.574943],[-88.136489,37.577307],[-88.14059,37.58483],[-88.140783,37.585217],[-88.141201,37.586999],[-88.141346,37.588171],[-88.141761,37.589953],[-88.141894,37.591035],[-88.142383,37.592432],[-88.14239,37.592977],[-88.141623,37.597648],[-88.141634,37.598555],[-88.141827,37.599377],[-88.14185,37.599673],[-88.140824,37.599713],[-88.140681,37.599718],[-88.140694,37.599787],[-88.14078,37.600256],[-88.14097,37.600757],[-88.141143,37.60121],[-88.141385,37.601927],[-88.141565,37.602362],[-88.141747,37.602845],[-88.141865,37.603251],[-88.142028,37.603609],[-88.142186,37.603801],[-88.142255,37.604002],[-88.142349,37.60417],[-88.142358,37.604193],[-88.142605,37.604712],[-88.142793,37.605084],[-88.143118,37.605637],[-88.143407,37.60609],[-88.143525,37.606275],[-88.144365,37.607778],[-88.144776,37.608472],[-88.145572,37.609817],[-88.146417,37.611226],[-88.147552,37.613334],[-88.147855,37.613932],[-88.14863,37.615464],[-88.149362,37.616912],[-88.150257,37.618371],[-88.150703,37.619256],[-88.150826,37.619733],[-88.15154,37.621105],[-88.151691,37.621705],[-88.151881,37.622146],[-88.152043,37.622348],[-88.152383,37.6225],[-88.152563,37.622611],[-88.152644,37.622815],[-88.152678,37.623281],[-88.152742,37.623617],[-88.152893,37.623989],[-88.153311,37.624476],[-88.153432,37.624659],[-88.153492,37.624761],[-88.153537,37.624944],[-88.153587,37.625059],[-88.153896,37.625896],[-88.154211,37.62679],[-88.154596,37.627796],[-88.15523,37.629077],[-88.155755,37.6301],[-88.15623,37.631144],[-88.156781,37.632578],[-88.157068,37.633275],[-88.157342,37.634333],[-88.157659,37.63559],[-88.157993,37.636948],[-88.158099,37.637889],[-88.158292,37.63919],[-88.15842,37.640431],[-88.158529,37.641443],[-88.158591,37.642214],[-88.158608,37.643137],[-88.158565,37.644161],[-88.158566,37.646158],[-88.158592,37.647341],[-88.158645,37.648213],[-88.158748,37.649064],[-88.158885,37.649804],[-88.159105,37.650742],[-88.159321,37.651581],[-88.159478,37.65217],[-88.159718,37.652947],[-88.159953,37.653585],[-88.160153,37.654323],[-88.160259,37.655244],[-88.160301,37.655775],[-88.160307,37.656357],[-88.160268,37.65712],[-88.160152,37.658216],[-88.160086,37.65892],[-88.159986,37.659715],[-88.159823,37.660551],[-88.15961,37.661378],[-88.159157,37.662611],[-88.158721,37.663573],[-88.158402,37.664232],[-88.157937,37.665094],[-88.157588,37.665623],[-88.156849,37.666591],[-88.15639,37.667243],[-88.155919,37.667895],[-88.155494,37.668435],[-88.154851,37.669231],[-88.154401,37.669751],[-88.15409,37.670289],[-88.153912,37.670654],[-88.153644,37.671342],[-88.153356,37.672201],[-88.153146,37.672737],[-88.15291,37.673253],[-88.152647,37.67372],[-88.152286,37.674289],[-88.151793,37.675032],[-88.151357,37.675632],[-88.150547,37.676753],[-88.149842,37.67758],[-88.149088,37.678488],[-88.148506,37.679222],[-88.148252,37.679562],[-88.147874,37.680024],[-88.146233,37.681904],[-88.145138,37.682994],[-88.145034,37.683069],[-88.144885,37.683175],[-88.144875,37.683183],[-88.144716,37.683305],[-88.14461,37.683384],[-88.14451,37.683459],[-88.144383,37.683556],[-88.144198,37.683686],[-88.14406,37.68378],[-88.143958,37.68385],[-88.143875,37.683901],[-88.143746,37.683978],[-88.143651,37.684039],[-88.143573,37.68409],[-88.143504,37.684135],[-88.143425,37.684181],[-88.143411,37.68419],[-88.143295,37.684266],[-88.14322,37.684315],[-88.143155,37.684352],[-88.143068,37.684405],[-88.142966,37.684472],[-88.142948,37.684485],[-88.142801,37.684595],[-88.142785,37.684609],[-88.142717,37.684667],[-88.142634,37.684735],[-88.142553,37.684798],[-88.142482,37.68485],[-88.142468,37.684861],[-88.14239,37.684925],[-88.142301,37.68499],[-88.142207,37.685055],[-88.142192,37.685066],[-88.142075,37.685158],[-88.141984,37.685227],[-88.141894,37.685294],[-88.14181,37.685355],[-88.141703,37.685434],[-88.141628,37.685493],[-88.141561,37.685551],[-88.141515,37.685591],[-88.141474,37.685627],[-88.141456,37.68564],[-88.141402,37.685684],[-88.141358,37.685717],[-88.141283,37.685774],[-88.141268,37.685786],[-88.14118,37.68586],[-88.141093,37.685929],[-88.141013,37.685989],[-88.14093,37.686045],[-88.140825,37.686116],[-88.140695,37.686202],[-88.140654,37.686234],[-88.140578,37.686302],[-88.14057,37.68631],[-88.14051,37.686369],[-88.140449,37.686415],[-88.14041,37.686451],[-88.140373,37.686491],[-88.140343,37.686519],[-88.140265,37.68658],[-88.140195,37.686631],[-88.140123,37.686679],[-88.140044,37.686723],[-88.140018,37.686739],[-88.139936,37.686795],[-88.139904,37.686813],[-88.139829,37.686871],[-88.139812,37.686888],[-88.139794,37.686896],[-88.139746,37.686924],[-88.139722,37.686943],[-88.139685,37.686974],[-88.139652,37.687007],[-88.139601,37.687066],[-88.139587,37.687084],[-88.139537,37.687152],[-88.139525,37.687165],[-88.139486,37.687199],[-88.139413,37.687255],[-88.139343,37.687306],[-88.139245,37.687378],[-88.139158,37.68744],[-88.139084,37.687491],[-88.139065,37.687504],[-88.138992,37.687562],[-88.138959,37.687591],[-88.138921,37.687631],[-88.138904,37.687651],[-88.138887,37.687673],[-88.138872,37.687687],[-88.138808,37.687692],[-88.138767,37.687696],[-88.138709,37.68771],[-88.138685,37.687719],[-88.138663,37.687725],[-88.1386,37.687749],[-88.13857,37.687765],[-88.138542,37.687782],[-88.138511,37.687803],[-88.138499,37.687812],[-88.13846,37.687839],[-88.138412,37.687877],[-88.138373,37.687917],[-88.138335,37.687963],[-88.138308,37.688004],[-88.138266,37.688075],[-88.138205,37.688179],[-88.138199,37.688189],[-88.138137,37.688306],[-88.138105,37.688362],[-88.138064,37.68841],[-88.138031,37.688448],[-88.138003,37.68848],[-88.137966,37.688525],[-88.137919,37.688567],[-88.137831,37.688639],[-88.137761,37.688694],[-88.137709,37.688733],[-88.137674,37.688748],[-88.137625,37.688773],[-88.137609,37.688783],[-88.137559,37.688794],[-88.13753,37.688802],[-88.137478,37.688818],[-88.137467,37.688822],[-88.137435,37.688833],[-88.137391,37.688851],[-88.137343,37.688879],[-88.137301,37.688914],[-88.137293,37.688922],[-88.13728,37.688937],[-88.137246,37.688981],[-88.137234,37.689002],[-88.137212,37.68904],[-88.137191,37.689087],[-88.137179,37.689123],[-88.137168,37.689177],[-88.137164,37.689228],[-88.137166,37.689277],[-88.137185,37.689398],[-88.137188,37.689412],[-88.137203,37.689483],[-88.137205,37.689495],[-88.13718,37.689555],[-88.13715,37.68962],[-88.137139,37.689649],[-88.137124,37.689698],[-88.1371,37.689741],[-88.137062,37.689787],[-88.137036,37.689824],[-88.137014,37.689851],[-88.136987,37.689867],[-88.136968,37.689885],[-88.136929,37.689913],[-88.136914,37.689924],[-88.136889,37.689941],[-88.136866,37.689961],[-88.136843,37.689977],[-88.136799,37.690011],[-88.136751,37.690047],[-88.136707,37.690077],[-88.136669,37.690106],[-88.136148,37.690397],[-88.135451,37.690722],[-88.134916,37.690954],[-88.134581,37.691161],[-88.134215,37.69154],[-88.134014,37.691975],[-88.133954,37.692296],[-88.133755,37.693355],[-88.13364,37.69411],[-88.13334,37.694999],[-88.133169,37.695466],[-88.133026,37.695858],[-88.132596,37.696619],[-88.132093,37.697482],[-88.131501,37.698327],[-88.130737,37.699325],[-88.129836,37.700377],[-88.129118,37.701234],[-88.128872,37.701559],[-88.128696,37.701792],[-88.128628,37.701873],[-88.1273,37.703855],[-88.126405,37.705175],[-88.125896,37.705874],[-88.125642,37.706223],[-88.124993,37.707223],[-88.124965,37.707252],[-88.124907,37.707266],[-88.124853,37.707287],[-88.124819,37.707306],[-88.124397,37.707572],[-88.124373,37.707588],[-88.124051,37.707832],[-88.123685,37.708127],[-88.123668,37.708141],[-88.122971,37.708634],[-88.122265,37.709418],[-88.121522,37.710243],[-88.120233,37.711227],[-88.120002,37.711334],[-88.119199,37.711704],[-88.11669,37.712866],[-88.114726,37.713529],[-88.108446,37.715648],[-88.103214,37.717532],[-88.101958,37.718051],[-88.100751,37.718613],[-88.100157,37.719054],[-88.099278,37.719837],[-88.098042,37.721329],[-88.097245,37.722115],[-88.097237,37.722122],[-88.095708,37.723215],[-88.094116,37.724175],[-88.093537,37.724351],[-88.091984,37.725239],[-88.090546,37.726023],[-88.089144,37.726677],[-88.086646,37.727627],[-88.083299,37.729341],[-88.078058,37.730407],[-88.076726,37.731001],[-88.074698,37.732392],[-88.071044,37.732998],[-88.070952,37.733016],[-88.070314,37.733323],[-88.069638,37.733716],[-88.069328,37.733968],[-88.068899,37.73437],[-88.068146,37.734936],[-88.068127,37.734952],[-88.067448,37.735553],[-88.067083,37.735889],[-88.066814,37.736161],[-88.066565,37.736342],[-88.066524,37.736376],[-88.066502,37.736395],[-88.066483,37.736411],[-88.065999,37.736656],[-88.065713,37.736908],[-88.065134,37.737446],[-88.064744,37.737759],[-88.064702,37.737792],[-88.064685,37.737806],[-88.064659,37.737826],[-88.064618,37.73786],[-88.064346,37.738077],[-88.064333,37.738088],[-88.063752,37.738609],[-88.063495,37.738855],[-88.063176,37.739161],[-88.063147,37.739192],[-88.06208,37.740329],[-88.061789,37.740578],[-88.059978,37.74234],[-88.059333,37.742967],[-88.059295,37.743015],[-88.058577,37.743828],[-88.057915,37.744761],[-88.057405,37.745788],[-88.057371,37.745893],[-88.05734,37.745973],[-88.057269,37.746112],[-88.056766,37.747344],[-88.056454,37.74774],[-88.056263,37.747982],[-88.055665,37.748552],[-88.05489,37.749198],[-88.054179,37.74974],[-88.053681,37.750061],[-88.053134,37.750503],[-88.052537,37.75097],[-88.052508,37.750991],[-88.051615,37.751815],[-88.051066,37.752478],[-88.050672,37.752953],[-88.049183,37.755073],[-88.047906,37.757301],[-88.047648,37.757843],[-88.04744,37.758279],[-88.046576,37.759668],[-88.044585,37.763122],[-88.044302,37.763716],[-88.044249,37.763827],[-88.043968,37.764592],[-88.0437,37.765227],[-88.043383,37.765713],[-88.04323,37.76595],[-88.042465,37.767318],[-88.04244,37.767377],[-88.041974,37.768388],[-88.041622,37.769324],[-88.041593,37.769403],[-88.041278,37.770311],[-88.040837,37.771926],[-88.040578,37.773124],[-88.04035,37.774327],[-88.040129,37.775518],[-88.040058,37.775957],[-88.039717,37.778072],[-88.039606,37.779051],[-88.039539,37.779905],[-88.03944,37.780494],[-88.039383,37.78065],[-88.039157,37.78117],[-88.038943,37.781799],[-88.038876,37.782412],[-88.038862,37.78324],[-88.038589,37.784506],[-88.038309,37.785544],[-88.037924,37.786676],[-88.037565,37.787672],[-88.037253,37.788438],[-88.036821,37.789602],[-88.036603,37.790348],[-88.036316,37.791157],[-88.035855,37.791882],[-88.035271,37.792648],[-88.034414,37.793671],[-88.032997,37.795454],[-88.032224,37.796408],[-88.03159,37.797075],[-88.03076,37.797697],[-88.02985,37.798252],[-88.028922,37.798733],[-88.028383,37.799008],[-88.02802,37.799197],[-88.028357,37.800033],[-88.02838,37.800768],[-88.028293,37.801467],[-88.028272,37.801678],[-88.028232,37.802073],[-88.02819,37.802567],[-88.028372,37.80373],[-88.028444,37.804199],[-88.028448,37.804224],[-88.02845,37.804239],[-88.028477,37.804417],[-88.028686,37.80479],[-88.028717,37.804823],[-88.029107,37.805349],[-88.029818,37.806274],[-88.030018,37.806488],[-88.030036,37.806508],[-88.03046,37.806964],[-88.030764,37.807309],[-88.030781,37.807329],[-88.031679,37.80793],[-88.031775,37.808025],[-88.0329,37.80862],[-88.03302,37.80865],[-88.033033,37.808653],[-88.033047,37.808657],[-88.033303,37.808723],[-88.033361,37.808745],[-88.035456,37.80952],[-88.037623,37.809864],[-88.038718,37.809839],[-88.039886,37.809741],[-88.042102,37.809213],[-88.045753,37.808129],[-88.048828,37.806831],[-88.050826,37.805818],[-88.05253,37.804738],[-88.054397,37.803522],[-88.057555,37.802031],[-88.059662,37.801196],[-88.062223,37.800581],[-88.064181,37.800431],[-88.066878,37.800559],[-88.068922,37.800983],[-88.07067,37.801704],[-88.076404,37.804635],[-88.077029,37.804993],[-88.077319,37.805267],[-88.077382,37.805326],[-88.078478,37.806334],[-88.079795,37.807681],[-88.081173,37.808924],[-88.083204,37.810897],[-88.084228,37.812105],[-88.085161,37.813184],[-88.085907,37.813769],[-88.086844,37.814444],[-88.08867,37.815512],[-88.090039,37.816771],[-88.090569,37.817629],[-88.091235,37.819151],[-88.091767,37.820913],[-88.091848,37.822108],[-88.091544,37.823221],[-88.090884,37.824468],[-88.090092,37.825642],[-88.088852,37.827024],[-88.087625,37.828195],[-88.085727,37.829388],[-88.083671,37.830175],[-88.081932,37.830682],[-88.080854,37.830902],[-88.079941,37.830986],[-88.079464,37.830991],[-88.077995,37.830773],[-88.076427,37.830239],[-88.074042,37.82916],[-88.070893,37.827359],[-88.067754,37.825645],[-88.063672,37.823862],[-88.061012,37.823015],[-88.060212,37.822849],[-88.058055,37.822449],[-88.055134,37.822367],[-88.051941,37.822122],[-88.04964,37.821939],[-88.047947,37.821727],[-88.043831,37.821525],[-88.041941,37.821926],[-88.036958,37.823163],[-88.033011,37.824383],[-88.031533,37.825092],[-88.030012,37.826076],[-88.028693,37.827109],[-88.027789,37.828298],[-88.027046,37.829593],[-88.026382,37.831107],[-88.025921,37.832694],[-88.026053,37.833688],[-88.02736,37.837054],[-88.028217,37.838585],[-88.029687,37.839821],[-88.031419,37.841203],[-88.033309,37.841917],[-88.036021,37.842644],[-88.03985,37.843401],[-88.043323,37.844174],[-88.046291,37.844627],[-88.049453,37.845187],[-88.053481,37.846316],[-88.055918,37.847226],[-88.057576,37.84789],[-88.059425,37.848732],[-88.061007,37.84992],[-88.062729,37.851342],[-88.064129,37.85248],[-88.065036,37.853172],[-88.066212,37.854454],[-88.067364,37.856051],[-88.068534,37.858011],[-88.069339,37.859831],[-88.070334,37.862049],[-88.071347,37.864468],[-88.072352,37.866766],[-88.07316,37.868353],[-88.073771,37.869244],[-88.074772,37.870808],[-88.076018,37.873317],[-88.076793,37.875045],[-88.078529,37.879118],[-88.084385,37.885582],[-88.089333,37.888677],[-88.091846,37.890716],[-88.092159,37.890947],[-88.093049,37.891604],[-88.093521,37.891952],[-88.094956,37.893689],[-88.097892,37.901517],[-88.09776,37.904026],[-88.095662,37.905808],[-88.092658,37.906198],[-88.086237,37.905713],[-88.08289,37.903628],[-88.080778,37.901929],[-88.079008,37.900505],[-88.071449,37.895813],[-88.067897,37.894849],[-88.062144,37.893934],[-88.058156,37.892753],[-88.056665,37.891686],[-88.055373,37.891238],[-88.049545,37.891104],[-88.044926,37.891216],[-88.038779,37.89205],[-88.035992,37.892777],[-88.034591,37.89278],[-88.033819,37.892782],[-88.032897,37.892932],[-88.031277,37.892966],[-88.03048,37.892875],[-88.029138,37.892637],[-88.027804,37.892044],[-88.026569,37.891024],[-88.025674,37.889956],[-88.024818,37.88886],[-88.024217,37.888628],[-88.02321,37.888332],[-88.021117,37.888057],[-88.020284,37.888051],[-88.018693,37.888403],[-88.017073,37.889222],[-88.015155,37.890792],[-88.014351,37.891916],[-88.014225,37.892206],[-88.014001,37.892723],[-88.013451,37.893951],[-88.013355,37.894854],[-88.015959,37.899952],[-88.017816,37.902696],[-88.018793,37.905903],[-88.019977,37.909771],[-88.019922,37.910666],[-88.019879,37.911698],[-88.019893,37.912352],[-88.02006,37.9129],[-88.020204,37.913062],[-88.020824,37.913758],[-88.021878,37.914183],[-88.022513,37.914756],[-88.024074,37.91455],[-88.025085,37.914551],[-88.02731,37.914711],[-88.028754,37.91462],[-88.030199,37.914346],[-88.031846,37.913751],[-88.032482,37.913637],[-88.032944,37.91366],[-88.033493,37.913866],[-88.034129,37.914324],[-88.034793,37.914622],[-88.036382,37.914897],[-88.038,37.914966],[-88.040456,37.914921],[-88.042046,37.914967],[-88.048489,37.915471],[-88.053372,37.916067],[-88.059209,37.917189],[-88.062242,37.917898],[-88.063023,37.918196],[-88.063803,37.918585],[-88.06519,37.919684],[-88.066924,37.921332],[-88.067245,37.921733],[-88.068023,37.922705],[-88.068225,37.922705],[-88.069005,37.924239],[-88.069468,37.925704],[-88.069613,37.926848],[-88.069497,37.927352],[-88.068948,37.928565],[-88.067966,37.929779],[-88.067561,37.930214],[-88.064815,37.932022],[-88.063341,37.932778],[-88.059902,37.933831],[-88.059767,37.933856],[-88.059067,37.933985],[-88.058543,37.934082],[-88.057127,37.934151],[-88.056989,37.934125],[-88.056145,37.933968],[-88.054757,37.933487],[-88.054122,37.933029],[-88.05363,37.932526],[-88.053255,37.931129],[-88.052793,37.930488],[-88.050539,37.92813],[-88.049354,37.927192],[-88.048661,37.926757],[-88.047129,37.926001],[-88.045002,37.925105],[-88.044989,37.925099],[-88.042454,37.924457],[-88.041296,37.92429],[-88.040122,37.924327],[-88.039644,37.924309],[-88.038627,37.924432],[-88.037735,37.924599],[-88.037122,37.924826],[-88.036364,37.92517],[-88.035345,37.925528],[-88.034683,37.925859],[-88.034065,37.926159],[-88.03394,37.926264],[-88.032492,37.927499],[-88.031067,37.928889],[-88.030534,37.929626],[-88.030415,37.930104],[-88.030337,37.930404],[-88.03034,37.931045],[-88.030704,37.932067],[-88.031262,37.932931],[-88.032995,37.935532],[-88.036125,37.942745],[-88.036186,37.94386],[-88.036586,37.949814],[-88.036675,37.95113],[-88.037013,37.956276],[-88.036793,37.956793],[-88.036688,37.956872],[-88.035884,37.957481],[-88.0348,37.957993],[-88.031989,37.95859],[-88.028218,37.958409],[-88.020868,37.959351],[-88.018235,37.960713],[-88.016311,37.961574],[-88.015099,37.962739],[-88.013882,37.964573],[-88.012929,37.966544],[-88.012271,37.969941],[-88.012574,37.977062],[-88.013732,37.979646],[-88.015217,37.982957],[-88.019492,37.991057],[-88.022864,37.997983],[-88.023082,37.998635],[-88.023131,38.000045],[-88.023231,38.000245],[-88.023331,38.000345],[-88.023631,38.000945],[-88.024131,38.002345],[-88.024931,38.004545],[-88.025431,38.005645],[-88.025831,38.007245],[-88.025631,38.009145],[-88.025259,38.010632],[-88.025131,38.011145],[-88.024431,38.013045],[-88.023331,38.015445],[-88.022431,38.017145],[-88.021166,38.019133],[-88.021144,38.019168],[-88.021031,38.019345],[-88.018931,38.021945],[-88.016931,38.024045],[-88.015031,38.025145],[-88.014074,38.025353],[-88.012731,38.025645],[-88.012515,38.025717],[-88.010631,38.026345],[-88.01033,38.026525],[-88.008631,38.027545],[-88.007631,38.029145],[-88.007931,38.030845],[-88.008931,38.031945],[-88.010531,38.033045],[-88.012131,38.033845],[-88.014131,38.034345],[-88.015931,38.034645],[-88.017631,38.034745],[-88.019631,38.034245],[-88.022131,38.033345],[-88.024631,38.032545],[-88.027731,38.031745],[-88.030432,38.031545],[-88.032532,38.031645],[-88.034132,38.032045],[-88.035632,38.032845],[-88.037932,38.033945],[-88.040232,38.035645],[-88.041003,38.036653],[-88.041532,38.037345],[-88.041749,38.037924],[-88.041837,38.038161],[-88.041845,38.038181],[-88.042132,38.038945],[-88.042136,38.039012],[-88.042232,38.040545],[-88.042332,38.042445],[-88.042371,38.043272],[-88.042432,38.044545],[-88.042358,38.044983],[-88.042132,38.046345],[-88.040432,38.048445],[-88.037832,38.050245],[-88.035332,38.051145],[-88.032632,38.051745],[-88.030032,38.052145],[-88.027232,38.052145],[-88.024131,38.051945],[-88.020631,38.051845],[-88.017231,38.051745],[-88.014031,38.051445],[-88.010531,38.051245],[-88.007431,38.051145],[-88.004731,38.051045],[-88.00133,38.051545],[-88.00003,38.052345],[-87.98877,38.055591],[-87.978735,38.059815],[-87.97761,38.060527],[-87.973204,38.063318],[-87.967226,38.067105],[-87.965814,38.070534],[-87.963994,38.074286],[-87.96126,38.078295],[-87.959023,38.081522],[-87.957879,38.083791],[-87.956664,38.086202],[-87.956878,38.088284],[-87.957246,38.088977],[-87.959138,38.092539],[-87.960279,38.09647],[-87.960463,38.099086],[-87.960253,38.099811],[-87.96023,38.099893],[-87.960451,38.10004],[-87.960677,38.100191],[-87.96108,38.1001],[-87.96221,38.100054],[-87.962934,38.099917],[-87.964006,38.099413],[-87.964643,38.098978],[-87.966293,38.097512],[-87.968031,38.096276],[-87.968813,38.095932],[-87.9753,38.094168],[-87.976516,38.093755],[-87.977454,38.093346],[-87.978775,38.09277],[-87.983408,38.091189],[-87.98555,38.090341],[-87.990096,38.088737],[-87.996988,38.086651],[-88.000031,38.085396],[-88.000969,38.085101],[-88.002635,38.08449],[-88.004697,38.083965],[-88.006717,38.083924],[-88.010143,38.084381],[-88.01139,38.084691],[-88.012131,38.085275],[-88.013125,38.086808],[-88.01415,38.088825],[-88.014633,38.090398],[-88.015657,38.092891],[-88.016153,38.093931],[-88.016806,38.095717],[-88.016729,38.097257],[-88.015916,38.099818],[-88.015114,38.101411],[-88.013118,38.103527],[-88.00988,38.105066],[-88.006743,38.106171],[-88.00323,38.10727],[-88.000031,38.107896],[-87.99831,38.108488],[-87.998224,38.108557],[-87.997451,38.108578],[-87.997383,38.10858],[-87.997147,38.108532],[-87.993674,38.107827],[-87.991275,38.107462],[-87.98584,38.107069],[-87.983068,38.107139],[-87.979926,38.10802],[-87.978493,38.108423],[-87.976058,38.109562],[-87.975299,38.110053],[-87.974781,38.110515],[-87.974541,38.111011],[-87.974236,38.111634],[-87.973832,38.113396],[-87.973774,38.114447],[-87.973951,38.118248],[-87.974124,38.118431],[-87.97436,38.118913],[-87.974502,38.1196],[-87.974445,38.120836],[-87.974272,38.121981],[-87.974098,38.122073],[-87.972998,38.125046],[-87.972888,38.125233],[-87.972244,38.126325],[-87.971491,38.127905],[-87.971308,38.12817],[-87.969955,38.130136],[-87.969869,38.130263],[-87.969464,38.130744],[-87.968392,38.131567],[-87.967349,38.132139],[-87.966393,38.132506],[-87.965755,38.132621],[-87.964404,38.132642],[-87.964306,38.132644],[-87.960482,38.132095],[-87.959352,38.13221],[-87.956943,38.132874],[-87.955872,38.132897],[-87.954858,38.132622],[-87.953611,38.132073],[-87.951408,38.130792],[-87.949176,38.129074],[-87.948081,38.127982],[-87.947961,38.127863],[-87.94767,38.127588],[-87.947468,38.127221],[-87.947266,38.127015],[-87.947208,38.126924],[-87.9464,38.126554],[-87.945869,38.126452],[-87.945472,38.126616],[-87.945209,38.126819],[-87.944825,38.127272],[-87.942951,38.130638],[-87.942506,38.13128],[-87.942175,38.131759],[-87.940438,38.133713],[-87.938812,38.135773],[-87.938619,38.136017],[-87.9379,38.136779],[-87.935135,38.139428],[-87.934238,38.139718],[-87.933343,38.139909],[-87.931387,38.140197],[-87.929423,38.140727],[-87.92783,38.141545],[-87.926627,38.142546],[-87.925811,38.143633],[-87.925436,38.144863],[-87.9255,38.146251],[-87.925893,38.147832],[-87.926895,38.149182],[-87.92778,38.149991],[-87.928234,38.150416],[-87.92827,38.150893],[-87.927899,38.151646],[-87.927468,38.151946],[-87.927445,38.152065],[-87.927233,38.152308],[-87.925891,38.152912],[-87.925433,38.152914],[-87.924658,38.152894],[-87.924088,38.152922],[-87.923653,38.153119],[-87.923387,38.15324],[-87.92229,38.153721],[-87.921365,38.154064],[-87.91909,38.155132],[-87.917719,38.155889],[-87.916716,38.15664],[-87.915184,38.157788],[-87.913664,38.159198],[-87.913453,38.159675],[-87.912868,38.160588],[-87.912584,38.160816],[-87.911996,38.161222],[-87.911428,38.16174],[-87.911034,38.162194],[-87.910924,38.162557],[-87.910695,38.165096],[-87.910623,38.166604],[-87.910792,38.167666],[-87.911369,38.168622],[-87.912325,38.170059],[-87.912553,38.170759],[-87.912678,38.171049],[-87.913088,38.17153],[-87.91315,38.171573],[-87.915666,38.173322],[-87.917,38.174078],[-87.91729,38.174169],[-87.918247,38.174124],[-87.919059,38.173986],[-87.920712,38.174032],[-87.92172,38.17381],[-87.922901,38.173291],[-87.923637,38.172666],[-87.92399,38.172365],[-87.924076,38.172293],[-87.924241,38.17223],[-87.925029,38.171087],[-87.92523,38.170634],[-87.925289,38.170316],[-87.925309,38.170215],[-87.925896,38.166473],[-87.925813,38.166119],[-87.925131,38.164616],[-87.924656,38.163676],[-87.92451,38.163104],[-87.924513,38.162025],[-87.924581,38.161412],[-87.925963,38.159342],[-87.926388,38.15884],[-87.927413,38.158173],[-87.929581,38.157118],[-87.929742,38.157046],[-87.930249,38.156796],[-87.930262,38.15679],[-87.93048,38.156682],[-87.931211,38.156348],[-87.931738,38.156341],[-87.933768,38.156317],[-87.934299,38.156459],[-87.934637,38.156748],[-87.935251,38.158735],[-87.935234,38.159315],[-87.935043,38.159622],[-87.934178,38.161335],[-87.933751,38.163094],[-87.933759,38.164351],[-87.935048,38.168373],[-87.936443,38.171355],[-87.937162,38.172189],[-87.940491,38.174902],[-87.945135,38.17756],[-87.947681,38.178907],[-87.950921,38.180315],[-87.953415,38.181405],[-87.954833,38.18204],[-87.957515,38.183243],[-87.958923,38.184046],[-87.9595,38.184376],[-87.969865,38.191786],[-87.975819,38.197834],[-87.977494,38.199783],[-87.978433,38.200949],[-87.979808,38.202654],[-87.982763,38.206705],[-87.983402,38.207973],[-87.983973,38.209107],[-87.984234,38.20996],[-87.985186,38.214853],[-87.985274,38.215486],[-87.985627,38.217993],[-87.985558,38.222482],[-87.984995,38.227964],[-87.984929,38.22826],[-87.98487,38.228523],[-87.984838,38.228674],[-87.984787,38.228747],[-87.98426,38.22955],[-87.983732,38.230354],[-87.983373,38.230906],[-87.981215,38.234215],[-87.980469,38.235412],[-87.980158,38.236115],[-87.979689,38.238946],[-87.979629,38.24055],[-87.979789,38.241661],[-87.980905,38.245119],[-87.98212,38.248053],[-87.9824,38.248696],[-87.983058,38.250046],[-87.983897,38.251012],[-87.984647,38.251877],[-87.986338,38.253663],[-87.987661,38.254905],[-87.987871,38.255141],[-87.987989,38.255352],[-87.988037,38.255486],[-87.988164,38.255838],[-87.988123,38.256451],[-87.988078,38.256717],[-87.987911,38.256957],[-87.987618,38.257381],[-87.987103,38.257731],[-87.986109,38.258058],[-87.984705,38.257953],[-87.981868,38.256444],[-87.978333,38.252894],[-87.975469,38.250046],[-87.972813,38.24752],[-87.972259,38.247039],[-87.97146,38.245938],[-87.97108,38.245415],[-87.970466,38.244568],[-87.969947,38.243354],[-87.970005,38.242806],[-87.970503,38.241111],[-87.970593,38.240861],[-87.970346,38.239106],[-87.970231,38.238727],[-87.970216,38.238676],[-87.9702,38.238623],[-87.968968,38.237389],[-87.967556,38.236729],[-87.965381,38.236411],[-87.964279,38.236297],[-87.963201,38.236311],[-87.962322,38.23655],[-87.960968,38.236807],[-87.960225,38.237118],[-87.958867,38.238294],[-87.958695,38.2385],[-87.95826,38.239022],[-87.957992,38.240096],[-87.957897,38.241256],[-87.958383,38.242816],[-87.958389,38.242835],[-87.958408,38.242897],[-87.958839,38.244964],[-87.958841,38.244974],[-87.958883,38.246666],[-87.958081,38.248828],[-87.957881,38.249371],[-87.95761,38.250046],[-87.956145,38.251652],[-87.955371,38.25224],[-87.954032,38.253032],[-87.950723,38.25405],[-87.948893,38.254432],[-87.948177,38.254577],[-87.946065,38.255319],[-87.944705,38.25619],[-87.943599,38.257081],[-87.94303,38.25779],[-87.942067,38.260301],[-87.945469,38.262495],[-87.94566,38.262495],[-87.946614,38.262749],[-87.948903,38.264116],[-87.950651,38.266819],[-87.950688,38.268025],[-87.951277,38.26875],[-87.951614,38.26942],[-87.952163,38.270512],[-87.952296,38.271627],[-87.952198,38.273102],[-87.952125,38.273763],[-87.951923,38.274253],[-87.951171,38.275834],[-87.950298,38.276792],[-87.949279,38.277345],[-87.94674,38.277993],[-87.94452,38.278467],[-87.944017,38.278681],[-87.942333,38.279402],[-87.941134,38.280291],[-87.940285,38.281064],[-87.93992,38.281528],[-87.939212,38.282923],[-87.938867,38.284525],[-87.938955,38.286422],[-87.938854,38.287535],[-87.938609,38.288678],[-87.938244,38.290279],[-87.937519,38.292046],[-87.937329,38.292431],[-87.936819,38.293014],[-87.935642,38.294404],[-87.934844,38.295145],[-87.933556,38.295896],[-87.931873,38.296498],[-87.929898,38.296934],[-87.928791,38.29726],[-87.926799,38.298043],[-87.924973,38.298659],[-87.922833,38.299198],[-87.921423,38.299343],[-87.918548,38.299397],[-87.916489,38.299372],[-87.914813,38.299005],[-87.913325,38.298447],[-87.911394,38.297576],[-87.910128,38.296577],[-87.909536,38.296061],[-87.909338,38.29572],[-87.908973,38.295054],[-87.908635,38.29459],[-87.908295,38.294239],[-87.908008,38.293767],[-87.907866,38.293176],[-87.907994,38.292331],[-87.908311,38.291737],[-87.908529,38.290957],[-87.908915,38.290478],[-87.909853,38.289335],[-87.910686,38.288385],[-87.912026,38.287013],[-87.912642,38.286197],[-87.913692,38.284515],[-87.915444,38.28235],[-87.917086,38.280078],[-87.917711,38.279351],[-87.918113,38.278517],[-87.918939,38.276832],[-87.919292,38.275908],[-87.91947,38.274547],[-87.919373,38.273706],[-87.919216,38.272801],[-87.918794,38.271916],[-87.918252,38.270941],[-87.917615,38.270078],[-87.917092,38.269701],[-87.916125,38.269084],[-87.915276,38.268735],[-87.914081,38.268309],[-87.91285,38.268133],[-87.91111,38.268031],[-87.91012,38.268108],[-87.908542,38.268581],[-87.906841,38.269634],[-87.90572,38.270758],[-87.903716,38.272759],[-87.902406,38.274198],[-87.901792,38.274874],[-87.8997,38.277229],[-87.897803,38.279482],[-87.897067,38.280134],[-87.895632,38.28115],[-87.89456,38.28179],[-87.893583,38.282278],[-87.89356,38.28229],[-87.89343,38.282355],[-87.893388,38.282376],[-87.893369,38.282385],[-87.893345,38.282397],[-87.89243,38.282854],[-87.890943,38.283384],[-87.889059,38.284378],[-87.888223,38.284917],[-87.888,38.285145],[-87.887963,38.285183],[-87.887953,38.285193],[-87.887932,38.285214],[-87.887849,38.285299],[-87.886859,38.286465],[-87.886452,38.287009],[-87.885763,38.288953],[-87.885568,38.290008],[-87.885355,38.291164],[-87.88532,38.291353],[-87.885157,38.292408],[-87.885154,38.292427],[-87.885152,38.29244],[-87.885148,38.292464],[-87.885146,38.29248],[-87.884858,38.293063],[-87.884854,38.293072],[-87.88478,38.293221],[-87.884748,38.293286],[-87.884278,38.294237],[-87.883587,38.295221],[-87.883118,38.29603],[-87.883093,38.29607],[-87.883058,38.296132],[-87.883038,38.296166],[-87.883032,38.296177],[-87.883018,38.296202],[-87.882765,38.296639],[-87.882471,38.297391],[-87.882463,38.297412],[-87.882448,38.297451],[-87.882436,38.297482],[-87.882424,38.297511],[-87.882122,38.298285],[-87.881587,38.300175],[-87.881169,38.302349],[-87.880848,38.303725],[-87.880083,38.305353],[-87.879389,38.306507],[-87.878303,38.307849],[-87.877504,38.308573],[-87.876439,38.309375],[-87.875664,38.309931],[-87.87503,38.310221],[-87.873289,38.311187],[-87.872896,38.311406],[-87.870537,38.31222],[-87.868886,38.312277],[-87.867265,38.31198],[-87.865964,38.311453],[-87.864271,38.310703],[-87.86311,38.309823],[-87.861636,38.308398],[-87.86112,38.307826],[-87.860453,38.305372],[-87.860453,38.303113],[-87.860809,38.302246],[-87.861786,38.300001],[-87.863086,38.297906],[-87.864812,38.295389],[-87.86512,38.294377],[-87.865835,38.292031],[-87.866248,38.28998],[-87.866032,38.287823],[-87.865522,38.286081],[-87.864817,38.284516],[-87.864263,38.283287],[-87.863963,38.282621],[-87.863068,38.280267],[-87.863032,38.280172],[-87.861774,38.278637],[-87.859651,38.276711],[-87.856605,38.275522],[-87.852847,38.275242],[-87.85113,38.27512],[-87.849188,38.275543],[-87.845937,38.276667],[-87.84345,38.278172],[-87.840984,38.280105],[-87.838979,38.282327],[-87.838152,38.283378],[-87.836495,38.285486],[-87.833934,38.290614],[-87.832802,38.29334],[-87.831523,38.296727],[-87.831283,38.297845],[-87.830953,38.299365],[-87.830754,38.301355],[-87.830714,38.303073],[-87.830849,38.305608],[-87.831136,38.306814],[-87.831477,38.307489],[-87.831848,38.308156],[-87.832254,38.309977],[-87.832534,38.311482],[-87.83288,38.312826],[-87.833344,38.315649],[-87.833402,38.31665],[-87.833382,38.317537],[-87.833444,38.318377],[-87.833477,38.319555],[-87.833273,38.320892],[-87.833205,38.321657],[-87.833033,38.322897],[-87.832723,38.324853],[-87.832422,38.325979],[-87.831982,38.326973],[-87.831396,38.328086],[-87.830638,38.329148],[-87.829989,38.329929],[-87.82876,38.332001],[-87.828237,38.333018],[-87.827684,38.334026],[-87.827319,38.334836],[-87.826986,38.335606],[-87.826483,38.336631],[-87.826076,38.337529],[-87.825813,38.338316],[-87.825577,38.339248],[-87.825335,38.340043],[-87.825159,38.341025],[-87.824773,38.342286],[-87.824539,38.343178],[-87.824325,38.344055],[-87.824171,38.344528],[-87.823717,38.345224],[-87.823514,38.34564],[-87.823411,38.345968],[-87.822721,38.346912],[-87.821826,38.34773],[-87.820049,38.349237],[-87.818146,38.350467],[-87.817162,38.351203],[-87.816156,38.351971],[-87.815483,38.352413],[-87.814993,38.352931],[-87.814371,38.353397],[-87.813791,38.353792],[-87.812843,38.355126],[-87.811887,38.356371],[-87.811135,38.357586],[-87.811015,38.357939],[-87.810314,38.35872],[-87.809033,38.360267],[-87.808897,38.360431],[-87.808322,38.361127],[-87.806815,38.362478],[-87.806075,38.363143],[-87.803575,38.364188],[-87.801986,38.364592],[-87.799616,38.364896],[-87.797277,38.365595],[-87.795441,38.366117],[-87.793498,38.366419],[-87.791588,38.366609],[-87.790251,38.366702],[-87.788112,38.36713],[-87.787959,38.367169],[-87.78775,38.367223],[-87.786093,38.367649],[-87.784994,38.368011],[-87.783698,38.368565],[-87.783079,38.368862],[-87.782457,38.369313],[-87.781682,38.369777],[-87.78066,38.370343],[-87.779996,38.370842],[-87.77905,38.371642],[-87.778894,38.371788],[-87.777824,38.372793],[-87.77757,38.373032],[-87.77537,38.375046],[-87.772023,38.378515],[-87.769721,38.380695],[-87.768674,38.382076],[-87.767565,38.383553],[-87.767153,38.384088],[-87.765742,38.385929],[-87.763118,38.388526],[-87.762703,38.389036],[-87.761679,38.390292],[-87.759402,38.392662],[-87.758515,38.393586],[-87.757307,38.394846],[-87.756851,38.395424],[-87.756742,38.395573],[-87.755959,38.396652],[-87.754962,38.397907],[-87.754835,38.398067],[-87.754791,38.398122],[-87.754776,38.398141],[-87.754641,38.398311],[-87.754625,38.398331],[-87.754605,38.398356],[-87.75456,38.398413],[-87.754105,38.398987],[-87.754047,38.399047],[-87.753006,38.40013],[-87.752848,38.400295],[-87.752735,38.400412],[-87.752391,38.40077],[-87.752047,38.401128],[-87.75154,38.401657],[-87.75003,38.403027],[-87.749418,38.403794],[-87.74689,38.40696],[-87.745254,38.408996],[-87.744965,38.409814],[-87.744294,38.411715],[-87.743772,38.413115],[-87.743715,38.413995],[-87.743693,38.41435],[-87.743691,38.414387],[-87.743533,38.41689],[-87.743504,38.41732],[-87.743218,38.421681],[-87.743117,38.423138],[-87.743108,38.423264],[-87.742828,38.427335],[-87.741566,38.433207],[-87.74104,38.435576],[-87.740585,38.436634],[-87.740394,38.437079],[-87.739767,38.437977],[-87.738812,38.438929],[-87.737677,38.439508],[-87.736144,38.440067],[-87.734607,38.440876],[-87.732849,38.441393],[-87.731641,38.442165],[-87.730699,38.442908],[-87.730393,38.444228],[-87.730211,38.445429],[-87.730134,38.446518],[-87.730369,38.447884],[-87.73082,38.449228],[-87.731974,38.45078],[-87.733218,38.451825],[-87.73459,38.452499],[-87.735729,38.452986],[-87.737747,38.453617],[-87.739315,38.454164],[-87.740525,38.454716],[-87.74216,38.454916],[-87.743899,38.454997],[-87.745388,38.454623],[-87.748429,38.454529],[-87.749475,38.454417],[-87.750026,38.45418],[-87.750797,38.454197],[-87.751477,38.454213],[-87.752826,38.454415],[-87.754834,38.455176],[-87.755931,38.455876],[-87.75618,38.456317],[-87.756534,38.456944],[-87.756825,38.458502],[-87.756714,38.460299],[-87.756435,38.461491],[-87.756179,38.462538],[-87.755355,38.46396],[-87.754668,38.465069],[-87.753952,38.465932],[-87.753725,38.466208],[-87.752814,38.467251],[-87.7519,38.468487],[-87.751433,38.469138],[-87.750934,38.469844],[-87.750028,38.471427],[-87.744644,38.477266],[-87.743265,38.477844],[-87.742167,38.478306],[-87.740875,38.478859],[-87.740024,38.479223],[-87.737736,38.479533],[-87.73486,38.48004],[-87.734646,38.480078],[-87.730045,38.480254],[-87.728013,38.479856],[-87.723983,38.479609],[-87.71992,38.479491],[-87.715736,38.479768],[-87.714047,38.47988],[-87.711558,38.480624],[-87.708054,38.482189],[-87.700969,38.484835],[-87.697652,38.486103],[-87.693188,38.488038],[-87.691504,38.488894],[-87.688327,38.49051],[-87.685921,38.491843],[-87.684191,38.49311],[-87.682324,38.494618],[-87.680973,38.495944],[-87.679443,38.497479],[-87.678374,38.498438],[-87.677776,38.499336],[-87.677407,38.500047],[-87.676803,38.500655],[-87.676435,38.501337],[-87.674911,38.504398],[-87.674239,38.505724],[-87.673832,38.506261],[-87.672382,38.507396],[-87.671898,38.507611],[-87.671323,38.507663],[-87.670709,38.507538],[-87.669811,38.507178],[-87.668987,38.506641],[-87.667891,38.505739],[-87.666793,38.50495],[-87.665482,38.504031],[-87.664536,38.503396],[-87.663701,38.502931],[-87.662894,38.502627],[-87.660952,38.502091],[-87.65953,38.501791],[-87.658803,38.501738],[-87.658178,38.501669],[-87.657665,38.50169],[-87.656741,38.501757],[-87.655837,38.501896],[-87.655024,38.502156],[-87.653798,38.502616],[-87.652365,38.503219],[-87.651291,38.503832],[-87.650092,38.504606],[-87.64835,38.506061],[-87.646719,38.507767],[-87.64581,38.509082],[-87.645345,38.510159],[-87.645118,38.511109],[-87.64513,38.511794],[-87.64515,38.512649],[-87.645371,38.513835],[-87.645753,38.514426],[-87.645995,38.51475],[-87.646226,38.51509],[-87.646693,38.51552],[-87.647191,38.515854],[-87.647719,38.516277],[-87.648238,38.516627],[-87.650011,38.517728],[-87.652644,38.519364],[-87.652919,38.519559],[-87.653235,38.519715],[-87.654591,38.520328],[-87.655283,38.5208],[-87.65578,38.521206],[-87.656144,38.521668],[-87.658327,38.525084],[-87.659476,38.526711],[-87.659673,38.527366],[-87.659728,38.527866],[-87.660536,38.529749],[-87.660752,38.530492],[-87.660903,38.53154],[-87.660978,38.532145],[-87.66124,38.532526],[-87.668788,38.541078],[-87.669232,38.541742],[-87.669583,38.542381],[-87.66983,38.543124],[-87.670084,38.544133],[-87.670118,38.544706],[-87.670071,38.545237],[-87.669843,38.545672],[-87.669735,38.54588],[-87.66922,38.546812],[-87.66845,38.547741],[-87.667486,38.548517],[-87.666284,38.549339],[-87.665435,38.549946],[-87.664238,38.550543],[-87.663443,38.550892],[-87.662401,38.551337],[-87.658144,38.552945],[-87.657302,38.553277],[-87.656395,38.553633],[-87.65636,38.553648],[-87.655029,38.554173],[-87.653289,38.554686],[-87.651999,38.555209],[-87.651285,38.555664],[-87.650704,38.55624],[-87.650345,38.557035],[-87.650141,38.557735],[-87.650147,38.55809],[-87.650214,38.558421],[-87.650384,38.558817],[-87.650574,38.559181],[-87.650694,38.559448],[-87.650792,38.559779],[-87.650991,38.560336],[-87.651501,38.561355],[-87.651864,38.561906],[-87.652225,38.562601],[-87.652514,38.56328],[-87.65267,38.563918],[-87.652745,38.564459],[-87.652738,38.565039],[-87.652448,38.566028],[-87.651951,38.567242],[-87.651529,38.568166],[-87.651307,38.568616],[-87.651107,38.569026],[-87.650597,38.569627],[-87.650181,38.570059],[-87.649682,38.570523],[-87.648618,38.571056],[-87.647886,38.571341],[-87.647248,38.571474],[-87.646405,38.571541],[-87.645089,38.571774],[-87.643967,38.572],[-87.642937,38.572283],[-87.642308,38.572505],[-87.641389,38.572934],[-87.640592,38.573444],[-87.640054,38.573771],[-87.639567,38.574163],[-87.638911,38.574876],[-87.638522,38.575606],[-87.638247,38.576273],[-87.638116,38.576829],[-87.638049,38.577263],[-87.638073,38.577828],[-87.638097,38.578344],[-87.638256,38.578796],[-87.638405,38.579136],[-87.638586,38.579467],[-87.639106,38.580575],[-87.639525,38.581489],[-87.639775,38.581998],[-87.639851,38.582522],[-87.639984,38.583297],[-87.640093,38.584434],[-87.640175,38.585145],[-87.64026,38.58587],[-87.640258,38.589199],[-87.64021,38.589795],[-87.640113,38.5901],[-87.639839,38.590679],[-87.639433,38.591255],[-87.639088,38.5916],[-87.638393,38.5922],[-87.637835,38.59253],[-87.637627,38.592654],[-87.636853,38.592891],[-87.636237,38.592911],[-87.635509,38.592842],[-87.634823,38.592692],[-87.634057,38.592372],[-87.633007,38.591793],[-87.632172,38.591231],[-87.628157,38.588101],[-87.627383,38.587644],[-87.626822,38.587342],[-87.625943,38.58703],[-87.625329,38.58684],[-87.625024,38.586685],[-87.622897,38.586198],[-87.621401,38.586118],[-87.619562,38.586463],[-87.616604,38.587029],[-87.614508,38.58751],[-87.613138,38.588277],[-87.61196,38.589248],[-87.611376,38.590471],[-87.610907,38.591405],[-87.610886,38.592632],[-87.61135,38.593611],[-87.612439,38.594642],[-87.613461,38.595042],[-87.616437,38.594905],[-87.619443,38.594824],[-87.620793,38.595186],[-87.622636,38.595648],[-87.623441,38.596241],[-87.624143,38.596955],[-87.625024,38.598259],[-87.625255,38.598945],[-87.625406,38.599188],[-87.625462,38.599583],[-87.625475,38.60022],[-87.625562,38.60064],[-87.625637,38.60114],[-87.625852,38.602052],[-87.62605,38.602602],[-87.626248,38.603167],[-87.62661,38.603718],[-87.627247,38.605206],[-87.627287,38.605299],[-87.627348,38.60544],[-87.627423,38.605972],[-87.62745,38.606278],[-87.627446,38.606585],[-87.62738,38.606907],[-87.627345,38.607237],[-87.627218,38.60755],[-87.626987,38.60796],[-87.626602,38.60832],[-87.626081,38.608905],[-87.62551,38.609441],[-87.625024,38.609727],[-87.623933,38.610262],[-87.622656,38.61082],[-87.621306,38.611516],[-87.620532,38.612165],[-87.620352,38.612786],[-87.621019,38.613943],[-87.622425,38.616469],[-87.622759,38.617084],[-87.622556,38.618011],[-87.622375,38.618873],[-87.621794,38.619597],[-87.620474,38.620478],[-87.619095,38.620955],[-87.618208,38.621515],[-87.617043,38.622195],[-87.616152,38.623215],[-87.615585,38.625047],[-87.615469,38.625889],[-87.615584,38.626456],[-87.615678,38.627094],[-87.615736,38.627292],[-87.615785,38.627458],[-87.615943,38.627952],[-87.616425,38.628674],[-87.618924,38.631382],[-87.619819,38.632737],[-87.620382,38.634307],[-87.620586,38.635023],[-87.6209,38.636128],[-87.62098,38.637655],[-87.62012,38.639489],[-87.619197,38.64075],[-87.617315,38.642157],[-87.614321,38.643038],[-87.612206,38.643539],[-87.610877,38.643917],[-87.609831,38.644216],[-87.607896,38.644984],[-87.605817,38.646518],[-87.60433,38.648356],[-87.60295,38.651236],[-87.602898,38.652616],[-87.602759,38.654375],[-87.602863,38.656363],[-87.602031,38.659053],[-87.60018,38.662462],[-87.597247,38.665314],[-87.593678,38.667402],[-87.590093,38.668944],[-87.587684,38.66998],[-87.579397,38.672475],[-87.569607,38.674358],[-87.564674,38.674916],[-87.564417,38.674944],[-87.55843,38.675585],[-87.545538,38.677613],[-87.540051,38.679143],[-87.535164,38.681437],[-87.535062,38.681485],[-87.534435,38.681754],[-87.533177,38.682605],[-87.531231,38.684036],[-87.528622,38.686385],[-87.528557,38.686443],[-87.528131,38.686828],[-87.525694,38.689311],[-87.522039,38.69335],[-87.520877,38.695093],[-87.520636,38.695454],[-87.51961,38.697198],[-87.519038,38.699526],[-87.518982,38.702939],[-87.518946,38.705149],[-87.519164,38.707168],[-87.519189,38.707404],[-87.519519,38.710455],[-87.518598,38.712739],[-87.516707,38.716332],[-87.514607,38.71898],[-87.510706,38.723348],[-87.508515,38.725768],[-87.507697,38.727335],[-87.50713,38.729947],[-87.506221,38.733533],[-87.506172,38.733725],[-87.505339,38.73497],[-87.504059,38.735823],[-87.501938,38.736435],[-87.50002,38.737008],[-87.497526,38.738532],[-87.49652,38.739336],[-87.496041,38.739981],[-87.495799,38.740699],[-87.495797,38.741005],[-87.495794,38.741361],[-87.496076,38.742113],[-87.496494,38.742728],[-87.497405,38.743409],[-87.498451,38.743994],[-87.49956,38.744457],[-87.50002,38.744912],[-87.50159,38.745725],[-87.503318,38.74708],[-87.503879,38.748054],[-87.504046,38.748507],[-87.504006,38.74971],[-87.503576,38.750046],[-87.503531,38.750402],[-87.50338,38.75098],[-87.502613,38.752601],[-87.501814,38.754197],[-87.500919,38.755294],[-87.50002,38.756182],[-87.499647,38.756808],[-87.498948,38.757774],[-87.498515,38.758983],[-87.498238,38.760063],[-87.497884,38.761877],[-87.497654,38.762592],[-87.497334,38.763593],[-87.49711,38.764536],[-87.49687,38.766181],[-87.496906,38.766818],[-87.497476,38.767647],[-87.497529,38.767724],[-87.498216,38.768307],[-87.499131,38.768835],[-87.499749,38.76899],[-87.50002,38.769036],[-87.500494,38.769176],[-87.502516,38.769173],[-87.504953,38.76886],[-87.505881,38.768431],[-87.506565,38.767856],[-87.508183,38.767312],[-87.51033,38.767181],[-87.511969,38.767538],[-87.513652,38.768475],[-87.514373,38.769172],[-87.514861,38.770503],[-87.514548,38.771821],[-87.513799,38.772758],[-87.513137,38.773196],[-87.511798,38.773558],[-87.505668,38.77367],[-87.505258,38.773722],[-87.504301,38.773846],[-87.503768,38.773981],[-87.503497,38.77405],[-87.502115,38.774628],[-87.50002,38.775652],[-87.498587,38.77648],[-87.49743,38.777438],[-87.496537,38.778571],[-87.495739,38.780303],[-87.495199,38.781979],[-87.495211,38.78306],[-87.495381,38.783811],[-87.495509,38.784626],[-87.495905,38.785434],[-87.497821,38.787071],[-87.497792,38.787167],[-87.497842,38.787409],[-87.497912,38.787699],[-87.498567,38.7885],[-87.499274,38.789221],[-87.50002,38.790245],[-87.501123,38.79138],[-87.501547,38.791696],[-87.503129,38.792874],[-87.50656,38.794546],[-87.508211,38.795716],[-87.510553,38.798396],[-87.512272,38.800766],[-87.514919,38.803713],[-87.516689,38.80618],[-87.517747,38.80807],[-87.51922,38.810478],[-87.521595,38.813013],[-87.526816,38.817369],[-87.527342,38.818121],[-87.527407,38.818766],[-87.527133,38.819432],[-87.526463,38.820538],[-87.525901,38.821171],[-87.525239,38.821601],[-87.524381,38.822111],[-87.523636,38.822597],[-87.52338,38.82344],[-87.523178,38.82401],[-87.521681,38.826576],[-87.521841,38.828734],[-87.522212,38.830483],[-87.523235,38.831852],[-87.524577,38.833634],[-87.525961,38.836198],[-87.526695,38.838578],[-87.526718,38.841129],[-87.526682,38.842546],[-87.526524,38.842883],[-87.526106,38.843468],[-87.525904,38.844142],[-87.526049,38.844924],[-87.526168,38.845368],[-87.525996,38.846059],[-87.525908,38.847507],[-87.525893,38.848795],[-87.526729,38.850362],[-87.528194,38.851691],[-87.529186,38.852132],[-87.531145,38.852507],[-87.53452,38.853124],[-87.537248,38.853592],[-87.538845,38.854174],[-87.540309,38.854715],[-87.54169,38.855343],[-87.542608,38.855953],[-87.54483,38.856828],[-87.550515,38.85956],[-87.552028,38.860318],[-87.553106,38.861411],[-87.553394,38.86241],[-87.553384,38.863344],[-87.552871,38.864146],[-87.552066,38.864511],[-87.550985,38.864601],[-87.549469,38.864181],[-87.547904,38.863406],[-87.545719,38.86303],[-87.544235,38.863375],[-87.543188,38.864214],[-87.542642,38.865281],[-87.542606,38.866641],[-87.543271,38.867941],[-87.54433,38.868873],[-87.54587,38.869994],[-87.546957,38.871184],[-87.547611,38.872516],[-87.547739,38.874014],[-87.547548,38.875044],[-87.547511,38.875302],[-87.54737,38.875614],[-87.547064,38.875957],[-87.546655,38.876258],[-87.545937,38.876587],[-87.545203,38.87673],[-87.54373,38.876765],[-87.541815,38.876762],[-87.540412,38.876887],[-87.538438,38.877165],[-87.536816,38.877408],[-87.535943,38.877759],[-87.535472,38.878091],[-87.535144,38.878474],[-87.534919,38.878874],[-87.534834,38.879414],[-87.534992,38.880594],[-87.535536,38.881555],[-87.536125,38.88233],[-87.536521,38.882578],[-87.536741,38.882847],[-87.53722,38.883976],[-87.537552,38.884756],[-87.537746,38.88512],[-87.538031,38.885457],[-87.53828,38.885799],[-87.538736,38.886137],[-87.539855,38.886718],[-87.540612,38.886915],[-87.541542,38.887202],[-87.54256,38.887701],[-87.543383,38.888197],[-87.544292,38.888953],[-87.544854,38.890059],[-87.545052,38.890821],[-87.54513,38.891467],[-87.544919,38.89345],[-87.544641,38.894374],[-87.544089,38.895093],[-87.543229,38.89575],[-87.542437,38.896167],[-87.541628,38.896381],[-87.540804,38.896385],[-87.539869,38.896307],[-87.539122,38.896119],[-87.53859,38.89553],[-87.538495,38.895174],[-87.538576,38.893448],[-87.538411,38.892582],[-87.537916,38.891442],[-87.537718,38.890925],[-87.537652,38.890254],[-87.537596,38.889551],[-87.53738,38.889088],[-87.537191,38.88877],[-87.536879,38.888459],[-87.536521,38.887897],[-87.536264,38.887425],[-87.535955,38.886993],[-87.535703,38.887207],[-87.535172,38.887926],[-87.534789,38.888873],[-87.534363,38.890376],[-87.534342,38.891296],[-87.534472,38.892339],[-87.534641,38.892584],[-87.535033,38.893009],[-87.535464,38.893516],[-87.535827,38.893852],[-87.536398,38.894562],[-87.536603,38.895042],[-87.536591,38.895566],[-87.534046,38.900017],[-87.533858,38.900588],[-87.533695,38.900957],[-87.53293,38.901519],[-87.532101,38.901717],[-87.531337,38.901786],[-87.530608,38.901719],[-87.529004,38.901583],[-87.528261,38.901653],[-87.527329,38.90189],[-87.525292,38.902239],[-87.524465,38.902365],[-87.522939,38.90239],[-87.522737,38.902512],[-87.52212,38.902523],[-87.520515,38.902516],[-87.518896,38.902613],[-87.518008,38.902705],[-87.517425,38.902987],[-87.51712,38.903249],[-87.516831,38.903697],[-87.516728,38.904123],[-87.516811,38.904544],[-87.516976,38.904999],[-87.517235,38.905342],[-87.517732,38.905672],[-87.51848,38.905836],[-87.518953,38.905859],[-87.519604,38.905796],[-87.520234,38.905692],[-87.521798,38.905319],[-87.522731,38.905099],[-87.523431,38.905093],[-87.524314,38.905194],[-87.525265,38.905515],[-87.526068,38.905946],[-87.526625,38.906382],[-87.527295,38.907215],[-87.527645,38.907688],[-87.52791,38.908209],[-87.5279,38.908636],[-87.527887,38.909201],[-87.527628,38.909722],[-87.5272,38.910402],[-87.526046,38.913073],[-87.526033,38.913606],[-87.526087,38.914381],[-87.526307,38.915111],[-87.526652,38.915762],[-87.527053,38.916252],[-87.527481,38.917332],[-87.527702,38.918449],[-87.527704,38.918812],[-87.527715,38.919232],[-87.527462,38.919906],[-87.527184,38.920346],[-87.526771,38.920833],[-87.526058,38.921355],[-87.525477,38.921524],[-87.525188,38.921568],[-87.524837,38.921661],[-87.52417,38.921555],[-87.523525,38.921408],[-87.522475,38.921345],[-87.52168,38.921462],[-87.520634,38.921665],[-87.520217,38.921893],[-87.519119,38.922603],[-87.518826,38.923205],[-87.518603,38.923944],[-87.518469,38.924798],[-87.518619,38.92588],[-87.518728,38.926947],[-87.518789,38.927844],[-87.518696,38.928327],[-87.518431,38.929066],[-87.51801,38.929794],[-87.517046,38.931467],[-87.516767,38.932343],[-87.516628,38.932995],[-87.516658,38.93348],[-87.51675,38.933965],[-87.517355,38.934943],[-87.519922,38.937531],[-87.52124,38.93889],[-87.521608,38.93946],[-87.521851,38.940069],[-87.521871,38.940553],[-87.521765,38.941117],[-87.521284,38.941836],[-87.521,38.942107],[-87.519469,38.942981],[-87.519318,38.943067],[-87.519235,38.94313],[-87.518615,38.943606],[-87.517481,38.944493],[-87.516343,38.945558],[-87.51536,38.946609],[-87.514311,38.947837],[-87.513598,38.948795],[-87.512927,38.950133],[-87.512328,38.951941],[-87.512198,38.952649],[-87.51213,38.953811],[-87.512187,38.954417],[-87.512605,38.955085],[-87.513346,38.956],[-87.513783,38.956232],[-87.515121,38.956776],[-87.516365,38.957335],[-87.517539,38.957935],[-87.517893,38.958116],[-87.519173,38.95891],[-87.520614,38.959843],[-87.5218,38.960715],[-87.524335,38.962964],[-87.524964,38.963845],[-87.525486,38.964877],[-87.525967,38.966361],[-87.526489,38.967394],[-87.527002,38.96883],[-87.527597,38.969831],[-87.52871,38.971171],[-87.529496,38.971925],[-87.530853,38.972526],[-87.532449,38.973058],[-87.534519,38.97358],[-87.537806,38.974555],[-87.5408,38.97526],[-87.542437,38.975587],[-87.542493,38.975599],[-87.543563,38.976147],[-87.548034,38.978504],[-87.551274,38.9793],[-87.554415,38.979886],[-87.557985,38.980687],[-87.560279,38.981366],[-87.562564,38.982455],[-87.564366,38.983022],[-87.569264,38.984357],[-87.573466,38.985441],[-87.575605,38.986166],[-87.576531,38.986711],[-87.577586,38.987913],[-87.578319,38.988786],[-87.578493,38.989749],[-87.578297,38.990199],[-87.578019,38.990647],[-87.577547,38.990987],[-87.576984,38.99127],[-87.575804,38.991463],[-87.574535,38.991518],[-87.573402,38.991429],[-87.57254,38.991248],[-87.571774,38.99093],[-87.569781,38.990143],[-87.568371,38.989607],[-87.566794,38.989133],[-87.565193,38.988795],[-87.563966,38.988802],[-87.562981,38.989022],[-87.562043,38.989469],[-87.561269,38.990378],[-87.560742,38.991315],[-87.560574,38.991862],[-87.560427,38.992425],[-87.560654,38.992944],[-87.560991,38.993514],[-87.561405,38.993883],[-87.561976,38.994198],[-87.562888,38.994429],[-87.563351,38.994468],[-87.564023,38.994405],[-87.564676,38.994277],[-87.565153,38.994146],[-87.566096,38.993934],[-87.566495,38.993624],[-87.567085,38.993544],[-87.568205,38.993705],[-87.569465,38.99407],[-87.571305,38.994782],[-87.573113,38.995534],[-87.575422,38.996478],[-87.576565,38.997027],[-87.577001,38.997332],[-87.577627,38.997914],[-87.578258,38.998762],[-87.578654,38.999502],[-87.578806,39.000042],[-87.579117,39.001607],[-87.578889,39.002413],[-87.578569,39.00305],[-87.577764,39.0038],[-87.576836,39.004791],[-87.575649,39.006427],[-87.573761,39.008684],[-87.572976,39.010272],[-87.57187,39.012545],[-87.570317,39.017333],[-87.569696,39.019413],[-87.569627,39.020414],[-87.569626,39.020432],[-87.56959,39.02096],[-87.569579,39.021863],[-87.569875,39.023105],[-87.570686,39.024967],[-87.575027,39.034062],[-87.576087,39.035151],[-87.577629,39.036659],[-87.579512,39.038401],[-87.580252,39.039377],[-87.580373,39.040707],[-87.580207,39.04194],[-87.578824,39.043528],[-87.577472,39.044487],[-87.57642,39.045543],[-87.574728,39.046929],[-87.572983,39.049201],[-87.572555,39.050056],[-87.57229,39.050587],[-87.571926,39.052739],[-87.572138,39.055448],[-87.572588,39.057286],[-87.574328,39.058536],[-87.576984,39.060182],[-87.578702,39.061698],[-87.5801,39.063891],[-87.581859,39.065826],[-87.583546,39.067947],[-87.585687,39.069729],[-87.587726,39.071027],[-87.589854,39.072278],[-87.58995,39.072334],[-87.591515,39.073181],[-87.592442,39.074253],[-87.592822,39.075228],[-87.593398,39.076325],[-87.593954,39.077155],[-87.594592,39.077986],[-87.595559,39.078978],[-87.596373,39.079639],[-87.597475,39.080195],[-87.598556,39.080622],[-87.601101,39.081405],[-87.602905,39.081558],[-87.604122,39.081405],[-87.607121,39.081179],[-87.610696,39.081234],[-87.611863,39.081252],[-87.614171,39.081784],[-87.615964,39.082566],[-87.61859,39.084863],[-87.618733,39.08501],[-87.620258,39.086572],[-87.620978,39.088096],[-87.621142,39.088966],[-87.620729,39.090264],[-87.620387,39.091522],[-87.618994,39.093022],[-87.617611,39.094287],[-87.615465,39.095771],[-87.614309,39.097778],[-87.613946,39.099536],[-87.613996,39.100995],[-87.614881,39.102655],[-87.615684,39.103316],[-87.618385,39.104284],[-87.620766,39.104396],[-87.623509,39.104476],[-87.625024,39.104225],[-87.628686,39.10449],[-87.632655,39.104908],[-87.634721,39.105387],[-87.637117,39.10573],[-87.638585,39.105894],[-87.640312,39.105655],[-87.642352,39.10516],[-87.644609,39.104432],[-87.64707,39.104268],[-87.649166,39.104803],[-87.651198,39.105829],[-87.652796,39.106839],[-87.653618,39.107806],[-87.654636,39.109111],[-87.654864,39.110133],[-87.65491,39.110337],[-87.654936,39.110453],[-87.654951,39.110517],[-87.654957,39.110541],[-87.655042,39.110921],[-87.654859,39.112394],[-87.654182,39.113382],[-87.653278,39.114403],[-87.652083,39.115543],[-87.651377,39.116122],[-87.651022,39.116439],[-87.650434,39.116495],[-87.65019,39.116455],[-87.649916,39.11641],[-87.648818,39.116036],[-87.647644,39.115637],[-87.646165,39.115395],[-87.644317,39.115205],[-87.643941,39.115025],[-87.640761,39.114372],[-87.640899,39.115283],[-87.639471,39.115925],[-87.638491,39.116441],[-87.637494,39.116943],[-87.636514,39.117661],[-87.635903,39.118329],[-87.635296,39.119291],[-87.634971,39.120089],[-87.634931,39.121495],[-87.635019,39.122124],[-87.6351,39.122298],[-87.636927,39.123104],[-87.637987,39.123428],[-87.638187,39.123469],[-87.639326,39.123053],[-87.64089,39.122774],[-87.641376,39.122904],[-87.641654,39.123012],[-87.641934,39.123121],[-87.64217,39.123212],[-87.642199,39.123695],[-87.64207,39.124895],[-87.642055,39.12504],[-87.642194,39.126003],[-87.642335,39.126891],[-87.64272,39.128009],[-87.643145,39.128562],[-87.644066,39.129104],[-87.644804,39.129523],[-87.645524,39.129691],[-87.647067,39.130159],[-87.650037,39.130576],[-87.6515,39.130817],[-87.655239,39.132283],[-87.656016,39.132791],[-87.657045,39.133721],[-87.658111,39.134934],[-87.658745,39.135997],[-87.658707,39.136985],[-87.658694,39.137311],[-87.658201,39.138404],[-87.65408,39.142687],[-87.653201,39.143993],[-87.653052,39.144863],[-87.65334,39.145608],[-87.653334,39.146641],[-87.653311,39.148028],[-87.652782,39.149435],[-87.651719,39.150602],[-87.650049,39.151577],[-87.648205,39.15247],[-87.64638,39.153428],[-87.645938,39.153701],[-87.64497,39.154301],[-87.644216,39.154858],[-87.643793,39.155427],[-87.643462,39.156069],[-87.642948,39.156532],[-87.642561,39.156842],[-87.642175,39.157097],[-87.641581,39.157132],[-87.64153,39.157134],[-87.641129,39.157158],[-87.64055,39.157136],[-87.639712,39.157159],[-87.639019,39.157152],[-87.638545,39.157067],[-87.638122,39.156982],[-87.637443,39.156773],[-87.636874,39.156203],[-87.636336,39.15556],[-87.635758,39.15486],[-87.635331,39.15446],[-87.634773,39.153777],[-87.634379,39.153419],[-87.634295,39.15339],[-87.633348,39.153068],[-87.632398,39.152954],[-87.631571,39.152986],[-87.630835,39.153091],[-87.630223,39.153206],[-87.629713,39.153394],[-87.629243,39.15368],[-87.628743,39.153917],[-87.628325,39.154211],[-87.62804,39.154539],[-87.627713,39.154906],[-87.627509,39.15538],[-87.627742,39.15623],[-87.628186,39.15692],[-87.628798,39.157513],[-87.628949,39.157696],[-87.629106,39.157815],[-87.629377,39.158023],[-87.630375,39.15834],[-87.630626,39.158368],[-87.63117,39.15843],[-87.631449,39.158513],[-87.631756,39.158604],[-87.63321,39.158717],[-87.633894,39.158771],[-87.635702,39.158846],[-87.637426,39.159025],[-87.638324,39.159139],[-87.639371,39.159382],[-87.639849,39.159493],[-87.640856,39.159867],[-87.641237,39.160199],[-87.641412,39.160351],[-87.641549,39.160472],[-87.642063,39.161332],[-87.642065,39.162477],[-87.641806,39.16374],[-87.641285,39.16526],[-87.641007,39.165739],[-87.640434,39.166727],[-87.639526,39.167463],[-87.639501,39.167484],[-87.638501,39.168085],[-87.637934,39.168428],[-87.63649,39.168833],[-87.634792,39.168993],[-87.632911,39.168893],[-87.629623,39.168892],[-87.627832,39.168994],[-87.625024,39.169296],[-87.624165,39.169413],[-87.623607,39.16949],[-87.621812,39.170061],[-87.620521,39.17033],[-87.619618,39.170975],[-87.619404,39.172066],[-87.61941,39.172089],[-87.619436,39.172187],[-87.619517,39.172481],[-87.619544,39.17258],[-87.619774,39.173418],[-87.620796,39.17479],[-87.6208,39.174822],[-87.621397,39.178868],[-87.621436,39.181943],[-87.621335,39.182608],[-87.62114,39.183898],[-87.620492,39.185034],[-87.6204,39.185195],[-87.619603,39.186032],[-87.618551,39.186404],[-87.616307,39.185849],[-87.613064,39.18418],[-87.609976,39.184043],[-87.607879,39.184463],[-87.606293,39.18513],[-87.605173,39.185897],[-87.603714,39.189298],[-87.603045,39.191304],[-87.601631,39.192493],[-87.600099,39.193441],[-87.596969,39.194225],[-87.594151,39.194932],[-87.588614,39.197824],[-87.585725,39.200396],[-87.585918,39.202606],[-87.585736,39.203866],[-87.584977,39.205276],[-87.582881,39.206704],[-87.580332,39.20841],[-87.577029,39.211123],[-87.575601,39.213837],[-87.574558,39.218404],[-87.574615,39.223931],[-87.575373,39.228355],[-87.5758,39.230208],[-87.577609,39.239184],[-87.578246,39.240621],[-87.578808,39.241888],[-87.579152,39.242665],[-87.579319,39.243552],[-87.578992,39.244144],[-87.578224,39.244794],[-87.576471,39.245159],[-87.574352,39.245853],[-87.573074,39.246693],[-87.572088,39.247825],[-87.571467,39.249322],[-87.571321,39.25082],[-87.571586,39.252287],[-87.57238,39.253669],[-87.573439,39.254582],[-87.574791,39.255129],[-87.576836,39.255458],[-87.578662,39.255385],[-87.580652,39.255237],[-87.582387,39.254764],[-87.583601,39.254311],[-87.584177,39.254004],[-87.58518,39.253138],[-87.586854,39.250038],[-87.587158,39.249616],[-87.587507,39.249282],[-87.587949,39.24898],[-87.588339,39.248703],[-87.588679,39.248539],[-87.589153,39.248277],[-87.590315,39.247566],[-87.59111,39.247261],[-87.591803,39.247126],[-87.592394,39.247146],[-87.593008,39.247327],[-87.593486,39.247452],[-87.593991,39.248021],[-87.594684,39.248742],[-87.595496,39.250038],[-87.596047,39.251159],[-87.598135,39.254093],[-87.600536,39.256088],[-87.604141,39.259458],[-87.604947,39.260212],[-87.605543,39.261122],[-87.605574,39.262398],[-87.605262,39.263403],[-87.60215,39.270715],[-87.601501,39.272242],[-87.601271,39.273583],[-87.601393,39.27439],[-87.601948,39.275165],[-87.603068,39.275542],[-87.60527,39.275824],[-87.606394,39.275898],[-87.607342,39.276206],[-87.608543,39.277187],[-87.609438,39.278535],[-87.61005,39.282232],[-87.610008,39.282595],[-87.609767,39.284714],[-87.608753,39.286689],[-87.605484,39.289321],[-87.599907,39.293583],[-87.597545,39.296388],[-87.597337,39.29692],[-87.597323,39.296957],[-87.597527,39.298167],[-87.597946,39.299479],[-87.598416,39.300086],[-87.599835,39.300934],[-87.604055,39.302739],[-87.605348,39.303217],[-87.60677,39.303024],[-87.608419,39.302703],[-87.608444,39.302695],[-87.610245,39.302176],[-87.613102,39.301168],[-87.613312,39.301114],[-87.614015,39.300938],[-87.614997,39.300901],[-87.615813,39.30087],[-87.615841,39.300869],[-87.617786,39.301257],[-87.618197,39.301408],[-87.618964,39.301691],[-87.619759,39.302273],[-87.620526,39.302835],[-87.620939,39.303407],[-87.621176,39.304162],[-87.621163,39.304674],[-87.621147,39.305306],[-87.621059,39.30565],[-87.6209,39.306021],[-87.620736,39.306405],[-87.620589,39.307046],[-87.620485,39.307133],[-87.620178,39.307395],[-87.618538,39.307864],[-87.617587,39.308029],[-87.616675,39.308188],[-87.612606,39.308566],[-87.609737,39.309445],[-87.608528,39.309816],[-87.607262,39.310427],[-87.606437,39.310825],[-87.60592,39.311076],[-87.604599,39.312799],[-87.604043,39.313526],[-87.603986,39.313606],[-87.603817,39.313849],[-87.603763,39.313928],[-87.601226,39.317684],[-87.600656,39.318529],[-87.596729,39.322029],[-87.59299,39.328321],[-87.591801,39.330324],[-87.590451,39.332066],[-87.589951,39.332711],[-87.589084,39.333831],[-87.588289,39.334488],[-87.587661,39.335008],[-87.584852,39.337329],[-87.580181,39.339487],[-87.578331,39.340343],[-87.57577,39.341165],[-87.57408,39.341423],[-87.572132,39.341444],[-87.570705,39.341267],[-87.566134,39.339726],[-87.562465,39.33893],[-87.560692,39.338851],[-87.557744,39.339335],[-87.554716,39.340378],[-87.5544,39.340488],[-87.55214,39.34148],[-87.550832,39.342378],[-87.55026,39.343348],[-87.549938,39.345158],[-87.549686,39.34657],[-87.549478,39.34774],[-87.548157,39.34988],[-87.547522,39.350512],[-87.545882,39.352147],[-87.544013,39.352907],[-87.542237,39.353096],[-87.540378,39.352949],[-87.538693,39.352636],[-87.537271,39.352089],[-87.536198,39.351243],[-87.53531,39.350422],[-87.533455,39.348706],[-87.532424,39.347927],[-87.531646,39.347888],[-87.531646,39.348062],[-87.531646,39.348585],[-87.531647,39.34876],[-87.53165,39.350384],[-87.531659,39.355255],[-87.531663,39.35688],[-87.531668,39.359712],[-87.531685,39.368209],[-87.531691,39.371042],[-87.531622,39.37207],[-87.531423,39.375037],[-87.531422,39.375154],[-87.531421,39.376185],[-87.531418,39.378031],[-87.531409,39.383569],[-87.531406,39.385415],[-87.531404,39.386223],[-87.531401,39.38865],[-87.5314,39.38946],[-87.5314,39.389591],[-87.531394,39.392566],[-87.53138,39.401887],[-87.531376,39.404994],[-87.531375,39.405175],[-87.531375,39.405719],[-87.531375,39.405901],[-87.531373,39.407071],[-87.531368,39.410584],[-87.531367,39.411755],[-87.531367,39.411783],[-87.531366,39.41215],[-87.531364,39.413337],[-87.531364,39.413733],[-87.531362,39.414787],[-87.531357,39.417951],[-87.531356,39.419006],[-87.531356,39.421835],[-87.531356,39.430324],[-87.531356,39.433154],[-87.531356,39.433449],[-87.531356,39.433622],[-87.531356,39.435026],[-87.531356,39.435483],[-87.531356,39.435494],[-87.531355,39.435709],[-87.531357,39.436357],[-87.531357,39.436573],[-87.531357,39.436661],[-87.531356,39.4367],[-87.531356,39.437084],[-87.531355,39.437212],[-87.531355,39.437511],[-87.531355,39.437732],[-87.531413,39.438442],[-87.531415,39.438558],[-87.531453,39.444734],[-87.531456,39.445237],[-87.531465,39.446748],[-87.531469,39.447252],[-87.531468,39.447695],[-87.531469,39.449028],[-87.531471,39.449474],[-87.531473,39.44954],[-87.531486,39.449744],[-87.531492,39.449813],[-87.531495,39.450165],[-87.531608,39.466223],[-87.531618,39.468325],[-87.531618,39.468535],[-87.531619,39.469167],[-87.531621,39.469378],[-87.531621,39.469427],[-87.531623,39.469866],[-87.531632,39.471331],[-87.531636,39.47182],[-87.531638,39.472359],[-87.531646,39.473977],[-87.531649,39.474517],[-87.531651,39.474908],[-87.531657,39.476082],[-87.53166,39.476474],[-87.53164,39.477105],[-87.531646,39.477279],[-87.531668,39.477968],[-87.531668,39.478129],[-87.531668,39.478625],[-87.531677,39.480144],[-87.531675,39.480815],[-87.531705,39.482944],[-87.531709,39.483922],[-87.531719,39.484406],[-87.531751,39.486444],[-87.531751,39.48652],[-87.531724,39.486596],[-87.531753,39.487662],[-87.531745,39.487884],[-87.531738,39.488059],[-87.531736,39.488103],[-87.531759,39.490181],[-87.531754,39.4914],[-87.53177,39.491669],[-87.531761,39.491715],[-87.53171,39.49197],[-87.531691,39.492152],[-87.531715,39.492571],[-87.531734,39.493324],[-87.531744,39.493439],[-87.531765,39.493678],[-87.531766,39.493823],[-87.531732,39.49392],[-87.531684,39.494006],[-87.531666,39.494025],[-87.531732,39.4986],[-87.531814,39.500034],[-87.531831,39.503221],[-87.531858,39.50811],[-87.531861,39.508585],[-87.531862,39.50881],[-87.531863,39.508968],[-87.531863,39.509045],[-87.531927,39.52036],[-87.531944,39.523346],[-87.531945,39.523483],[-87.531945,39.523543],[-87.531946,39.523678],[-87.531947,39.523883],[-87.531948,39.524003],[-87.531954,39.52454],[-87.531834,39.533134],[-87.53183,39.533702],[-87.531811,39.534969],[-87.531817,39.53506],[-87.531825,39.535161],[-87.531834,39.53765],[-87.531819,39.538041],[-87.531827,39.538567],[-87.531829,39.538915],[-87.531831,39.539479],[-87.531831,39.539999],[-87.531815,39.542522],[-87.531783,39.542554],[-87.531823,39.544116],[-87.531825,39.544158],[-87.531847,39.545188],[-87.531819,39.54529],[-87.531819,39.545311],[-87.531827,39.545708],[-87.531828,39.54579],[-87.531836,39.546478],[-87.531838,39.546586],[-87.531845,39.547495],[-87.531844,39.547524],[-87.531844,39.547545],[-87.531842,39.548713],[-87.531836,39.54874],[-87.531836,39.548865],[-87.531836,39.551455],[-87.53184,39.554828],[-87.531856,39.558542],[-87.531871,39.559765],[-87.531874,39.562057],[-87.531851,39.5637],[-87.531874,39.563972],[-87.531874,39.563984],[-87.532025,39.568354],[-87.532038,39.571224],[-87.532065,39.577579],[-87.532069,39.57843],[-87.532069,39.578446],[-87.532083,39.581614],[-87.532091,39.58341],[-87.532108,39.58755],[-87.532131,39.592979],[-87.532194,39.607306],[-87.532194,39.607317],[-87.532241,39.61792],[-87.532258,39.621794],[-87.532216,39.625044],[-87.532275,39.632674],[-87.532301,39.636105],[-87.532351,39.642427],[-87.532357,39.643229],[-87.532359,39.643429],[-87.53236,39.643552],[-87.532375,39.645432],[-87.532414,39.646111],[-87.532417,39.646397],[-87.532436,39.648213],[-87.532416,39.650592],[-87.532469,39.654009],[-87.532476,39.654447],[-87.532485,39.655537],[-87.532493,39.65654],[-87.532486,39.658734],[-87.532488,39.660981],[-87.53254,39.662199],[-87.532545,39.662315],[-87.532566,39.663068],[-87.532568,39.664378],[-87.532586,39.664669],[-87.532669,39.664911],[-87.532675,39.665121],[-87.532707,39.666203],[-87.532736,39.673944],[-87.532738,39.674527],[-87.532775,39.684704],[-87.532781,39.686236],[-87.532783,39.686753],[-87.532793,39.689477],[-87.532808,39.69375],[-87.532809,39.694465],[-87.532816,39.698994],[-87.532816,39.699071],[-87.53282,39.701492],[-87.532821,39.701677],[-87.532837,39.706477],[-87.532844,39.708821],[-87.532859,39.712771],[-87.532861,39.713432],[-87.532919,39.730763],[-87.532928,39.733311],[-87.532969,39.745302],[-87.532956,39.750036],[-87.532989,39.759846],[-87.533015,39.767133],[-87.53304,39.774285],[-87.533148,39.780663],[-87.533149,39.780697],[-87.533166,39.781729],[-87.533178,39.782445],[-87.53318,39.784322],[-87.533192,39.785886],[-87.53318,39.787522],[-87.533187,39.789273],[-87.533182,39.791044],[-87.53317,39.792584],[-87.533166,39.793062],[-87.533203,39.796256],[-87.533056,39.803619],[-87.533055,39.803812],[-87.533105,39.803823],[-87.533212,39.80389],[-87.533238,39.80402],[-87.533228,39.806703],[-87.533231,39.808725],[-87.533209,39.810709],[-87.533217,39.810979],[-87.53314,39.812541],[-87.533131,39.823331],[-87.53313,39.825194],[-87.533125,39.832597],[-87.533178,39.85338],[-87.533188,39.857429],[-87.533242,39.859605],[-87.533241,39.859736],[-87.533254,39.860413],[-87.533266,39.860848],[-87.53327,39.861021],[-87.533229,39.861584],[-87.533228,39.861602],[-87.533243,39.868899],[-87.533256,39.871982],[-87.533269,39.875036],[-87.533228,39.883],[-87.533221,39.884159],[-87.533203,39.887637],[-87.533197,39.888797],[-87.533185,39.889928],[-87.533151,39.893322],[-87.53314,39.894454],[-87.533133,39.895394],[-87.533116,39.898215],[-87.53311,39.899156],[-87.533109,39.899234],[-87.533101,39.900325],[-87.533079,39.903833],[-87.533072,39.905003],[-87.533061,39.906073],[-87.53303,39.909286],[-87.53302,39.910357],[-87.533014,39.910897],[-87.533,39.912519],[-87.532995,39.91306],[-87.532991,39.913355],[-87.532983,39.914241],[-87.532981,39.914537],[-87.532975,39.915268],[-87.532959,39.917463],[-87.532955,39.918114],[-87.532954,39.918195],[-87.532949,39.91888],[-87.532946,39.919424],[-87.532911,39.920937],[-87.532896,39.921623],[-87.532893,39.921658],[-87.532891,39.921718],[-87.532893,39.921768],[-87.532897,39.921805],[-87.532898,39.922025],[-87.5329,39.922193],[-87.532891,39.922688],[-87.532887,39.922909],[-87.532885,39.923104],[-87.53288,39.923692],[-87.532879,39.923888],[-87.532878,39.924052],[-87.532877,39.924084],[-87.532873,39.924672],[-87.532872,39.924869],[-87.532874,39.924889],[-87.532876,39.924934],[-87.532878,39.924951],[-87.532884,39.925031],[-87.532867,39.926035],[-87.532815,39.929289],[-87.532802,39.930159],[-87.532801,39.930238],[-87.532799,39.930374],[-87.5328,39.93051],[-87.532798,39.930641],[-87.532788,39.931706],[-87.532752,39.935703],[-87.532741,39.937036],[-87.532742,39.939029],[-87.532745,39.945007],[-87.532747,39.94663],[-87.532747,39.947001],[-87.532748,39.947354],[-87.532751,39.948415],[-87.532752,39.948769],[-87.532756,39.953444],[-87.532758,39.95613],[-87.532758,39.956532],[-87.53276,39.957741],[-87.532761,39.958144],[-87.532763,39.960379],[-87.53277,39.967085],[-87.532773,39.969321],[-87.532773,39.969553],[-87.532773,39.969569],[-87.532698,39.970245],[-87.532673,39.970476],[-87.532658,39.970552],[-87.532614,39.970783],[-87.5326,39.97086],[-87.532604,39.970936],[-87.532615,39.971164],[-87.53262,39.97124],[-87.53263,39.9714],[-87.532615,39.971936],[-87.53261,39.97214],[-87.53261,39.97259],[-87.53259,39.97288],[-87.53258,39.97366],[-87.53258,39.974027],[-87.53258,39.97413],[-87.53259,39.97434],[-87.53259,39.97454],[-87.532614,39.974723],[-87.532621,39.974784],[-87.532645,39.974967],[-87.532653,39.975028],[-87.532635,39.975558],[-87.532585,39.977149],[-87.532569,39.97768],[-87.532553,39.977788],[-87.53255,39.97781],[-87.53253,39.97803],[-87.532515,39.978117],[-87.5325,39.97821],[-87.5325,39.978226],[-87.5325,39.978244],[-87.532502,39.978298],[-87.532503,39.978317],[-87.53251,39.97857],[-87.532508,39.978713],[-87.5325,39.97932],[-87.532482,39.979903],[-87.53247,39.9803],[-87.532461,39.980747],[-87.53246,39.9808],[-87.53246,39.9817],[-87.532464,39.982091],[-87.53247,39.98254],[-87.53247,39.98273],[-87.53247,39.98316],[-87.532465,39.9833],[-87.53246,39.98349],[-87.53246,39.98354],[-87.53246,39.983689],[-87.53246,39.98374],[-87.53246,39.984201],[-87.53246,39.98456],[-87.53245,39.98512],[-87.532445,39.985585],[-87.532442,39.986047],[-87.532441,39.986103],[-87.53244,39.986273],[-87.53244,39.98633],[-87.532437,39.986528],[-87.532431,39.987121],[-87.53243,39.98732],[-87.53242,39.98757],[-87.532411,39.988086],[-87.53241,39.98818],[-87.53241,39.98897],[-87.53239,39.98999],[-87.532385,39.990388],[-87.53238,39.99096],[-87.532373,39.991155],[-87.53237,39.99123],[-87.53237,39.99142],[-87.53236,39.99161],[-87.532359,39.991643],[-87.532333,39.99311],[-87.53233,39.99332],[-87.53233,39.9936],[-87.53232,39.99398],[-87.532316,39.994379],[-87.532292,39.996719],[-87.532285,39.9975],[-87.53228,39.99802],[-87.53225,39.99971],[-87.53223,39.99997],[-87.532288,39.999984],[-87.532324,40.010928],[-87.532325,40.011613],[-87.532308,40.011607],[-87.532308,40.011651],[-87.532308,40.011782],[-87.532308,40.011827],[-87.532308,40.011872],[-87.532308,40.012007],[-87.532308,40.012052],[-87.532308,40.012103],[-87.532321,40.01257],[-87.532368,40.014127],[-87.532384,40.014646],[-87.532399,40.01517],[-87.532388,40.017623],[-87.53235,40.026557],[-87.532338,40.029536],[-87.532322,40.032737],[-87.532276,40.042343],[-87.532262,40.045545],[-87.532243,40.048196],[-87.532188,40.05615],[-87.532171,40.058802],[-87.532168,40.059573],[-87.532164,40.060322],[-87.532145,40.064882],[-87.53214,40.066403],[-87.532136,40.066975],[-87.532116,40.06936],[-87.532048,40.077577],[-87.532042,40.078234],[-87.532018,40.081192],[-87.532009,40.082298],[-87.532005,40.082726],[-87.531967,40.08733],[-87.531955,40.088865],[-87.531943,40.090298],[-87.531907,40.094596],[-87.531896,40.09603],[-87.531883,40.097502],[-87.531846,40.101919],[-87.531835,40.103392],[-87.531819,40.104508],[-87.531784,40.10705],[-87.531772,40.107856],[-87.531759,40.108804],[-87.531758,40.108973],[-87.531746,40.110702],[-87.53171,40.115892],[-87.531699,40.117554],[-87.531699,40.117623],[-87.531698,40.117662],[-87.531696,40.11778],[-87.531696,40.11782],[-87.531696,40.117868],[-87.531697,40.118012],[-87.531698,40.11806],[-87.531685,40.12104],[-87.53166,40.127429],[-87.531623,40.12998],[-87.53158,40.13296],[-87.531577,40.133021],[-87.53157,40.1332],[-87.531569,40.133269],[-87.53156,40.13384],[-87.53156,40.134305],[-87.53156,40.1355],[-87.53154,40.13711],[-87.53154,40.137416],[-87.53154,40.138454],[-87.53154,40.138511],[-87.53154,40.138682],[-87.53154,40.13874],[-87.531538,40.139547],[-87.531532,40.141968],[-87.53153,40.142775],[-87.531716,40.143993],[-87.531759,40.144273],[-87.531459,40.147988],[-87.531449,40.148127],[-87.531449,40.14814],[-87.531444,40.14833],[-87.531432,40.148833],[-87.531418,40.149583],[-87.531369,40.152437],[-87.531351,40.153903],[-87.531349,40.154129],[-87.531321,40.155343],[-87.531325,40.155419],[-87.531314,40.156699],[-87.531306,40.157751],[-87.531281,40.15879],[-87.531254,40.16077],[-87.531244,40.161541],[-87.531233,40.162127],[-87.531203,40.163697],[-87.53117,40.165503],[-87.531145,40.16707],[-87.531144,40.167192],[-87.531143,40.167285],[-87.531134,40.168408],[-87.531124,40.169987],[-87.531133,40.17003],[-87.531112,40.171421],[-87.531048,40.17575],[-87.531018,40.177193],[-87.531015,40.177292],[-87.530973,40.180118],[-87.530855,40.188312],[-87.530844,40.189016],[-87.530825,40.190356],[-87.530807,40.191125],[-87.530791,40.19183],[-87.530791,40.192254],[-87.530791,40.193532],[-87.530791,40.193958],[-87.530794,40.194212],[-87.530804,40.194976],[-87.530808,40.195231],[-87.530824,40.195459],[-87.530841,40.195695],[-87.530855,40.196143],[-87.530851,40.196376],[-87.530852,40.196553],[-87.530854,40.196762],[-87.530856,40.196893],[-87.530858,40.196994],[-87.530855,40.197086],[-87.530851,40.197264],[-87.53085,40.197314],[-87.530846,40.197467],[-87.530846,40.197518],[-87.530843,40.197666],[-87.530834,40.198113],[-87.530832,40.198262],[-87.530814,40.198492],[-87.530809,40.198557],[-87.530748,40.199181],[-87.530743,40.199238],[-87.530729,40.199412],[-87.530699,40.19977],[-87.530698,40.200659],[-87.530697,40.200825],[-87.530696,40.20116],[-87.530678,40.202335],[-87.530647,40.204119],[-87.530624,40.205067],[-87.530591,40.206481],[-87.530575,40.20814],[-87.530558,40.210027],[-87.530557,40.21168],[-87.530537,40.213118],[-87.530532,40.213544],[-87.530521,40.214778],[-87.530502,40.215679],[-87.530498,40.215876],[-87.530445,40.219174],[-87.530445,40.21923],[-87.530429,40.219659],[-87.530438,40.220273],[-87.53044,40.220383],[-87.530438,40.220436],[-87.530423,40.220925],[-87.530417,40.22109],[-87.530417,40.222482],[-87.530417,40.223605],[-87.530421,40.225158],[-87.530411,40.226661],[-87.530396,40.22806],[-87.530396,40.228938],[-87.53039,40.22964],[-87.530372,40.231835],[-87.530325,40.233251],[-87.530298,40.234398],[-87.530262,40.235984],[-87.530211,40.238797],[-87.530204,40.239209],[-87.530171,40.241783],[-87.53011,40.24389],[-87.530048,40.247237],[-87.530005,40.249576],[-87.52999,40.250051],[-87.529986,40.250158],[-87.529981,40.250346],[-87.529976,40.250481],[-87.529973,40.25057],[-87.529973,40.250589],[-87.529975,40.250813],[-87.529981,40.251487],[-87.529983,40.251712],[-87.529981,40.251784],[-87.52998,40.251853],[-87.529978,40.252001],[-87.529978,40.252074],[-87.529937,40.254998],[-87.529918,40.256355],[-87.529873,40.25892],[-87.529869,40.260249],[-87.529856,40.261045],[-87.529842,40.26147],[-87.52983,40.261836],[-87.529809,40.263773],[-87.529807,40.264005],[-87.529761,40.265559],[-87.529754,40.266698],[-87.52974,40.267819],[-87.529738,40.268008],[-87.529706,40.269719],[-87.529693,40.271185],[-87.529692,40.271387],[-87.529692,40.27229],[-87.529692,40.272307],[-87.529688,40.272583],[-87.529678,40.273413],[-87.529676,40.273658],[-87.529676,40.27369],[-87.529668,40.274433],[-87.529668,40.274475],[-87.529678,40.274967],[-87.529645,40.276577],[-87.529646,40.276833],[-87.529652,40.277619],[-87.529653,40.277764],[-87.529644,40.278495],[-87.529641,40.278793],[-87.529636,40.279937],[-87.529643,40.281043],[-87.529641,40.281124],[-87.529634,40.281486],[-87.529623,40.281696],[-87.529631,40.282001],[-87.529614,40.282919],[-87.529606,40.283358],[-87.529582,40.284209],[-87.529564,40.285673],[-87.529541,40.2866],[-87.529533,40.287609],[-87.529532,40.287662],[-87.529518,40.288886],[-87.529494,40.290255],[-87.529486,40.290875],[-87.529482,40.291213],[-87.529462,40.291803],[-87.529461,40.291946],[-87.52946,40.292008],[-87.529451,40.293025],[-87.529453,40.293229],[-87.529432,40.293601],[-87.529433,40.293765],[-87.529426,40.293931],[-87.529409,40.294387],[-87.529392,40.295309],[-87.529368,40.295967],[-87.529358,40.296611],[-87.529336,40.297476],[-87.529332,40.298226],[-87.529314,40.299048],[-87.529301,40.299888],[-87.529275,40.30166],[-87.529271,40.301811],[-87.529271,40.301875],[-87.529272,40.302219],[-87.529275,40.303102],[-87.529269,40.303251],[-87.529258,40.303595],[-87.529254,40.304217],[-87.529215,40.306018],[-87.52919,40.307177],[-87.52918,40.307817],[-87.529161,40.308471],[-87.52912,40.310726],[-87.529099,40.311098],[-87.5291,40.311352],[-87.529086,40.311963],[-87.529072,40.313287],[-87.529066,40.313961],[-87.529032,40.315557],[-87.52905,40.315696],[-87.529052,40.31571],[-87.529048,40.315847],[-87.529035,40.316258],[-87.529032,40.316396],[-87.529017,40.31795],[-87.528992,40.318893],[-87.528987,40.31923],[-87.528932,40.322963],[-87.528926,40.323921],[-87.52891,40.324322],[-87.528919,40.324846],[-87.528883,40.325995],[-87.528854,40.327734],[-87.528826,40.329518],[-87.52882,40.33057],[-87.528821,40.330775],[-87.528803,40.331823],[-87.528788,40.332252],[-87.528768,40.33345],[-87.528768,40.33351],[-87.528733,40.334471],[-87.5287,40.335962],[-87.528688,40.336924],[-87.528666,40.337771],[-87.528649,40.338811],[-87.528619,40.339998],[-87.528607,40.340991],[-87.528586,40.342006],[-87.528584,40.342092],[-87.528568,40.343508],[-87.528553,40.344165],[-87.528548,40.34478],[-87.528558,40.344968],[-87.528556,40.345015],[-87.528547,40.345141],[-87.528545,40.345184],[-87.528546,40.345343],[-87.528548,40.34552],[-87.528539,40.34582],[-87.528538,40.345839],[-87.528535,40.34598],[-87.528512,40.346783],[-87.528503,40.347104],[-87.528468,40.349194],[-87.528466,40.349348],[-87.528463,40.349658],[-87.52846,40.349998],[-87.528458,40.35026],[-87.528453,40.350517],[-87.528445,40.351057],[-87.528442,40.352077],[-87.528442,40.352108],[-87.528431,40.352597],[-87.528425,40.353267],[-87.528411,40.355132],[-87.528405,40.355278],[-87.528383,40.355907],[-87.528383,40.355926],[-87.528383,40.355948],[-87.528379,40.356702],[-87.528379,40.356729],[-87.528352,40.35763],[-87.528321,40.358966],[-87.528309,40.359546],[-87.528277,40.359625],[-87.528207,40.359682],[-87.528245,40.359714],[-87.528263,40.359729],[-87.528311,40.359818],[-87.528315,40.359833],[-87.528347,40.359887],[-87.528367,40.35996],[-87.528367,40.359976],[-87.528382,40.36024],[-87.528386,40.360328],[-87.528331,40.362411],[-87.528162,40.368662],[-87.528108,40.370747],[-87.528107,40.370789],[-87.528119,40.371604],[-87.528158,40.374178],[-87.528172,40.375036],[-87.528164,40.375597],[-87.528144,40.377283],[-87.528138,40.377845],[-87.528112,40.379977],[-87.528035,40.386375],[-87.52801,40.388508],[-87.528008,40.388598],[-87.528005,40.388868],[-87.528004,40.388959],[-87.527986,40.390379],[-87.527936,40.39464],[-87.52792,40.396061],[-87.527845,40.398611],[-87.527622,40.406261],[-87.527549,40.408812],[-87.52755,40.408948],[-87.527554,40.409225],[-87.527555,40.409292],[-87.527532,40.410017],[-87.527512,40.410464],[-87.527495,40.410878],[-87.52753,40.410998],[-87.52751,40.412256],[-87.527508,40.412428],[-87.527495,40.413971],[-87.527467,40.416408],[-87.527455,40.417498],[-87.527451,40.417787],[-87.527451,40.417801],[-87.527451,40.417887],[-87.527448,40.418175],[-87.527448,40.418271],[-87.527445,40.418539],[-87.527437,40.419346],[-87.527437,40.41944],[-87.527436,40.419611],[-87.527434,40.419974],[-87.52743,40.420804],[-87.527426,40.421048],[-87.527421,40.421407],[-87.527408,40.422223],[-87.527403,40.422567],[-87.527399,40.424253],[-87.527394,40.424675],[-87.527388,40.425197],[-87.527386,40.425492],[-87.527375,40.426564],[-87.527368,40.426973],[-87.527353,40.427923],[-87.52732,40.431211],[-87.527319,40.431419],[-87.527313,40.4327],[-87.527308,40.432902],[-87.527295,40.433332],[-87.527248,40.434529],[-87.527247,40.435041],[-87.527247,40.435584],[-87.527209,40.436924],[-87.527207,40.43774],[-87.527192,40.439122],[-87.527172,40.439653],[-87.527171,40.440546],[-87.527153,40.441464],[-87.527147,40.441779],[-87.527149,40.443209],[-87.527141,40.443605],[-87.527138,40.443834],[-87.527118,40.444357],[-87.527114,40.444491],[-87.527068,40.446616],[-87.527052,40.44737],[-87.527036,40.447811],[-87.527025,40.448112],[-87.527031,40.448252],[-87.527016,40.44882],[-87.527011,40.449138],[-87.527007,40.449416],[-87.527005,40.449581],[-87.527003,40.449689],[-87.52698,40.450418],[-87.526942,40.452054],[-87.526933,40.452491],[-87.526933,40.453227],[-87.526922,40.453728],[-87.526912,40.454184],[-87.526904,40.454564],[-87.526909,40.454632],[-87.526862,40.457676],[-87.526838,40.459478],[-87.526831,40.460101],[-87.526787,40.461717],[-87.526788,40.461857],[-87.52678,40.461952],[-87.526758,40.462278],[-87.526761,40.462774],[-87.526752,40.463706],[-87.526732,40.465976],[-87.526727,40.467153],[-87.526714,40.467997],[-87.526707,40.468972],[-87.526702,40.469875],[-87.526688,40.470728],[-87.526672,40.471678],[-87.526666,40.472105],[-87.526616,40.474528],[-87.526597,40.475478],[-87.526612,40.475641],[-87.52661,40.475758],[-87.526602,40.476198],[-87.526599,40.476601],[-87.526598,40.476814],[-87.526589,40.476876],[-87.526582,40.478069],[-87.526555,40.479004],[-87.526548,40.479403],[-87.526538,40.479984],[-87.526527,40.481046],[-87.526453,40.48548],[-87.526452,40.485865],[-87.526439,40.486605],[-87.526435,40.486984],[-87.526417,40.489111],[-87.526414,40.48923],[-87.52641,40.489512],[-87.526403,40.489857],[-87.526398,40.490182],[-87.526369,40.490857],[-87.526368,40.490891],[-87.526366,40.491237],[-87.526361,40.491435],[-87.526349,40.492032],[-87.526346,40.492231],[-87.526343,40.492747],[-87.52633,40.493358],[-87.526322,40.493992],[-87.526307,40.495343],[-87.526293,40.497272],[-87.526284,40.497741],[-87.526273,40.499237],[-87.526272,40.499277],[-87.52626,40.499916],[-87.526253,40.500598],[-87.526241,40.501039],[-87.526231,40.501401],[-87.52622,40.501983],[-87.526218,40.502123],[-87.5262,40.5039],[-87.526184,40.504816],[-87.526168,40.505761],[-87.526177,40.506628],[-87.526179,40.507355],[-87.52619,40.508201],[-87.526196,40.508658],[-87.526227,40.510707],[-87.52624,40.51221],[-87.526287,40.515225],[-87.526307,40.51613],[-87.52631,40.516371],[-87.526313,40.516544],[-87.526323,40.51735],[-87.526331,40.517943],[-87.526333,40.518647],[-87.526367,40.520248],[-87.526367,40.520268],[-87.526368,40.520362],[-87.526369,40.520391],[-87.526371,40.520526],[-87.526373,40.520637],[-87.52637,40.520934],[-87.52637,40.521071],[-87.526375,40.521461],[-87.526362,40.522099],[-87.52636,40.522835],[-87.52635,40.523904],[-87.526342,40.524972],[-87.526323,40.526158],[-87.526321,40.527258],[-87.52628,40.531729],[-87.526286,40.532406],[-87.526299,40.533777],[-87.526303,40.534873],[-87.526321,40.53524],[-87.526321,40.535311],[-87.526324,40.535524],[-87.526326,40.535595],[-87.526331,40.537766],[-87.526334,40.538698],[-87.526346,40.540401],[-87.526328,40.542173],[-87.526338,40.542775],[-87.52633,40.543395],[-87.526327,40.544282],[-87.526322,40.545872],[-87.526324,40.546454],[-87.526325,40.54675],[-87.52632,40.547057],[-87.526317,40.547255],[-87.526317,40.547764],[-87.526309,40.548421],[-87.526309,40.548869],[-87.52631,40.549473],[-87.526313,40.549604],[-87.526318,40.549795],[-87.526314,40.55],[-87.526312,40.550132],[-87.52631,40.550589],[-87.52631,40.550811],[-87.526311,40.551818],[-87.526309,40.55196],[-87.526305,40.552418],[-87.526304,40.552534],[-87.526311,40.554],[-87.526308,40.554478],[-87.526309,40.554779],[-87.526313,40.555232],[-87.526297,40.557396],[-87.526298,40.558007],[-87.526288,40.559582],[-87.526291,40.56008],[-87.526284,40.561862],[-87.52628,40.563275],[-87.526238,40.564223],[-87.526254,40.56475],[-87.526254,40.564832],[-87.526255,40.566659],[-87.526256,40.567269],[-87.526256,40.567381],[-87.526275,40.569463],[-87.526277,40.569617],[-87.526276,40.57088],[-87.526261,40.5721],[-87.526242,40.573298],[-87.526216,40.576047],[-87.526199,40.577986],[-87.526203,40.578242],[-87.526203,40.578347],[-87.526205,40.578662],[-87.526206,40.578767],[-87.526206,40.579104],[-87.526188,40.580025],[-87.52618,40.580867],[-87.526169,40.582119],[-87.526164,40.583597],[-87.526151,40.585198],[-87.526145,40.586957],[-87.526146,40.587169],[-87.526149,40.587566],[-87.526144,40.589007],[-87.526141,40.58927],[-87.526134,40.589989],[-87.526133,40.590148],[-87.526121,40.592149],[-87.526119,40.592512],[-87.526122,40.592869],[-87.526121,40.592973],[-87.52612,40.593096],[-87.526123,40.593285],[-87.526125,40.59339],[-87.526125,40.593897],[-87.526111,40.594891],[-87.526112,40.59561],[-87.526092,40.598284],[-87.526089,40.600307],[-87.52608,40.600564],[-87.526089,40.600954],[-87.526079,40.601239],[-87.526081,40.601597],[-87.526069,40.60227],[-87.52603,40.604491],[-87.526025,40.604802],[-87.526022,40.605078],[-87.526015,40.605975],[-87.526017,40.606273],[-87.526004,40.60684],[-87.526003,40.606903],[-87.526007,40.607428],[-87.526006,40.607524],[-87.526004,40.607811],[-87.526004,40.607908],[-87.526017,40.607998],[-87.526024,40.608252],[-87.526024,40.608316],[-87.526029,40.609543],[-87.526031,40.609953],[-87.526033,40.610538],[-87.526029,40.611654],[-87.526046,40.614228],[-87.526054,40.616369],[-87.526051,40.61676],[-87.526048,40.617333],[-87.526052,40.61784],[-87.526067,40.618415],[-87.526068,40.618462],[-87.52607,40.618566],[-87.526076,40.618881],[-87.526077,40.618902],[-87.526101,40.618983],[-87.526066,40.61916],[-87.526064,40.619371],[-87.526061,40.620083],[-87.52607,40.620527],[-87.526069,40.620548],[-87.526057,40.620941],[-87.526055,40.620998],[-87.526046,40.621058],[-87.526026,40.621197],[-87.525966,40.621401],[-87.525933,40.621514],[-87.526017,40.621618],[-87.526032,40.621692],[-87.526091,40.621976],[-87.52611,40.622098],[-87.526116,40.622313],[-87.526117,40.622329],[-87.526112,40.622523],[-87.526103,40.623142],[-87.526088,40.624189],[-87.526086,40.625001],[-87.526086,40.625621],[-87.526086,40.625652],[-87.526091,40.626426],[-87.526089,40.627798],[-87.526088,40.628719],[-87.526097,40.631014],[-87.526118,40.633268],[-87.526122,40.634332],[-87.526128,40.635622],[-87.526125,40.63608],[-87.526134,40.63651],[-87.526133,40.636618],[-87.526132,40.636942],[-87.526132,40.637051],[-87.526144,40.638898],[-87.526147,40.639185],[-87.526169,40.64094],[-87.52618,40.643434],[-87.526188,40.643864],[-87.526199,40.645586],[-87.526208,40.646838],[-87.526206,40.647422],[-87.526211,40.647721],[-87.526213,40.648132],[-87.526222,40.649366],[-87.526225,40.649778],[-87.526225,40.649864],[-87.526226,40.650126],[-87.526227,40.650213],[-87.526234,40.651212],[-87.526241,40.651424],[-87.526242,40.652357],[-87.526235,40.65303],[-87.526228,40.653851],[-87.526227,40.654666],[-87.526224,40.655055],[-87.526236,40.656069],[-87.526233,40.657337],[-87.526239,40.658183],[-87.526224,40.66051],[-87.52621,40.661483],[-87.526208,40.661624],[-87.526209,40.661868],[-87.526208,40.66353],[-87.526213,40.664159],[-87.526203,40.664301],[-87.526193,40.665437],[-87.526198,40.666012],[-87.526213,40.66761],[-87.526224,40.669267],[-87.526242,40.671146],[-87.526244,40.671313],[-87.52624,40.672549],[-87.526235,40.67273],[-87.526248,40.672857],[-87.526244,40.673151],[-87.526246,40.673318],[-87.526255,40.673944],[-87.526253,40.674702],[-87.526252,40.675164],[-87.526252,40.675274],[-87.526259,40.675487],[-87.526255,40.675808],[-87.526256,40.6759],[-87.526272,40.676647],[-87.526295,40.678111],[-87.526304,40.678671],[-87.526301,40.678849],[-87.5263,40.679097],[-87.526298,40.67984],[-87.526298,40.680089],[-87.526298,40.680284],[-87.526279,40.681905],[-87.526277,40.682086],[-87.526254,40.685269],[-87.52624,40.688078],[-87.526236,40.688899],[-87.526225,40.689823],[-87.526232,40.690076],[-87.526232,40.690736],[-87.526235,40.692716],[-87.526236,40.693273],[-87.52623,40.693377],[-87.526231,40.693687],[-87.526234,40.694618],[-87.526235,40.694929],[-87.526237,40.695355],[-87.526222,40.69665],[-87.526221,40.696734],[-87.526219,40.699769],[-87.526204,40.702151],[-87.526193,40.703957],[-87.526189,40.704093],[-87.52618,40.704503],[-87.526179,40.704559],[-87.526216,40.704631],[-87.526186,40.704717],[-87.526181,40.705266],[-87.52618,40.705505],[-87.526178,40.70618],[-87.526183,40.70694],[-87.526187,40.707186],[-87.526194,40.707605],[-87.526189,40.70775],[-87.526171,40.707825],[-87.526183,40.707883],[-87.52619,40.708028],[-87.526188,40.70863],[-87.526173,40.709966],[-87.526173,40.710111],[-87.526174,40.712709],[-87.526165,40.71323],[-87.52617,40.713959],[-87.526167,40.714393],[-87.526182,40.716616],[-87.526182,40.716974],[-87.526184,40.717827],[-87.526189,40.718588],[-87.526187,40.719181],[-87.526193,40.719262],[-87.526176,40.719344],[-87.5261,40.719638],[-87.526089,40.719733],[-87.526084,40.719856],[-87.526084,40.719885],[-87.526095,40.720616],[-87.526108,40.721792],[-87.526109,40.721811],[-87.526118,40.722287],[-87.526109,40.722428],[-87.526134,40.7226],[-87.526136,40.722899],[-87.526121,40.72337],[-87.526105,40.72471],[-87.526102,40.725031],[-87.526101,40.725688],[-87.526092,40.726149],[-87.526085,40.72868],[-87.526074,40.729762],[-87.526072,40.73131],[-87.52607,40.731563],[-87.526066,40.73217],[-87.526052,40.732786],[-87.526055,40.733212],[-87.526047,40.733728],[-87.526064,40.733847],[-87.526042,40.734037],[-87.526042,40.734454],[-87.526043,40.735083],[-87.52605,40.736279],[-87.526053,40.736686],[-87.526048,40.73684],[-87.526031,40.736885],[-87.526032,40.736953],[-87.526036,40.737721],[-87.526034,40.737879],[-87.526008,40.741262],[-87.526011,40.744136],[-87.526004,40.747004],[-87.526006,40.748514],[-87.525977,40.749471],[-87.525976,40.74961],[-87.525976,40.749731],[-87.52599,40.751264],[-87.525993,40.751427],[-87.525995,40.751885],[-87.525995,40.752036],[-87.526,40.756131],[-87.52599,40.758657],[-87.525997,40.762598],[-87.525987,40.765638],[-87.525983,40.767941],[-87.525993,40.769407],[-87.526004,40.769687],[-87.525998,40.769995],[-87.525998,40.770207],[-87.525998,40.770287],[-87.525989,40.770437],[-87.525991,40.770553],[-87.525982,40.770692],[-87.52599,40.771409],[-87.525986,40.771683],[-87.52599,40.773091],[-87.526,40.774361],[-87.525996,40.77478],[-87.525999,40.77499],[-87.52599,40.775622],[-87.525994,40.775832],[-87.525965,40.777312],[-87.525964,40.777665],[-87.525946,40.777947],[-87.525927,40.779638],[-87.525916,40.780067],[-87.525916,40.780492],[-87.525914,40.780519],[-87.525898,40.780981],[-87.52588,40.782244],[-87.525881,40.782649],[-87.52588,40.782876],[-87.525863,40.783512],[-87.525857,40.784852],[-87.525844,40.786261],[-87.525838,40.78753],[-87.525844,40.789016],[-87.525849,40.789442],[-87.525857,40.790289],[-87.525852,40.790926],[-87.52585,40.791561],[-87.525858,40.791852],[-87.525867,40.792206],[-87.525869,40.792663],[-87.525899,40.792916],[-87.525887,40.793454],[-87.525882,40.794511],[-87.525878,40.794722],[-87.525879,40.794999],[-87.525895,40.794999],[-87.5259,40.795498],[-87.525899,40.795911],[-87.525898,40.796131],[-87.5259,40.796553],[-87.525894,40.797186],[-87.525892,40.800785],[-87.525893,40.80163],[-87.525896,40.802688],[-87.525898,40.80311],[-87.525887,40.803533],[-87.525876,40.804802],[-87.525856,40.806499],[-87.525844,40.8069],[-87.525843,40.807216],[-87.525836,40.80764],[-87.525838,40.807851],[-87.52583,40.808062],[-87.525838,40.808698],[-87.525827,40.80912],[-87.525833,40.80933],[-87.525816,40.810388],[-87.525802,40.810671],[-87.525811,40.811023],[-87.525801,40.811656],[-87.525787,40.812079],[-87.525793,40.81229],[-87.525785,40.812502],[-87.525782,40.812927],[-87.525767,40.813137],[-87.525758,40.813194],[-87.525757,40.813222],[-87.525755,40.813348],[-87.525746,40.813492],[-87.525696,40.81725],[-87.52572,40.821561],[-87.52572,40.821674],[-87.525711,40.821731],[-87.525694,40.823652],[-87.525662,40.827411],[-87.525662,40.830232],[-87.525678,40.833057],[-87.525681,40.834504],[-87.525678,40.835211],[-87.525681,40.835609],[-87.525668,40.836016],[-87.525661,40.836132],[-87.525667,40.837582],[-87.525696,40.843661],[-87.525721,40.846786],[-87.525742,40.849804],[-87.525769,40.85123],[-87.525787,40.851792],[-87.5258,40.851792],[-87.525823,40.852633],[-87.525833,40.853607],[-87.525835,40.853845],[-87.525832,40.853901],[-87.525835,40.853957],[-87.525857,40.85409],[-87.525896,40.854159],[-87.525975,40.865017],[-87.525924,40.875035],[-87.526113,40.879703],[-87.525992,40.879877],[-87.52595,40.880585],[-87.525915,40.880595],[-87.526436,40.894154],[-87.526223,40.894171],[-87.526052,40.89424],[-87.525968,40.894366],[-87.525961,40.894505],[-87.525969,40.894644],[-87.52597,40.895548],[-87.52597,40.895575],[-87.525971,40.896125],[-87.525964,40.897607],[-87.525968,40.899093],[-87.525982,40.900571],[-87.526002,40.902053],[-87.525973,40.905019],[-87.525978,40.906442],[-87.525979,40.906495],[-87.525979,40.906511],[-87.525984,40.907994],[-87.526002,40.908351],[-87.526006,40.908502],[-87.52604,40.908568],[-87.525996,40.911838],[-87.526082,40.911837],[-87.526084,40.911914],[-87.526048,40.919148],[-87.526057,40.921424],[-87.526085,40.925019],[-87.526103,40.926082],[-87.526099,40.926913],[-87.526104,40.929249],[-87.5261,40.931222],[-87.526101,40.932063],[-87.526091,40.933331],[-87.526098,40.933475],[-87.526098,40.933603],[-87.526123,40.937594],[-87.526054,40.944921],[-87.526067,40.945792],[-87.526065,40.946915],[-87.526051,40.947968],[-87.526053,40.94846],[-87.526037,40.949158],[-87.526019,40.950562],[-87.526005,40.951486],[-87.525997,40.95175],[-87.526003,40.952459],[-87.526005,40.95409],[-87.525989,40.954871],[-87.52599,40.955192],[-87.52599,40.955345],[-87.52599,40.955859],[-87.525983,40.956508],[-87.525997,40.957629],[-87.525997,40.958826],[-87.525989,40.958966],[-87.525996,40.959106],[-87.526007,40.959816],[-87.526012,40.960879],[-87.526006,40.961514],[-87.52601,40.962157],[-87.525996,40.963143],[-87.526,40.964124],[-87.526002,40.966289],[-87.525995,40.966757],[-87.525977,40.967093],[-87.525987,40.96781],[-87.525995,40.971601],[-87.525992,40.973391],[-87.525982,40.974265],[-87.525993,40.975045],[-87.526006,40.975396],[-87.526029,40.975729],[-87.526046,40.97573],[-87.526046,40.975751],[-87.526053,40.97601],[-87.526094,40.976505],[-87.526105,40.97693],[-87.526111,40.977355],[-87.526111,40.979936],[-87.5261,40.981069],[-87.5261,40.981301],[-87.526126,40.982242],[-87.526165,40.985538],[-87.526203,40.987012],[-87.526204,40.987474],[-87.526207,40.988578],[-87.526225,40.990136],[-87.526245,40.993207],[-87.526242,40.994795],[-87.526271,40.9983],[-87.526278,40.999758],[-87.52628,41.000034],[-87.526291,41.001545],[-87.526294,41.00263],[-87.526294,41.002683],[-87.526293,41.00328],[-87.526297,41.005812],[-87.526272,41.008549],[-87.526208,41.010341],[-87.527633,41.010316],[-87.537999,41.010131],[-87.54228,41.010122],[-87.546745,41.010031],[-87.54777,41.010006],[-87.550009,41.009974],[-87.55112,41.009953],[-87.552047,41.00994],[-87.553992,41.009892],[-87.554917,41.009871],[-87.555777,41.009846],[-87.556965,41.009812],[-87.558728,41.009787],[-87.559191,41.009775],[-87.561519,41.009694],[-87.565795,41.009614],[-87.580558,41.009333],[-87.580756,41.009329],[-87.581053,41.009325],[-87.604637,41.00875],[-87.605281,41.008745],[-87.607217,41.00873],[-87.607862,41.008726],[-87.60799,41.008725],[-87.614695,41.008563],[-87.616554,41.008533],[-87.623546,41.008503],[-87.62366,41.008509],[-87.625944,41.008479],[-87.628577,41.008448],[-87.633312,41.008278],[-87.634399,41.008256],[-87.637371,41.00823],[-87.638252,41.008223],[-87.641221,41.008195],[-87.642612,41.008205],[-87.646786,41.008238],[-87.647859,41.00823],[-87.650863,41.008239],[-87.655356,41.008245],[-87.655458,41.008244],[-87.655512,41.008127],[-87.65551,41.00803],[-87.655507,41.007886],[-87.655454,41.005257],[-87.655419,41.002524],[-87.655417,41.002358],[-87.655383,41.000964],[-87.655356,40.999509],[-87.655291,40.996564],[-87.655247,40.994046],[-87.65523,40.993618],[-87.655224,40.993275],[-87.655227,40.993106],[-87.655565,40.993093],[-87.656925,40.993087],[-87.658328,40.993088],[-87.660656,40.99308],[-87.662052,40.993068],[-87.664842,40.993046],[-87.665036,40.993041],[-87.665117,40.993045],[-87.665876,40.993036],[-87.668674,40.993016],[-87.670069,40.99301],[-87.671466,40.992995],[-87.672863,40.992985],[-87.674532,40.992968],[-87.67461,40.992972],[-87.67459,40.992477],[-87.674486,40.986485],[-87.674464,40.984378],[-87.674448,40.983321],[-87.674439,40.983045],[-87.674417,40.982405],[-87.674396,40.981351],[-87.674377,40.979952],[-87.674388,40.979707],[-87.67439,40.979662],[-87.674386,40.97917],[-87.674376,40.979102],[-87.674389,40.979047],[-87.674412,40.978566],[-87.674337,40.97703],[-87.674315,40.975978],[-87.674289,40.974375],[-87.674283,40.974145],[-87.674237,40.972281],[-87.674213,40.971541],[-87.674177,40.970125],[-87.674115,40.964881],[-87.67408,40.963775],[-87.67408,40.963546],[-87.674024,40.961191],[-87.674005,40.959713],[-87.67397,40.957673],[-87.673954,40.956764],[-87.673948,40.956159],[-87.693217,40.955655],[-87.693222,40.956304],[-87.69329,40.958659],[-87.693304,40.959547],[-87.693323,40.960281],[-87.693344,40.961133],[-87.69338,40.962813],[-87.693374,40.963314],[-87.694035,40.963296],[-87.696822,40.963242],[-87.69822,40.963206],[-87.703819,40.963098],[-87.707071,40.963043],[-87.709419,40.963001],[-87.709872,40.962989],[-87.710048,40.962995],[-87.710233,40.963006],[-87.710326,40.963015],[-87.710513,40.963042],[-87.710696,40.963074],[-87.710875,40.963118],[-87.711048,40.963171],[-87.711221,40.963235],[-87.711325,40.963279],[-87.711387,40.963306],[-87.711539,40.963382],[-87.711681,40.963469],[-87.711826,40.963564],[-87.711963,40.96367],[-87.712177,40.963856],[-87.712303,40.964008],[-87.712421,40.964189],[-87.712462,40.964251],[-87.712471,40.964265],[-87.71254,40.964393],[-87.712599,40.964525],[-87.712641,40.964662],[-87.712673,40.964801],[-87.712691,40.964942],[-87.7127,40.965298],[-87.712703,40.965565],[-87.712722,40.966935],[-87.712715,40.967094],[-87.712733,40.968831],[-87.71275,40.97026],[-87.712756,40.970961],[-87.712757,40.971088],[-87.716902,40.970974],[-87.71728,40.970964],[-87.717554,40.970957],[-87.717587,40.973203],[-87.720014,40.973175],[-87.719968,40.970582],[-87.719964,40.970545],[-87.72027,40.97054],[-87.720265,40.97013],[-87.720344,40.970129],[-87.722447,40.970092],[-87.726069,40.97003],[-87.727289,40.970008],[-87.73071,40.969946],[-87.731214,40.969936],[-87.732084,40.969919],[-87.732456,40.969917],[-87.749346,40.969611],[-87.751204,40.969579],[-87.754012,40.969563],[-87.760895,40.969537],[-87.763101,40.969532],[-87.767984,40.96952],[-87.768914,40.969515],[-87.769378,40.969496],[-87.76984,40.969461],[-87.770299,40.969412],[-87.770838,40.969332],[-87.771671,40.969204],[-87.772131,40.969149],[-87.772597,40.969116],[-87.773062,40.969101],[-87.773993,40.969083],[-87.777246,40.969028],[-87.779562,40.968985],[-87.780019,40.96898],[-87.780416,40.968966],[-87.780601,40.968969],[-87.781326,40.968952],[-87.782721,40.968929],[-87.784965,40.968889],[-87.789692,40.968804],[-87.789958,40.968794],[-87.789976,40.969318],[-87.789974,40.970029],[-87.789977,40.970401],[-87.790864,40.971045],[-87.791256,40.971228],[-87.791649,40.971228],[-87.793007,40.970977],[-87.793339,40.970817],[-87.79349,40.970656],[-87.793732,40.970153],[-87.794426,40.969124],[-87.794849,40.968712],[-87.7966,40.96782],[-87.797234,40.967545],[-87.797868,40.9675],[-87.79826,40.96782],[-87.79829,40.967957],[-87.798381,40.968026],[-87.798743,40.968827],[-87.798894,40.969399],[-87.798984,40.969467],[-87.798984,40.969628],[-87.799226,40.970222],[-87.799346,40.970657],[-87.79998,40.971343],[-87.800855,40.971983],[-87.802425,40.972716],[-87.803361,40.973356],[-87.803753,40.973745],[-87.803934,40.974134],[-87.803994,40.974798],[-87.804176,40.974867],[-87.8049,40.974867],[-87.805172,40.974775],[-87.805413,40.974546],[-87.805594,40.974112],[-87.805474,40.973219],[-87.805444,40.972212],[-87.805564,40.971755],[-87.805836,40.971435],[-87.806893,40.97068],[-87.807164,40.970428],[-87.807617,40.970199],[-87.808281,40.970108],[-87.808553,40.970153],[-87.809036,40.970474],[-87.809187,40.970817],[-87.809519,40.971069],[-87.810092,40.971275],[-87.810817,40.971389],[-87.81136,40.971389],[-87.811692,40.971183],[-87.811873,40.970817],[-87.811873,40.970268],[-87.811179,40.969742],[-87.811179,40.969398],[-87.811451,40.969215],[-87.812145,40.969147],[-87.812477,40.969215],[-87.813232,40.969513],[-87.813896,40.969627],[-87.813896,40.96949],[-87.813624,40.968826],[-87.813594,40.968552],[-87.813503,40.968414],[-87.813443,40.967226],[-87.813322,40.965739],[-87.81334,40.965613],[-87.813939,40.965603],[-87.814102,40.962745],[-87.814611,40.961525],[-87.815495,40.961528],[-87.815857,40.961528],[-87.816537,40.961399],[-87.817306,40.961254],[-87.817759,40.961391],[-87.818453,40.961986],[-87.818936,40.96226],[-87.819479,40.96226],[-87.820354,40.961803],[-87.821199,40.96162],[-87.821622,40.961482],[-87.821773,40.961322],[-87.821739,40.961206],[-87.828225,40.960946],[-87.828224,40.961262],[-87.828223,40.962576],[-87.828231,40.963276],[-87.828237,40.964336],[-87.828236,40.964522],[-87.828243,40.966103],[-87.828241,40.967162],[-87.828246,40.968219],[-87.828244,40.969276],[-87.828252,40.970336],[-87.828248,40.971394],[-87.82826,40.973158],[-87.828258,40.974218],[-87.828266,40.974571],[-87.828256,40.975139],[-87.828262,40.975475],[-87.828674,40.975467],[-87.830734,40.975418],[-87.833058,40.975375],[-87.840034,40.975217],[-87.847468,40.975037],[-87.847762,40.975027],[-87.847742,40.973866],[-87.847722,40.971755],[-87.847723,40.971402],[-87.847706,40.970343],[-87.847706,40.969282],[-87.847693,40.968576],[-87.847662,40.966454],[-87.84764,40.965396],[-87.847601,40.963275],[-87.847583,40.962563],[-87.847572,40.9615],[-87.847561,40.960725],[-87.852945,40.960563],[-87.856974,40.960587],[-87.856995,40.960466],[-87.856844,40.960329],[-87.85618,40.95994],[-87.855274,40.959666],[-87.854489,40.959666],[-87.853765,40.960101],[-87.85286,40.960124],[-87.852467,40.959758],[-87.852407,40.959461],[-87.852769,40.95905],[-87.852829,40.958775],[-87.852768,40.958638],[-87.852315,40.958318],[-87.851651,40.958181],[-87.851078,40.958204],[-87.850324,40.958525],[-87.84969,40.958593],[-87.849116,40.958411],[-87.847679,40.95734],[-87.847527,40.957029],[-87.847518,40.956696],[-87.847517,40.955284],[-87.8475,40.954935],[-87.847406,40.951758],[-87.8474,40.951404],[-87.847387,40.951051],[-87.847387,40.950698],[-87.847318,40.947874],[-87.847316,40.94752],[-87.847299,40.946814],[-87.847295,40.946463],[-87.847303,40.946034],[-87.847317,40.94589],[-87.847332,40.945834],[-87.854775,40.945663],[-87.857095,40.945606],[-87.859418,40.945554],[-87.86138,40.945504],[-87.861745,40.945495],[-87.864075,40.945444],[-87.866146,40.945389],[-87.866412,40.945386],[-87.8664,40.946061],[-87.866407,40.946484],[-87.86644,40.94733],[-87.866637,40.951138],[-87.866798,40.954309],[-87.866885,40.956428],[-87.866994,40.959595],[-87.866997,40.959791],[-87.867226,40.95979],[-87.867415,40.959795],[-87.86797,40.959779],[-87.868438,40.95977],[-87.869365,40.959759],[-87.870295,40.959762],[-87.870763,40.959775],[-87.871237,40.959797],[-87.872619,40.959869],[-87.873547,40.95991],[-87.874013,40.959918],[-87.874648,40.959912],[-87.876345,40.959897],[-87.879138,40.959874],[-87.880068,40.959859],[-87.882391,40.959841],[-87.883321,40.959824],[-87.883786,40.95981],[-87.884248,40.959789],[-87.884715,40.959763],[-87.885707,40.959692],[-87.88657,40.959634],[-87.888434,40.95954],[-87.890294,40.959471],[-87.895882,40.959304],[-87.897161,40.959259],[-87.89774,40.959238],[-87.899606,40.95919],[-87.900534,40.959157],[-87.903322,40.959078],[-87.904248,40.959046],[-87.905049,40.959008],[-87.905054,40.959847],[-87.905056,40.960548],[-87.905087,40.964425],[-87.90509,40.965839],[-87.905097,40.967075],[-87.905699,40.967061],[-87.905999,40.966924],[-87.905939,40.966672],[-87.905697,40.966306],[-87.905696,40.965734],[-87.905967,40.965551],[-87.906208,40.965483],[-87.90684,40.965483],[-87.907533,40.965574],[-87.908106,40.965553],[-87.908529,40.965415],[-87.909643,40.964729],[-87.910155,40.964729],[-87.910606,40.96489],[-87.911088,40.96521],[-87.911721,40.965462],[-87.911932,40.965553],[-87.912261,40.966125],[-87.912381,40.966514],[-87.91235,40.966742],[-87.9125,40.96688],[-87.91256,40.967246],[-87.91268,40.967337],[-87.912891,40.967429],[-87.914397,40.967544],[-87.914548,40.967795],[-87.91497,40.968139],[-87.91521,40.968368],[-87.915239,40.968597],[-87.915781,40.969329],[-87.916413,40.96981],[-87.916684,40.969947],[-87.917558,40.969947],[-87.918294,40.969562],[-87.918136,40.969977],[-87.916834,40.973359],[-87.915388,40.977129],[-87.914285,40.97999],[-87.913744,40.981424],[-87.912643,40.984283],[-87.912083,40.985707],[-87.911473,40.987125],[-87.910979,40.988196],[-87.910823,40.988534],[-87.910585,40.989017],[-87.910138,40.989925],[-87.909935,40.990315],[-87.909415,40.991316],[-87.908652,40.992682],[-87.907836,40.994043],[-87.907001,40.995394],[-87.906888,40.995588],[-87.906759,40.995774],[-87.906646,40.995967],[-87.906379,40.996497],[-87.906253,40.996764],[-87.90611,40.9971],[-87.905999,40.997379],[-87.905795,40.997993],[-87.905649,40.998472],[-87.905514,40.99896],[-87.905402,40.999449],[-87.905321,40.999859],[-87.905565,40.999866],[-87.905774,40.999872],[-87.906237,40.99991],[-87.906671,40.999958],[-87.906793,40.999972],[-87.906883,40.999981],[-87.906732,40.999185],[-87.906767,40.999189],[-87.907014,40.999224],[-87.907252,40.999256],[-87.907846,40.997719],[-87.907826,40.997712],[-87.906573,40.997185],[-87.907134,40.995964],[-87.908544,40.993498],[-87.91011,40.990643],[-87.9108,40.989233],[-87.91126,40.988243],[-87.911294,40.988171],[-87.911445,40.987845],[-87.911588,40.98754],[-87.911942,40.986787],[-87.913706,40.987279],[-87.914084,40.987384],[-87.913948,40.9877],[-87.913371,40.989237],[-87.913209,40.989669],[-87.913047,40.989593],[-87.912801,40.989205],[-87.912628,40.988971],[-87.912494,40.988824],[-87.912282,40.988635],[-87.912015,40.988464],[-87.911711,40.988317],[-87.911644,40.98841],[-87.911586,40.988499],[-87.911937,40.988718],[-87.912195,40.988893],[-87.912471,40.989174],[-87.912673,40.989369],[-87.912748,40.989551],[-87.912817,40.98968],[-87.912927,40.9898],[-87.913106,40.989919],[-87.913045,40.990075],[-87.912293,40.991987],[-87.91089,40.995742],[-87.910248,40.997411],[-87.91005,40.997943],[-87.910197,40.997987],[-87.910625,40.998133],[-87.91098,40.99731],[-87.911579,40.99581],[-87.918204,40.979149],[-87.919249,40.976569],[-87.920524,40.973233],[-87.92162,40.973198],[-87.923009,40.973161],[-87.924163,40.973125],[-87.924464,40.973133],[-87.924472,40.973749],[-87.924473,40.974453],[-87.924505,40.977271],[-87.924511,40.978679],[-87.924524,40.98009],[-87.924561,40.982214],[-87.924592,40.982919],[-87.924623,40.985548],[-87.924625,40.985736],[-87.924637,40.987738],[-87.925848,40.987708],[-87.926402,40.9877],[-87.92835,40.987655],[-87.930576,40.987599],[-87.932419,40.987546],[-87.932535,40.987543],[-87.93337,40.987515],[-87.936424,40.987443],[-87.937814,40.987402],[-87.940229,40.987345],[-87.941063,40.987318],[-87.941897,40.987293],[-87.943583,40.987234],[-87.943965,40.987217],[-87.943969,40.986351],[-87.943933,40.983657],[-87.9439,40.980829],[-87.943888,40.980193],[-87.943854,40.975597],[-87.943834,40.973489],[-87.943813,40.972592],[-87.946063,40.972481],[-87.9476,40.972395],[-87.948848,40.972326],[-87.949776,40.972281],[-87.951637,40.972183],[-87.953032,40.972106],[-87.953425,40.97209],[-87.954424,40.972048],[-87.955355,40.972018],[-87.956285,40.971982],[-87.961868,40.971809],[-87.962796,40.971783],[-87.963059,40.971777],[-87.964196,40.971752],[-87.967919,40.971685],[-87.968847,40.97166],[-87.970244,40.971632],[-87.973035,40.971565],[-87.975447,40.971491],[-87.976758,40.97145],[-87.977686,40.971427],[-87.979548,40.971362],[-87.980482,40.971334],[-87.982434,40.971267],[-87.982637,40.971262],[-87.985133,40.971179],[-87.987921,40.971074],[-87.988855,40.971044],[-87.989785,40.971004],[-87.991641,40.970933],[-87.992572,40.970904],[-87.994437,40.970884],[-87.997237,40.970847],[-87.997463,40.970845],[-88.001059,40.970808],[-88.001527,40.97081],[-88.00173,40.979885],[-88.001819,40.985383],[-88.002429,40.985363],[-88.003719,40.985359],[-88.005859,40.985337],[-88.009018,40.985318],[-88.011347,40.985306],[-88.013302,40.985302],[-88.015468,40.985311],[-88.016534,40.985312],[-88.016745,40.985308],[-88.018291,40.985268],[-88.018392,40.985272],[-88.018578,40.985269],[-88.018839,40.985252],[-88.019475,40.98523],[-88.020027,40.985219],[-88.020675,40.985196],[-88.021331,40.985176],[-88.0215,40.985174],[-88.021613,40.985173],[-88.021891,40.98516],[-88.022449,40.985144],[-88.023373,40.985126],[-88.024765,40.985088],[-88.028451,40.98499],[-88.02816,40.984745],[-88.02819,40.983235],[-88.028523,40.982617],[-88.029127,40.981885],[-88.030335,40.980764],[-88.030818,40.979918],[-88.030819,40.979323],[-88.030698,40.978842],[-88.030547,40.978453],[-88.030306,40.978179],[-88.030246,40.977996],[-88.030042,40.977636],[-88.030136,40.977633],[-88.033408,40.977549],[-88.034818,40.977508],[-88.036016,40.977491],[-88.055362,40.97744],[-88.055372,40.984548],[-88.056256,40.984531],[-88.058104,40.984487],[-88.059031,40.98446],[-88.059935,40.98444],[-88.062283,40.984374],[-88.063681,40.98434],[-88.065543,40.984283],[-88.067874,40.984224],[-88.06928,40.984192],[-88.06975,40.984176],[-88.071789,40.98413],[-88.072747,40.984108],[-88.073212,40.9841],[-88.074984,40.984062],[-88.076471,40.984038],[-88.081627,40.983978],[-88.082559,40.983962],[-88.083786,40.983936],[-88.084292,40.98393],[-88.084702,40.983919],[-88.091465,40.983826],[-88.09241,40.983808],[-88.093981,40.983792],[-88.093975,40.983391],[-88.093951,40.983012],[-88.093916,40.980676],[-88.093904,40.980024],[-88.093852,40.977318],[-88.093797,40.973892],[-88.093733,40.969198],[-88.095147,40.969173],[-88.097487,40.969148],[-88.097767,40.969141],[-88.103282,40.969048],[-88.107953,40.968978],[-88.109164,40.968949],[-88.110366,40.968929],[-88.112426,40.968896],[-88.11324,40.968884],[-88.113547,40.968881],[-88.114019,40.96887],[-88.117306,40.968812],[-88.120106,40.968765],[-88.122435,40.968715],[-88.126163,40.968618],[-88.129413,40.968519],[-88.130326,40.968496],[-88.13105,40.968475],[-88.131047,40.968367],[-88.130997,40.958506],[-88.130973,40.953853],[-88.130853,40.946847],[-88.130722,40.939228],[-88.142857,40.93888],[-88.149843,40.93868],[-88.162774,40.938351],[-88.164829,40.938299],[-88.169121,40.93819],[-88.177757,40.93798],[-88.18645,40.937768],[-88.1883,40.937723],[-88.188433,40.944908],[-88.188448,40.945728],[-88.188494,40.952321],[-88.195655,40.952158],[-88.207771,40.951882],[-88.207928,40.958497],[-88.208117,40.96645],[-88.209895,40.966442],[-88.214692,40.96642],[-88.216615,40.966411],[-88.223466,40.966392],[-88.227323,40.966345],[-88.238306,40.965964],[-88.238397,40.96739],[-88.238425,40.96748],[-88.238443,40.967561],[-88.238479,40.967665],[-88.238561,40.967843],[-88.238615,40.967918],[-88.238625,40.967946],[-88.23867,40.968007],[-88.238679,40.968035],[-88.238734,40.96811],[-88.238743,40.968138],[-88.238788,40.9682],[-88.238797,40.968227],[-88.238861,40.968316],[-88.23887,40.968344],[-88.238924,40.968419],[-88.238934,40.968447],[-88.238979,40.968509],[-88.238988,40.968536],[-88.239043,40.968612],[-88.239051,40.968639],[-88.239124,40.968748],[-88.239152,40.968783],[-88.23916,40.96881],[-88.239187,40.968845],[-88.239197,40.968872],[-88.239306,40.96903],[-88.239315,40.969057],[-88.23937,40.969133],[-88.239379,40.96916],[-88.239451,40.969263],[-88.239505,40.969322],[-88.239595,40.969387],[-88.239868,40.969524],[-88.240149,40.969627],[-88.240443,40.969705],[-88.240702,40.969749],[-88.240837,40.969763],[-88.241149,40.96978],[-88.241621,40.969766],[-88.24177,40.969748],[-88.241851,40.969734],[-88.242385,40.969665],[-88.242588,40.969654],[-88.242784,40.969671],[-88.242892,40.969699],[-88.243245,40.96987],[-88.243372,40.969939],[-88.243866,40.970178],[-88.24407,40.970315],[-88.244206,40.970418],[-88.244387,40.97052],[-88.244462,40.970558],[-88.24455,40.970596],[-88.244604,40.97061],[-88.244668,40.970637],[-88.244705,40.970644],[-88.244885,40.970699],[-88.245519,40.970862],[-88.245719,40.970938],[-88.245773,40.970965],[-88.245809,40.970992],[-88.245913,40.971089],[-88.245936,40.971116],[-88.246109,40.971391],[-88.246136,40.971418],[-88.246227,40.971527],[-88.2463,40.971607],[-88.246399,40.971706],[-88.246568,40.971821],[-88.246371,40.965671],[-88.24637,40.96564],[-88.24645,40.96562],[-88.24699,40.9656],[-88.247711,40.965586],[-88.24863,40.96557],[-88.24925,40.96557],[-88.24991,40.96555],[-88.25131,40.96553],[-88.251743,40.96553],[-88.25176,40.96553],[-88.2528,40.96551],[-88.253087,40.96551],[-88.253091,40.965737],[-88.253122,40.965846],[-88.253416,40.96604],[-88.253707,40.966125],[-88.253794,40.966124],[-88.253883,40.966189],[-88.253886,40.966365],[-88.253748,40.966472],[-88.253686,40.966521],[-88.253687,40.966587],[-88.253805,40.966651],[-88.253921,40.966672],[-88.254009,40.966737],[-88.253968,40.967573],[-88.254027,40.967682],[-88.254116,40.967768],[-88.254147,40.967878],[-88.254136,40.968065],[-88.254153,40.968186],[-88.254378,40.968612],[-88.254396,40.968777],[-88.25437,40.968931],[-88.254025,40.969111],[-88.25397,40.969221],[-88.253975,40.969484],[-88.254039,40.969813],[-88.254247,40.970096],[-88.254474,40.970363],[-88.254544,40.970445],[-88.254664,40.970641],[-88.254812,40.970794],[-88.254842,40.970859],[-88.254838,40.971074],[-88.254934,40.971166],[-88.255021,40.971165],[-88.255403,40.971469],[-88.255404,40.971491],[-88.255262,40.971647],[-88.255178,40.971823],[-88.255133,40.972192],[-88.255116,40.97234],[-88.254943,40.973122],[-88.25486,40.973321],[-88.25469,40.97352],[-88.254235,40.973986],[-88.254097,40.974279],[-88.254054,40.974373],[-88.254043,40.974582],[-88.25418,40.974921],[-88.254197,40.975042],[-88.254285,40.975085],[-88.254663,40.975147],[-88.256119,40.975461],[-88.256441,40.975677],[-88.256853,40.976024],[-88.256973,40.976221],[-88.257088,40.97645],[-88.25753,40.977325],[-88.257562,40.977434],[-88.257538,40.977742],[-88.257459,40.978116],[-88.257395,40.978568],[-88.257486,40.978742],[-88.257633,40.978862],[-88.257896,40.97898],[-88.2581,40.979021],[-88.258245,40.97902],[-88.258497,40.978957],[-88.258646,40.978818],[-88.258701,40.978642],[-88.258814,40.97853],[-88.259044,40.978396],[-88.260173,40.97834],[-88.260606,40.978248],[-88.261016,40.978072],[-88.261225,40.978032],[-88.261356,40.978041],[-88.261473,40.978106],[-88.261589,40.978127],[-88.261736,40.978213],[-88.261795,40.978278],[-88.261784,40.978421],[-88.261595,40.978434],[-88.261336,40.978481],[-88.26122,40.978548],[-88.261135,40.978637],[-88.261123,40.978714],[-88.261138,40.978802],[-88.261286,40.978921],[-88.262301,40.978954],[-88.262389,40.979019],[-88.262795,40.979466],[-88.263071,40.97977],[-88.263187,40.979845],[-88.263274,40.979823],[-88.264044,40.979869],[-88.264231,40.979857],[-88.264832,40.979432],[-88.265005,40.979343],[-88.265407,40.979206],[-88.265667,40.97916],[-88.265836,40.979158],[-88.26587,40.979158],[-88.266334,40.979197],[-88.266801,40.979301],[-88.267122,40.979429],[-88.267533,40.9797],[-88.267791,40.979924],[-88.26883,40.980828],[-88.269536,40.981337],[-88.269711,40.981423],[-88.270031,40.981508],[-88.271337,40.981538],[-88.271511,40.98158],[-88.271774,40.981687],[-88.271892,40.981773],[-88.27201,40.981926],[-88.27211,40.98254],[-88.272257,40.982648],[-88.27249,40.98269],[-88.272578,40.982754],[-88.272641,40.983039],[-88.2727,40.983104],[-88.272752,40.983141],[-88.272789,40.983169],[-88.272962,40.983168],[-88.273049,40.983145],[-88.27322,40.983011],[-88.273277,40.982945],[-88.273272,40.982725],[-88.273327,40.982549],[-88.273471,40.982464],[-88.273586,40.982479],[-88.273827,40.982592],[-88.274111,40.982606],[-88.274197,40.982583],[-88.274369,40.982449],[-88.274569,40.982315],[-88.274727,40.982292],[-88.27486,40.982378],[-88.275122,40.982441],[-88.275412,40.982416],[-88.275783,40.982104],[-88.276043,40.982074],[-88.276277,40.982231],[-88.276662,40.982643],[-88.277097,40.983143],[-88.277136,40.983188],[-88.277197,40.983341],[-88.277199,40.983429],[-88.277118,40.983716],[-88.27662,40.984205],[-88.276437,40.98447],[-88.276381,40.984581],[-88.276209,40.984671],[-88.276067,40.984804],[-88.27619,40.985176],[-88.276192,40.985264],[-88.276165,40.985418],[-88.276286,40.985659],[-88.276435,40.985833],[-88.276555,40.986073],[-88.276559,40.986314],[-88.276635,40.986479],[-88.276651,40.986577],[-88.276712,40.986687],[-88.276773,40.98684],[-88.277023,40.987057],[-88.277537,40.987381],[-88.278565,40.988095],[-88.279068,40.988595],[-88.279367,40.989053],[-88.279728,40.98973],[-88.280356,40.990734],[-88.280401,40.990833],[-88.280421,40.991063],[-88.280407,40.991089],[-88.280365,40.991174],[-88.280279,40.991219],[-88.280136,40.991352],[-88.280053,40.991529],[-88.279838,40.992388],[-88.279769,40.992554],[-88.279661,40.993016],[-88.279364,40.994119],[-88.279353,40.994229],[-88.280166,40.994217],[-88.2814,40.9942],[-88.28247,40.99418],[-88.282605,40.994177],[-88.283419,40.994166],[-88.283787,40.99416],[-88.284894,40.994144],[-88.2852,40.99414],[-88.285264,40.99414],[-88.285201,40.991234],[-88.285012,40.982516],[-88.28495,40.97961],[-88.284882,40.97738],[-88.284679,40.970691],[-88.284612,40.968462],[-88.284591,40.967787],[-88.28453,40.965764],[-88.28451,40.96509],[-88.28431,40.9651],[-88.28175,40.96513],[-88.28104,40.965142],[-88.28065,40.96515],[-88.27962,40.96516],[-88.27844,40.96518],[-88.27789,40.96518],[-88.27714,40.96519],[-88.27517,40.96523],[-88.27273,40.96526],[-88.27211,40.96527],[-88.27159,40.96528],[-88.27105,40.96529],[-88.270632,40.965294],[-88.2691,40.96531],[-88.26798,40.96533],[-88.267163,40.965349],[-88.267168,40.965321],[-88.267251,40.965122],[-88.267335,40.964967],[-88.267534,40.964768],[-88.267806,40.964567],[-88.268078,40.964432],[-88.268597,40.964207],[-88.268825,40.964061],[-88.268881,40.964005],[-88.269051,40.963762],[-88.269292,40.96316],[-88.269521,40.962592],[-88.269634,40.962437],[-88.269975,40.962104],[-88.27003,40.961906],[-88.269954,40.958418],[-88.270102,40.958191],[-88.270158,40.95808],[-88.270145,40.957378],[-88.270164,40.957273],[-88.270398,40.956935],[-88.270436,40.955946],[-88.270489,40.955704],[-88.270715,40.955416],[-88.27083,40.955326],[-88.270916,40.955281],[-88.27135,40.955233],[-88.271747,40.954789],[-88.271818,40.954664],[-88.271887,40.954545],[-88.271914,40.954458],[-88.271998,40.954347],[-88.272107,40.95395],[-88.27209,40.953807],[-88.2721,40.953555],[-88.272066,40.953313],[-88.271973,40.95305],[-88.271826,40.952898],[-88.271622,40.952812],[-88.271244,40.952728],[-88.270568,40.952618],[-88.270487,40.952605],[-88.27037,40.952541],[-88.270252,40.952432],[-88.270214,40.952367],[-88.269893,40.951821],[-88.269651,40.951361],[-88.26955,40.951191],[-88.269457,40.951034],[-88.269354,40.950788],[-88.269587,40.950784],[-88.26985,40.95078],[-88.27013,40.95078],[-88.270286,40.950775],[-88.27052,40.95077],[-88.270608,40.950768],[-88.27256,40.95073],[-88.273224,40.95073],[-88.27342,40.95073],[-88.27411,40.95071],[-88.27454,40.95071],[-88.27491,40.9507],[-88.27669,40.95067],[-88.27866,40.95065],[-88.27948,40.95063],[-88.28015,40.95062],[-88.28103,40.9506],[-88.281335,40.950595],[-88.28356,40.95056],[-88.28372,40.95056],[-88.28404,40.95055],[-88.28399,40.94927],[-88.28395,40.94799],[-88.283941,40.947646],[-88.28392,40.94679],[-88.28388,40.94598],[-88.28387,40.94537],[-88.28384,40.94462],[-88.28384,40.94439],[-88.28381,40.94375],[-88.28379,40.94284],[-88.2837,40.93982],[-88.283667,40.938933],[-88.28361,40.93736],[-88.2836,40.93658],[-88.28357,40.93603],[-88.28342,40.93603],[-88.28339,40.93571],[-88.28339,40.93516],[-88.28335,40.9341],[-88.28333,40.93379],[-88.28331,40.93311],[-88.2833,40.93248],[-88.28327,40.93176],[-88.28326,40.93116],[-88.28325,40.93087],[-88.28322,40.93029],[-88.28321,40.92945],[-88.28319,40.92927],[-88.28317,40.92837],[-88.28314,40.92777],[-88.28313,40.92726],[-88.28309,40.92615],[-88.28305,40.92519],[-88.28304,40.92454],[-88.28298,40.92311],[-88.28293,40.9215],[-88.28319,40.92149],[-88.284232,40.921471],[-88.28706,40.92142],[-88.28741,40.92142],[-88.28814,40.921404],[-88.28878,40.92139],[-88.28939,40.92137],[-88.289443,40.92137],[-88.28987,40.92137],[-88.29059,40.92135],[-88.291928,40.921328],[-88.29371,40.9213],[-88.29465,40.92128],[-88.29597,40.92126],[-88.29686,40.92124],[-88.29817,40.92122],[-88.29862,40.92122],[-88.299384,40.921201],[-88.3003,40.92118],[-88.30092,40.92118],[-88.30168,40.92117],[-88.30187,40.92116],[-88.302526,40.921153],[-88.30291,40.92115],[-88.304496,40.921133],[-88.305153,40.921126],[-88.30661,40.92111],[-88.30715,40.92111],[-88.30804,40.9211],[-88.308334,40.9211],[-88.30946,40.9211],[-88.30981,40.92109],[-88.31054,40.92109],[-88.31191,40.92107],[-88.31296,40.92107],[-88.31521,40.92105],[-88.31596,40.92103],[-88.31712,40.92103],[-88.317878,40.92102],[-88.31795,40.92102],[-88.31822,40.92102],[-88.31848,40.92101],[-88.31888,40.92101],[-88.32076,40.92098],[-88.32106,40.92098],[-88.321675,40.92098],[-88.32173,40.92098],[-88.32352,40.920954],[-88.32383,40.92095],[-88.324136,40.92095],[-88.32441,40.92095],[-88.32531,40.92093],[-88.325415,40.920928],[-88.32783,40.92089],[-88.329253,40.920878],[-88.33041,40.92087],[-88.330533,40.920868],[-88.33205,40.92084],[-88.332432,40.920834],[-88.3334,40.92082],[-88.33418,40.92082],[-88.335,40.9208],[-88.33719,40.92077],[-88.33813,40.920759],[-88.33984,40.92074],[-88.33994,40.92073],[-88.34003,40.92073],[-88.34013,40.92072],[-88.34068,40.92072],[-88.341009,40.920713],[-88.34119,40.92071],[-88.3428,40.92071],[-88.34351,40.9207],[-88.34395,40.9207],[-88.34421,40.9207],[-88.344931,40.920688],[-88.34542,40.92068],[-88.34651,40.92067],[-88.347388,40.92067],[-88.3474,40.92067],[-88.34784,40.92066],[-88.34884,40.92065],[-88.34943,40.92064],[-88.35007,40.92064],[-88.35074,40.92062],[-88.35305,40.9206],[-88.35384,40.9206],[-88.35466,40.92058],[-88.354762,40.920578],[-88.35634,40.92056],[-88.35703,40.92056],[-88.35722,40.92055],[-88.35725,40.92155],[-88.35725,40.92187],[-88.35729,40.92272],[-88.357299,40.923247],[-88.3573,40.92331],[-88.35731,40.92352],[-88.35734,40.92505],[-88.35741,40.92702],[-88.35741,40.92736],[-88.35744,40.92817],[-88.35745,40.9288],[-88.35748,40.92955],[-88.35754,40.93145],[-88.35757,40.93279],[-88.35758,40.93307],[-88.35759,40.93378],[-88.35762,40.93437],[-88.35764,40.9351],[-88.35797,40.9351],[-88.35893,40.93508],[-88.35978,40.93507],[-88.36251,40.93503],[-88.36448,40.93501],[-88.36483,40.935],[-88.36556,40.935],[-88.36592,40.93499],[-88.36686,40.93499],[-88.36899,40.93495],[-88.37042,40.93494],[-88.37145,40.93492],[-88.37257,40.93491],[-88.37427,40.93488],[-88.3749,40.93488],[-88.37662,40.93486],[-88.37679,40.93486],[-88.37995,40.93481],[-88.38356,40.93478],[-88.383762,40.934777],[-88.38483,40.93476],[-88.38557,40.93476],[-88.38568,40.93476],[-88.386509,40.934752],[-88.38678,40.93475],[-88.3879,40.934732],[-88.38806,40.93473],[-88.38877,40.93473],[-88.39002,40.93471],[-88.39183,40.93469],[-88.392073,40.93469],[-88.39257,40.93469],[-88.393465,40.934681],[-88.39361,40.93468],[-88.393952,40.93468],[-88.39453,40.93468],[-88.395413,40.934656],[-88.39564,40.93465],[-88.3959,40.93465],[-88.39652,40.93465],[-88.39834,40.93463],[-88.39953,40.93461],[-88.399753,40.934607],[-88.40051,40.9346],[-88.4022,40.93459],[-88.40371,40.93457],[-88.40461,40.93457],[-88.40628,40.93455],[-88.40784,40.93454],[-88.41027,40.93451],[-88.411315,40.934502],[-88.41164,40.9345],[-88.41358,40.93448],[-88.41517,40.93447],[-88.41559,40.93446],[-88.41667,40.93446],[-88.418995,40.934431],[-88.41911,40.93443],[-88.42047,40.93442],[-88.42114,40.93441],[-88.42503,40.93437],[-88.42595,40.93437],[-88.42788,40.93436],[-88.42922,40.93434],[-88.42951,40.93434],[-88.430474,40.934332],[-88.43084,40.93433],[-88.43358,40.9343],[-88.43392,40.9343],[-88.4343,40.93429],[-88.45334,40.93417],[-88.4534,40.93433],[-88.45348,40.93457],[-88.45352,40.93476],[-88.45354,40.93492],[-88.45354,40.93596],[-88.45358,40.93732],[-88.45358,40.93802],[-88.45361,40.93907],[-88.45363,40.94007],[-88.45363,40.94115],[-88.45365,40.941792],[-88.45366,40.94209],[-88.45372,40.94621],[-88.45373,40.94657],[-88.453739,40.946958],[-88.45378,40.94868],[-88.45405,40.94868],[-88.45495,40.94867],[-88.455687,40.948654],[-88.4559,40.94865],[-88.4582,40.94861],[-88.4608,40.94856],[-88.46105,40.94855],[-88.461411,40.948544],[-88.46173,40.94854],[-88.463319,40.948497],[-88.464958,40.947223],[-88.467039,40.945607],[-88.469915,40.943451],[-88.471577,40.942206],[-88.472061,40.94184],[-88.473513,40.940741],[-88.473998,40.940376],[-88.4758,40.939032],[-88.481209,40.934999],[-88.483012,40.933656],[-88.484588,40.932467],[-88.488594,40.929447],[-88.48931,40.92889],[-88.49087,40.927679],[-88.493025,40.925972],[-88.494642,40.924693],[-88.499491,40.920853],[-88.499882,40.920545],[-88.501616,40.919109],[-88.50168,40.919108],[-88.501875,40.919107],[-88.50194,40.919107],[-88.502046,40.919364],[-88.502229,40.919757],[-88.502406,40.919931],[-88.502672,40.920147],[-88.502906,40.920254],[-88.503317,40.920313],[-88.503749,40.920375],[-88.503923,40.920417],[-88.504216,40.920567],[-88.504365,40.920752],[-88.504779,40.921065],[-88.505076,40.921458],[-88.505312,40.92163],[-88.505402,40.921761],[-88.505403,40.921783],[-88.506081,40.922301],[-88.506344,40.92243],[-88.506548,40.922472],[-88.506636,40.922515],[-88.506755,40.922645],[-88.507106,40.922838],[-88.507198,40.923057],[-88.507551,40.923272],[-88.507652,40.923282],[-88.50813,40.923265],[-88.508159,40.923264],[-88.508364,40.92335],[-88.50868,40.923257],[-88.508964,40.923314],[-88.510069,40.923287],[-88.51008,40.9237],[-88.51011,40.92495],[-88.510126,40.925313],[-88.51015,40.92584],[-88.51017,40.92668],[-88.51032,40.93113],[-88.510324,40.931392],[-88.51035,40.93309],[-88.51034,40.93342],[-88.51203,40.9334],[-88.512202,40.933396],[-88.512869,40.933381],[-88.51337,40.93337],[-88.51577,40.93334],[-88.51744,40.93334],[-88.517788,40.933332],[-88.51927,40.9333],[-88.51965,40.9333],[-88.519968,40.933292],[-88.520922,40.933271],[-88.52099,40.93327],[-88.52124,40.93329],[-88.52131,40.933279],[-88.521525,40.933267],[-88.521597,40.933264],[-88.523196,40.931544],[-88.524717,40.92991],[-88.527995,40.926385],[-88.528596,40.925739],[-88.529581,40.924653],[-88.530674,40.923452],[-88.533956,40.919848],[-88.535051,40.918648],[-88.53546,40.91864],[-88.53574,40.91863],[-88.537758,40.918602],[-88.53868,40.91859],[-88.54115,40.91854],[-88.54151,40.91853],[-88.5436,40.9185],[-88.545882,40.918457],[-88.54842,40.91841],[-88.54859,40.91841],[-88.5486,40.91855],[-88.54862,40.919239],[-88.548695,40.921729],[-88.54872,40.92256],[-88.54873,40.92325],[-88.54875,40.92364],[-88.54875,40.92372],[-88.548774,40.924629],[-88.54881,40.92597],[-88.54883,40.9265],[-88.54885,40.92759],[-88.54889,40.9286],[-88.54889,40.92879],[-88.548893,40.928868],[-88.5489,40.92904],[-88.5489,40.92923],[-88.54892,40.92988],[-88.54894,40.930839],[-88.548944,40.931007],[-88.54897,40.93225],[-88.54899,40.93291],[-88.546984,40.932942],[-88.54649,40.93295],[-88.54593,40.932954],[-88.54503,40.93296],[-88.54112,40.93302],[-88.540966,40.933021],[-88.53931,40.93304],[-88.53896,40.93304],[-88.53897,40.93321],[-88.538959,40.933757],[-88.53895,40.93423],[-88.53895,40.93528],[-88.538945,40.935911],[-88.53894,40.93663],[-88.53892,40.9375],[-88.53892,40.937821],[-88.53892,40.9382],[-88.53889,40.93983],[-88.538874,40.941397],[-88.53887,40.94184],[-88.53887,40.94259],[-88.53887,40.94296],[-88.53886,40.943586],[-88.53886,40.9436],[-88.53884,40.94435],[-88.53882,40.94583],[-88.53882,40.9465],[-88.53882,40.946574],[-88.53883,40.94739],[-88.53881,40.94757],[-88.538859,40.947568],[-88.539009,40.947566],[-88.539059,40.947566],[-88.539103,40.946445],[-88.539358,40.946222],[-88.539538,40.945824],[-88.539692,40.945602],[-88.539835,40.945513],[-88.539921,40.945489],[-88.540038,40.945505],[-88.540598,40.945942],[-88.540804,40.946071],[-88.541008,40.946134],[-88.541225,40.946121],[-88.541929,40.945914],[-88.542305,40.945837],[-88.542448,40.945808],[-88.543343,40.945643],[-88.543719,40.945638],[-88.545218,40.945332],[-88.545564,40.94524],[-88.545736,40.945149],[-88.546062,40.944881],[-88.546359,40.944592],[-88.5465,40.944392],[-88.546637,40.944061],[-88.546746,40.943751],[-88.546845,40.943684],[-88.547146,40.943526],[-88.547632,40.943234],[-88.548122,40.94314],[-88.548238,40.943139],[-88.548731,40.943198],[-88.549081,40.943281],[-88.549289,40.943454],[-88.54932,40.943564],[-88.549272,40.943724],[-88.549365,40.944267],[-88.549427,40.944441],[-88.549603,40.944571],[-88.549635,40.944658],[-88.549844,40.944941],[-88.550169,40.945245],[-88.550433,40.945373],[-88.550782,40.945456],[-88.550929,40.945543],[-88.551489,40.945975],[-88.55185,40.945893],[-88.552008,40.945836],[-88.552182,40.945811],[-88.552439,40.945676],[-88.552523,40.945587],[-88.552959,40.945604],[-88.553074,40.945558],[-88.553246,40.945512],[-88.55342,40.945498],[-88.553651,40.945506],[-88.553912,40.945481],[-88.554055,40.945413],[-88.554226,40.945279],[-88.55448,40.945034],[-88.554621,40.944935],[-88.554737,40.944855],[-88.554881,40.944808],[-88.554968,40.944807],[-88.555243,40.944837],[-88.555374,40.944869],[-88.555521,40.944932],[-88.555609,40.944997],[-88.555756,40.945062],[-88.556119,40.945112],[-88.556365,40.945097],[-88.556595,40.94505],[-88.55691,40.944892],[-88.557226,40.944756],[-88.557602,40.944707],[-88.558093,40.9447],[-88.55841,40.94463],[-88.558753,40.944428],[-88.558895,40.944294],[-88.559062,40.944006],[-88.559146,40.943895],[-88.559146,40.943874],[-88.559276,40.943861],[-88.559406,40.943826],[-88.560611,40.94383],[-88.560709,40.943831],[-88.562186,40.943811],[-88.562274,40.943832],[-88.562591,40.943805],[-88.563027,40.943844],[-88.563289,40.943928],[-88.563437,40.944036],[-88.563526,40.944145],[-88.563558,40.944298],[-88.563561,40.944408],[-88.563506,40.944519],[-88.563508,40.944585],[-88.563468,40.94475],[-88.563572,40.945509],[-88.56366,40.946143],[-88.563748,40.946207],[-88.564042,40.946357],[-88.564216,40.946399],[-88.564332,40.946398],[-88.56442,40.946441],[-88.564906,40.946193],[-88.565093,40.946044],[-88.565503,40.945722],[-88.565844,40.945411],[-88.566044,40.945276],[-88.566303,40.945229],[-88.566521,40.945236],[-88.567118,40.945372],[-88.567153,40.945378],[-88.567438,40.945433],[-88.567858,40.945438],[-88.567931,40.945421],[-88.567932,40.945791],[-88.567935,40.946901],[-88.567937,40.947272],[-88.5686,40.94726],[-88.569691,40.947226],[-88.57415,40.94709],[-88.574955,40.94706],[-88.57632,40.94701],[-88.57671,40.94701],[-88.576824,40.94701],[-88.57691,40.94701],[-88.57702,40.94704],[-88.57715,40.947102],[-88.577254,40.947152],[-88.577307,40.947177],[-88.577466,40.947254],[-88.57752,40.94728],[-88.578334,40.947273],[-88.580131,40.947258],[-88.580751,40.947252],[-88.580777,40.947251],[-88.581592,40.947244],[-88.582136,40.947245],[-88.583651,40.947248],[-88.58377,40.947248],[-88.584315,40.947249],[-88.584638,40.94725],[-88.585607,40.947256],[-88.58593,40.947258],[-88.58593,40.947298],[-88.58593,40.947421],[-88.58593,40.947462],[-88.58593,40.947622],[-88.58593,40.948102],[-88.58593,40.948262],[-88.58593,40.94855],[-88.58591,40.94927],[-88.585916,40.95061],[-88.58592,40.95127],[-88.58591,40.95279],[-88.58588,40.95595],[-88.585872,40.957654],[-88.585861,40.960003],[-88.58586,40.96011],[-88.58586,40.9603],[-88.58586,40.96031],[-88.58586,40.961192],[-88.58586,40.96149],[-88.58762,40.96149],[-88.58938,40.96146],[-88.589728,40.961455],[-88.5917,40.96143],[-88.59571,40.96137],[-88.59707,40.96134],[-88.5983,40.96132],[-88.5992,40.9613],[-88.601331,40.961271],[-88.60144,40.96127],[-88.60197,40.96127],[-88.60364,40.96125],[-88.6052,40.96122],[-88.605268,40.96122],[-88.605475,40.961221],[-88.605544,40.961222],[-88.606281,40.961227],[-88.60669,40.96123],[-88.608491,40.961206],[-88.60897,40.9612],[-88.609229,40.961199],[-88.612307,40.96119],[-88.61232,40.96119],[-88.6146,40.96119],[-88.61671,40.96118],[-88.61841,40.96118],[-88.62042,40.96116],[-88.621541,40.961156],[-88.62387,40.96115],[-88.62462,40.96114],[-88.624772,40.961137],[-88.625231,40.96113],[-88.62526,40.96113],[-88.625384,40.96113],[-88.62635,40.96113],[-88.62776,40.96112],[-88.62855,40.96112],[-88.629051,40.961117],[-88.63085,40.96111],[-88.632901,40.961093],[-88.6334,40.96109],[-88.63388,40.96108],[-88.63838,40.96106],[-88.640052,40.961049],[-88.6431,40.96103],[-88.64372,40.96102],[-88.64483,40.961011],[-88.64816,40.960988],[-88.649271,40.96098],[-88.65049,40.960971],[-88.652,40.960959],[-88.66019,40.960899],[-88.66292,40.96088],[-88.66292,40.963134],[-88.66292,40.96351],[-88.66291,40.96713],[-88.662917,40.969897],[-88.66292,40.97072],[-88.66292,40.972152],[-88.66292,40.972258],[-88.66292,40.972579],[-88.66292,40.972686],[-88.663019,40.972667],[-88.66308,40.972659],[-88.663113,40.972651],[-88.6635,40.972588],[-88.663584,40.972568],[-88.664011,40.972481],[-88.66504,40.97247],[-88.665312,40.97243],[-88.665478,40.972407],[-88.665605,40.972377],[-88.666155,40.972267],[-88.666756,40.972086],[-88.66714,40.971806],[-88.66735,40.971625],[-88.667387,40.971603],[-88.667647,40.971518],[-88.667684,40.97151],[-88.66772,40.971493],[-88.667749,40.971468],[-88.66793,40.971263],[-88.66801,40.971186],[-88.668155,40.970856],[-88.66814,40.970049],[-88.66814,40.969846],[-88.668173,40.96969],[-88.668184,40.96967],[-88.668195,40.969624],[-88.668256,40.969445],[-88.668524,40.968968],[-88.668807,40.968729],[-88.66893,40.968594],[-88.669061,40.968474],[-88.669126,40.968424],[-88.669162,40.968402],[-88.669329,40.968364],[-88.66935,40.968353],[-88.669372,40.968334],[-88.669492,40.968188],[-88.669698,40.968018],[-88.669752,40.967757],[-88.669749,40.967738],[-88.669724,40.967715],[-88.669611,40.967609],[-88.669329,40.967381],[-88.669202,40.967156],[-88.669191,40.967129],[-88.66922,40.96709],[-88.669228,40.967068],[-88.669249,40.967041],[-88.669256,40.967019],[-88.669372,40.96686],[-88.669351,40.966744],[-88.669199,40.966646],[-88.66913,40.966525],[-88.669119,40.966497],[-88.669097,40.96647],[-88.669076,40.966322],[-88.669079,40.966253],[-88.669262,40.965722],[-88.669373,40.965399],[-88.669395,40.965355],[-88.669467,40.965268],[-88.669532,40.965136],[-88.669431,40.964751],[-88.669435,40.96443],[-88.669598,40.964126],[-88.66967,40.96401],[-88.669692,40.963988],[-88.669728,40.963928],[-88.66975,40.963906],[-88.669793,40.963835],[-88.669815,40.963813],[-88.669837,40.963774],[-88.669858,40.963752],[-88.669938,40.963719],[-88.669967,40.963714],[-88.670032,40.963686],[-88.670134,40.96367],[-88.670167,40.963647],[-88.670206,40.963549],[-88.670228,40.963511],[-88.670293,40.963428],[-88.670445,40.963214],[-88.670539,40.963127],[-88.670554,40.963117],[-88.670576,40.963105],[-88.670757,40.963047],[-88.670793,40.963039],[-88.670829,40.963022],[-88.671372,40.962451],[-88.671706,40.962224],[-88.671821,40.962094],[-88.672278,40.961546],[-88.6723,40.961529],[-88.672477,40.961419],[-88.672814,40.961233],[-88.672915,40.961183],[-88.67298,40.961161],[-88.673009,40.961145],[-88.673089,40.961117],[-88.673118,40.961101],[-88.673154,40.96109],[-88.673382,40.961093],[-88.673994,40.961238],[-88.674679,40.961263],[-88.675153,40.961398],[-88.675182,40.961403],[-88.676152,40.96187],[-88.676246,40.961919],[-88.676333,40.961941],[-88.677267,40.962145],[-88.678593,40.962167],[-88.679112,40.962181],[-88.679683,40.962197],[-88.680157,40.962304],[-88.680311,40.962333],[-88.680696,40.962395],[-88.680729,40.962403],[-88.681895,40.962392],[-88.682069,40.962403],[-88.682258,40.962405],[-88.68226,40.962063],[-88.682267,40.961041],[-88.68227,40.9607],[-88.68329,40.9607],[-88.683523,40.960698],[-88.69084,40.96066],[-88.69704,40.96065],[-88.699638,40.960658],[-88.7003,40.96066],[-88.70073,40.96067],[-88.70087,40.96067],[-88.70088,40.959718],[-88.70095,40.95335],[-88.70096,40.95266],[-88.700962,40.952393],[-88.700986,40.949525],[-88.70099,40.9491],[-88.70099,40.948569],[-88.70099,40.94815],[-88.70102,40.94633],[-88.70102,40.9461],[-88.70102,40.94606],[-88.70103,40.94552],[-88.70105,40.94129],[-88.7011,40.93513],[-88.70111,40.93475],[-88.70111,40.9344],[-88.701112,40.934214],[-88.701113,40.934137],[-88.701208,40.934169],[-88.701384,40.934221],[-88.701524,40.934242],[-88.702042,40.934295],[-88.702135,40.93431],[-88.702277,40.934322],[-88.702753,40.934342],[-88.702988,40.934366],[-88.703503,40.934439],[-88.703598,40.934445],[-88.703786,40.934468],[-88.703929,40.934465],[-88.704167,40.934452],[-88.704309,40.934457],[-88.704401,40.934466],[-88.704449,40.934465],[-88.704541,40.934478],[-88.704722,40.934518],[-88.704807,40.934549],[-88.704854,40.934555],[-88.705044,40.934554],[-88.705139,40.934558],[-88.705281,40.934553],[-88.705471,40.93454],[-88.705517,40.93453],[-88.705649,40.934489],[-88.705735,40.934458],[-88.705774,40.934438],[-88.706076,40.934335],[-88.706252,40.934283],[-88.70634,40.934255],[-88.706478,40.934232],[-88.706759,40.9342],[-88.706902,40.934196],[-88.707138,40.934211],[-88.707278,40.934234],[-88.707407,40.93428],[-88.707437,40.934307],[-88.707516,40.934397],[-88.707839,40.934748],[-88.707899,40.934804],[-88.707977,40.934842],[-88.708264,40.934961],[-88.708472,40.93504],[-88.708517,40.935052],[-88.708602,40.935085],[-88.708639,40.935106],[-88.708769,40.935209],[-88.708839,40.935301],[-88.708871,40.935328],[-88.708943,40.935419],[-88.709016,40.935548],[-88.70902,40.935583],[-88.709008,40.935654],[-88.708984,40.935722],[-88.708967,40.935755],[-88.708894,40.935961],[-88.708867,40.936066],[-88.708862,40.936102],[-88.708861,40.936173],[-88.708855,40.936208],[-88.708864,40.936279],[-88.708893,40.936346],[-88.708988,40.936468],[-88.709052,40.936563],[-88.709209,40.936697],[-88.709247,40.936718],[-88.709431,40.936758],[-88.709598,40.93678],[-88.709643,40.936769],[-88.709736,40.936754],[-88.709817,40.936717],[-88.709927,40.936648],[-88.710017,40.936567],[-88.710136,40.936414],[-88.710155,40.936382],[-88.710251,40.936304],[-88.710404,40.93622],[-88.710642,40.9361],[-88.710727,40.936069],[-88.711039,40.935982],[-88.711385,40.935867],[-88.711662,40.935813],[-88.7119,40.935809],[-88.711995,40.935811],[-88.71209,40.935818],[-88.71237,40.935864],[-88.712551,40.935906],[-88.712636,40.935937],[-88.712719,40.935973],[-88.71275,40.935999],[-88.712804,40.936056],[-88.712824,40.936089],[-88.712837,40.936123],[-88.712847,40.936193],[-88.712838,40.936262],[-88.712762,40.936391],[-88.712706,40.936449],[-88.712659,40.936511],[-88.71263,40.936579],[-88.712609,40.936648],[-88.712596,40.936754],[-88.712597,40.93679],[-88.712612,40.936823],[-88.712643,40.936926],[-88.712649,40.936961],[-88.712679,40.937065],[-88.712741,40.93716],[-88.712788,40.937221],[-88.712827,40.937285],[-88.712851,40.937353],[-88.712857,40.937387],[-88.712817,40.937451],[-88.712557,40.937657],[-88.712501,40.937714],[-88.712335,40.937928],[-88.712097,40.938316],[-88.712062,40.938382],[-88.712002,40.938479],[-88.711958,40.938616],[-88.711958,40.938687],[-88.711953,40.938722],[-88.71196,40.938864],[-88.71199,40.938931],[-88.712067,40.939021],[-88.712355,40.939256],[-88.71257,40.939397],[-88.712879,40.939564],[-88.712959,40.939602],[-88.713166,40.939689],[-88.713284,40.939749],[-88.713589,40.93985],[-88.71363,40.939868],[-88.7138,40.939991],[-88.713857,40.940048],[-88.713927,40.940141],[-88.713972,40.940241],[-88.713988,40.940311],[-88.713977,40.940345],[-88.713896,40.940473],[-88.713821,40.940603],[-88.713739,40.940728],[-88.713677,40.940782],[-88.71344,40.940952],[-88.713402,40.940974],[-88.713241,40.941048],[-88.713127,40.941111],[-88.713023,40.941182],[-88.712948,40.941272],[-88.712929,40.941304],[-88.712772,40.941635],[-88.71273,40.941698],[-88.712699,40.941764],[-88.71261,40.941926],[-88.712586,40.941956],[-88.712531,40.942051],[-88.712528,40.942121],[-88.712536,40.942226],[-88.712595,40.942321],[-88.712623,40.94235],[-88.712693,40.942399],[-88.712732,40.942419],[-88.712775,40.942433],[-88.712914,40.942459],[-88.713055,40.942474],[-88.713197,40.942479],[-88.713245,40.942476],[-88.713665,40.942412],[-88.713807,40.942396],[-88.713902,40.942397],[-88.713949,40.942403],[-88.714039,40.942427],[-88.714078,40.942448],[-88.714139,40.942503],[-88.71419,40.942563],[-88.714228,40.942628],[-88.714242,40.942662],[-88.71423,40.942839],[-88.7142,40.94298],[-88.714188,40.943086],[-88.714185,40.943298],[-88.714192,40.943404],[-88.714207,40.943475],[-88.714233,40.943543],[-88.71424,40.943578],[-88.714282,40.943642],[-88.714368,40.943726],[-88.714491,40.943835],[-88.714546,40.943893],[-88.714563,40.943926],[-88.7146,40.943948],[-88.714644,40.943963],[-88.714917,40.944022],[-88.715058,40.944037],[-88.715248,40.944044],[-88.715343,40.944039],[-88.715577,40.944004],[-88.716131,40.943906],[-88.716354,40.943844],[-88.716395,40.943827],[-88.716666,40.943762],[-88.716713,40.943755],[-88.716808,40.943754],[-88.716951,40.94376],[-88.717043,40.943777],[-88.717496,40.943885],[-88.717761,40.943963],[-88.717807,40.943969],[-88.71799,40.944009],[-88.718037,40.94401],[-88.718084,40.944004],[-88.718175,40.943983],[-88.718218,40.943968],[-88.718463,40.943857],[-88.7185,40.943834],[-88.718597,40.943756],[-88.718686,40.943673],[-88.718709,40.943642],[-88.718724,40.943608],[-88.71874,40.943502],[-88.718739,40.943466],[-88.718725,40.943395],[-88.718722,40.943335],[-88.718812,40.943309],[-88.718906,40.943297],[-88.719288,40.943276],[-88.719718,40.943284],[-88.719907,40.943309],[-88.720034,40.943358],[-88.720071,40.94338],[-88.720137,40.943432],[-88.720218,40.943521],[-88.720384,40.943817],[-88.720549,40.944034],[-88.720604,40.944093],[-88.720954,40.944431],[-88.721019,40.944484],[-88.721359,40.944734],[-88.721842,40.945026],[-88.721962,40.945115],[-88.722045,40.945176],[-88.722144,40.945254],[-88.722509,40.945584],[-88.722573,40.945637],[-88.722792,40.945775],[-88.723234,40.946074],[-88.723253,40.946087],[-88.723652,40.946283],[-88.723829,40.946403],[-88.724086,40.946614],[-88.724196,40.946731],[-88.724274,40.946821],[-88.724385,40.946978],[-88.724447,40.947075],[-88.724495,40.947136],[-88.724527,40.947204],[-88.724673,40.947466],[-88.724704,40.947607],[-88.724744,40.947855],[-88.724746,40.948318],[-88.724741,40.948388],[-88.724722,40.948494],[-88.72471,40.948529],[-88.724681,40.948778],[-88.724589,40.949055],[-88.724482,40.949291],[-88.724439,40.94943],[-88.724415,40.949678],[-88.724433,40.94982],[-88.724432,40.949998],[-88.724398,40.950211],[-88.724347,40.950385],[-88.724304,40.95056],[-88.724292,40.950667],[-88.72421,40.951054],[-88.724136,40.951333],[-88.72414,40.951547],[-88.724155,40.951689],[-88.724164,40.951736],[-88.724201,40.951802],[-88.724268,40.951896],[-88.724325,40.951954],[-88.724477,40.952135],[-88.724566,40.952219],[-88.724665,40.952296],[-88.724702,40.952319],[-88.724782,40.952358],[-88.724958,40.952413],[-88.725001,40.95243],[-88.72509,40.952456],[-88.725362,40.952525],[-88.725455,40.952541],[-88.725933,40.952553],[-88.726364,40.952559],[-88.727319,40.952603],[-88.727776,40.952631],[-88.728319,40.952665],[-88.728651,40.952699],[-88.729123,40.952759],[-88.729169,40.952769],[-88.729393,40.952832],[-88.729606,40.952913],[-88.729838,40.953039],[-88.729946,40.953109],[-88.730248,40.953337],[-88.730561,40.953606],[-88.730727,40.953735],[-88.730844,40.953796],[-88.730881,40.953819],[-88.730947,40.95387],[-88.731061,40.953935],[-88.731129,40.953986],[-88.73122,40.954067],[-88.731329,40.954126],[-88.73142,40.954175],[-88.73153,40.954234],[-88.731652,40.95429],[-88.731703,40.954309],[-88.73178,40.954339],[-88.731802,40.954344],[-88.732007,40.954395],[-88.732243,40.954428],[-88.732807,40.954509],[-88.733367,40.954601],[-88.733572,40.954655],[-88.733818,40.954721],[-88.734002,40.954787],[-88.734097,40.954821],[-88.734162,40.954845],[-88.734241,40.954885],[-88.734364,40.954963],[-88.73445,40.955018],[-88.734513,40.954948],[-88.734577,40.954878],[-88.73476,40.954676],[-88.73515,40.95425],[-88.7354,40.95402],[-88.73559,40.95389],[-88.735788,40.953765],[-88.73594,40.95367],[-88.73619,40.95354],[-88.73659,40.95338],[-88.736799,40.95331],[-88.73689,40.95328],[-88.73717,40.9532],[-88.73734,40.95316],[-88.73745,40.95314],[-88.737761,40.953097],[-88.73781,40.95309],[-88.73811,40.95306],[-88.73814,40.95306],[-88.73841,40.95305],[-88.738728,40.953045],[-88.73919,40.95304],[-88.73938,40.95303],[-88.73952,40.953028],[-88.739943,40.953022],[-88.740084,40.953021],[-88.74017,40.95302],[-88.740763,40.953015],[-88.742802,40.953002],[-88.74312,40.953],[-88.743312,40.953],[-88.743397,40.953],[-88.743482,40.953],[-88.743567,40.953],[-88.743651,40.953],[-88.743824,40.953],[-88.74391,40.953],[-88.74418,40.95299],[-88.74446,40.95299],[-88.746313,40.952963],[-88.74937,40.95292],[-88.75213,40.95289],[-88.753525,40.952871],[-88.75593,40.95284],[-88.75809,40.95282],[-88.75853,40.95281],[-88.76064,40.95278],[-88.76233,40.95275],[-88.76526,40.9527],[-88.76892,40.95263],[-88.77033,40.95261],[-88.77201,40.95257],[-88.77271,40.95255],[-88.77328,40.95251],[-88.77426,40.95246],[-88.7751,40.95243],[-88.77656,40.9524],[-88.77762,40.95239],[-88.77762,40.95244],[-88.77762,40.95282],[-88.77759,40.95477],[-88.77758,40.95774],[-88.77755,40.95954],[-88.77752,40.96007],[-88.77747,40.96026],[-88.77737,40.96043],[-88.77722,40.96056],[-88.77668,40.96088],[-88.77632,40.96112],[-88.77579,40.96154],[-88.77542,40.96177],[-88.77521,40.96192],[-88.77508,40.9621],[-88.77499,40.96229],[-88.77498,40.96232],[-88.77467,40.96337],[-88.7745,40.96412],[-88.77447,40.96452],[-88.77441,40.96622],[-88.7744,40.9668],[-88.77441,40.96713],[-88.77469,40.96712],[-88.774994,40.967113],[-88.776748,40.967073],[-88.77689,40.96707],[-88.77709,40.96705],[-88.7773,40.96706],[-88.77733,40.96707],[-88.77741,40.9671],[-88.77746,40.96718],[-88.77747,40.96734],[-88.777461,40.967763],[-88.77745,40.96829],[-88.77744,40.96917],[-88.77744,40.970056],[-88.77744,40.97035],[-88.77742,40.97082],[-88.77742,40.97088],[-88.77738,40.97106],[-88.777201,40.971612],[-88.77717,40.97171],[-88.77701,40.97224],[-88.77693,40.97248],[-88.77685,40.97266],[-88.77674,40.97287],[-88.77651,40.97325],[-88.77632,40.9737],[-88.77626,40.97383],[-88.776228,40.973875],[-88.77617,40.97396],[-88.77607,40.97408],[-88.77587,40.97422],[-88.77561,40.97441],[-88.775754,40.974407],[-88.776185,40.9744],[-88.77633,40.974398],[-88.77677,40.97439],[-88.7789,40.97437],[-88.78005,40.97437],[-88.78087,40.97437],[-88.78497,40.97435],[-88.78684,40.97435],[-88.7868,40.97596],[-88.78676,40.9783],[-88.78672,40.9803],[-88.78671,40.98142],[-88.78669,40.98174],[-88.78666,40.98185],[-88.78662,40.98196],[-88.7865,40.98215],[-88.7864,40.98229],[-88.78635,40.98239],[-88.78633,40.98248],[-88.78632,40.98262],[-88.78634,40.98285],[-88.78634,40.9829],[-88.78638,40.983],[-88.78655,40.98328],[-88.78661,40.9834],[-88.78664,40.98353],[-88.78666,40.98372],[-88.78664,40.98438],[-88.78662,40.98533],[-88.78663,40.98558],[-88.78666,40.98565],[-88.78673,40.98575],[-88.78706,40.98609],[-88.787247,40.986271],[-88.787285,40.986305],[-88.787317,40.986338],[-88.787326,40.986346],[-88.78735,40.98637],[-88.78746,40.98638],[-88.787491,40.986376],[-88.78755,40.98637],[-88.78767,40.98621],[-88.78777,40.98616],[-88.78788,40.98613],[-88.78797,40.98612],[-88.78853,40.98612],[-88.78887,40.9861],[-88.78903,40.98608],[-88.78918,40.98603],[-88.78933,40.98597],[-88.78971,40.98574],[-88.78986,40.98561],[-88.78993,40.98554],[-88.790053,40.985297],[-88.79012,40.98524],[-88.79018,40.98521],[-88.79037,40.98517],[-88.79067,40.98515],[-88.79084,40.98513],[-88.79089,40.98515],[-88.79093,40.98517],[-88.79124,40.98521],[-88.79147,40.98522],[-88.79339,40.9852],[-88.79501,40.98519],[-88.798744,40.985175],[-88.801657,40.985165],[-88.802577,40.985161],[-88.805338,40.985151],[-88.80561,40.98515],[-88.806259,40.98515],[-88.806217,40.97424],[-88.80658,40.97424],[-88.80815,40.97422],[-88.80865,40.97422],[-88.81117,40.9742],[-88.81418,40.97418],[-88.81492,40.97417],[-88.81557,40.97417],[-88.81576,40.97416],[-88.81576,40.97408],[-88.81666,40.97405],[-88.8171,40.97403],[-88.81749,40.97402],[-88.81762,40.97402],[-88.81861,40.97398],[-88.81965,40.97395],[-88.82074,40.97391],[-88.82195,40.97387],[-88.82375,40.9738],[-88.824844,40.973771],[-88.82525,40.97376],[-88.825868,40.973737],[-88.8285,40.97364],[-88.828943,40.973623],[-88.82905,40.97362],[-88.829968,40.973594],[-88.83081,40.97357],[-88.830964,40.973564],[-88.83239,40.97351],[-88.83381,40.97347],[-88.833953,40.973464],[-88.83495,40.97343],[-88.83518,40.97342],[-88.836079,40.973406],[-88.8391,40.97336],[-88.839466,40.973349],[-88.83983,40.97334],[-88.840596,40.973328],[-88.841729,40.97331],[-88.84437,40.97327],[-88.845128,40.973254],[-88.84584,40.97324],[-88.846262,40.973228],[-88.846416,40.973223],[-88.84656,40.97322],[-88.846878,40.973212],[-88.847033,40.973209],[-88.847036,40.973187],[-88.847116,40.973072],[-88.847123,40.97305],[-88.847188,40.972957],[-88.847195,40.972935],[-88.84726,40.972841],[-88.847441,40.972523],[-88.847709,40.972012],[-88.848042,40.971502],[-88.848396,40.970881],[-88.848469,40.970766],[-88.84849,40.970744],[-88.848517,40.9707],[-88.848584,40.970596],[-88.849286,40.969426],[-88.849359,40.969284],[-88.849424,40.969135],[-88.849391,40.968891],[-88.849398,40.968787],[-88.849413,40.968682],[-88.849402,40.968432],[-88.849427,40.96804],[-88.849416,40.96768],[-88.849346,40.966926],[-88.849285,40.966747],[-88.849216,40.966437],[-88.849197,40.966286],[-88.84915,40.966025],[-88.849132,40.965979],[-88.849121,40.965932],[-88.849103,40.965885],[-88.849052,40.965594],[-88.849052,40.96555],[-88.849038,40.965474],[-88.848929,40.965364],[-88.849008,40.964914],[-88.849023,40.964864],[-88.849167,40.964716],[-88.849497,40.964513],[-88.849667,40.964397],[-88.849779,40.964315],[-88.849812,40.964299],[-88.849986,40.964265],[-88.85021,40.964238],[-88.850471,40.964238],[-88.850568,40.964246],[-88.8508,40.964273],[-88.851188,40.96438],[-88.851389,40.964444],[-88.851753,40.964561],[-88.853614,40.965242],[-88.854027,40.965387],[-88.85411,40.965398],[-88.854146,40.965399],[-88.85415,40.96519],[-88.85415,40.96438],[-88.854154,40.964038],[-88.854208,40.959957],[-88.85421,40.95988],[-88.854233,40.958597],[-88.85425,40.95764],[-88.85426,40.95744],[-88.854267,40.957107],[-88.85431,40.9553],[-88.85435,40.95388],[-88.85438,40.95306],[-88.854391,40.952639],[-88.85443,40.95115],[-88.85581,40.95114],[-88.85736,40.95111],[-88.858282,40.951094],[-88.86036,40.95106],[-88.86691,40.95094],[-88.86719,40.95094],[-88.86963,40.95089],[-88.869839,40.950886],[-88.87243,40.95084],[-88.87316,40.9508],[-88.8735,40.95079],[-88.87369,40.95078],[-88.873689,40.950815],[-88.873687,40.95092],[-88.873687,40.950956],[-88.873658,40.952388],[-88.87365,40.95282],[-88.873558,40.956687],[-88.87355,40.95704],[-88.87353,40.95812],[-88.87492,40.9581],[-88.875857,40.958079],[-88.88033,40.95798],[-88.8807,40.95798],[-88.882841,40.957932],[-88.88338,40.95792],[-88.885169,40.957886],[-88.88601,40.95787],[-88.886681,40.957855],[-88.88871,40.95781],[-88.891217,40.957763],[-88.89142,40.95776],[-88.89273,40.95773],[-88.893063,40.957725],[-88.894063,40.957711],[-88.89421,40.95771],[-88.894397,40.957706],[-88.894475,40.957704],[-88.894712,40.9577],[-88.894791,40.957699],[-88.895802,40.957679],[-88.898838,40.95762],[-88.89985,40.957601],[-88.90042,40.95759],[-88.90068,40.95759],[-88.90124,40.957576],[-88.90192,40.95756],[-88.90234,40.95756],[-88.90325,40.95754],[-88.90541,40.957502],[-88.906801,40.957479],[-88.907868,40.95746],[-88.90846,40.95745],[-88.90949,40.95744],[-88.91092,40.95741],[-88.911072,40.957407],[-88.91214,40.95739],[-88.91213,40.95751],[-88.91212,40.95778],[-88.9121,40.95881],[-88.91209,40.9596],[-88.912072,40.960325],[-88.91206,40.96085],[-88.91198,40.96496],[-88.91195,40.9658],[-88.91193,40.96713],[-88.911884,40.969133],[-88.91188,40.96931],[-88.91187,40.97016],[-88.91183,40.97207],[-88.91209,40.97206],[-88.91266,40.97206],[-88.915,40.97204],[-88.91563,40.97203],[-88.915647,40.972029],[-88.91739,40.97202],[-88.91971,40.97199],[-88.92037,40.97199],[-88.92164,40.97198],[-88.92292,40.97196],[-88.92553,40.97194],[-88.927101,40.971924],[-88.92758,40.97192],[-88.92872,40.9719],[-88.93092,40.97189],[-88.930922,40.971827],[-88.930936,40.971584],[-88.930941,40.971504],[-88.930961,40.968619],[-88.931027,40.959972],[-88.93105,40.95709],[-88.931067,40.956257],[-88.931122,40.95376],[-88.93114,40.952929],[-88.931145,40.952794],[-88.931164,40.950875],[-88.93118,40.949617],[-88.931228,40.944716],[-88.931249,40.942663],[-88.931249,40.942595],[-88.93125,40.94249],[-88.931255,40.942392],[-88.931259,40.942325],[-88.931266,40.941447],[-88.931289,40.938813],[-88.931297,40.937936],[-88.931297,40.937842],[-88.931296,40.937827],[-88.931304,40.937502],[-88.931308,40.937395],[-88.931308,40.937329],[-88.93131,40.936998],[-88.931319,40.936192],[-88.931323,40.935807],[-88.931328,40.935412],[-88.931329,40.935334],[-88.93133,40.935256],[-88.931338,40.935021],[-88.931343,40.934793],[-88.931348,40.934641],[-88.931358,40.933255],[-88.931373,40.931377],[-88.931382,40.9291],[-88.93139,40.92774],[-88.93139,40.927717],[-88.931392,40.927436],[-88.931402,40.926599],[-88.931408,40.92632],[-88.931408,40.926156],[-88.931421,40.923708],[-88.931462,40.917086],[-88.931454,40.916469],[-88.931459,40.915875],[-88.931476,40.913606],[-88.931469,40.913458],[-88.9314,40.91328],[-88.931428,40.913198],[-88.93144,40.913128],[-88.931439,40.913043],[-88.931431,40.912981],[-88.931425,40.912929],[-88.931432,40.912034],[-88.931432,40.912021],[-88.93143,40.911719],[-88.93143,40.911669],[-88.931408,40.909121],[-88.931404,40.908597],[-88.931422,40.906935],[-88.931392,40.901326],[-88.93138,40.89873],[-88.93138,40.898584],[-88.93137,40.898174],[-88.931359,40.896872],[-88.931342,40.894799],[-88.931351,40.894005],[-88.931333,40.891406],[-88.931333,40.891307],[-88.931339,40.889452],[-88.93134,40.889248],[-88.931341,40.888399],[-88.931349,40.885237],[-88.931351,40.884689],[-88.931331,40.884251],[-88.93133,40.88419],[-88.931328,40.884028],[-88.931295,40.883523],[-88.931281,40.882757],[-88.931271,40.882146],[-88.931269,40.88126],[-88.931227,40.878476],[-88.931207,40.877049],[-88.931204,40.876968],[-88.931202,40.876729],[-88.931201,40.87665],[-88.9312,40.876628],[-88.9312,40.876562],[-88.9312,40.876541],[-88.931197,40.87636],[-88.931191,40.87582],[-88.93119,40.875657],[-88.931189,40.875641],[-88.931178,40.875007],[-88.931173,40.87497],[-88.931167,40.874433],[-88.93113,40.870807],[-88.93112,40.8696],[-88.931103,40.868316],[-88.931057,40.864471],[-88.931043,40.863214],[-88.931043,40.863191],[-88.931034,40.862357],[-88.931019,40.861832],[-88.931012,40.861557],[-88.93099,40.860485],[-88.93099,40.859047],[-88.930964,40.857728],[-88.930949,40.856656],[-88.930945,40.856348],[-88.930941,40.855086],[-88.93094,40.85506],[-88.93094,40.855023],[-88.930926,40.854673],[-88.930911,40.854255],[-88.93091,40.853624],[-88.93091,40.853275],[-88.930904,40.851735],[-88.930873,40.850714],[-88.930835,40.849447],[-88.930742,40.843031],[-88.930711,40.840846],[-88.93071,40.84048],[-88.931694,40.840452],[-88.933706,40.840426],[-88.937504,40.840378],[-88.937734,40.840371],[-88.941704,40.840314],[-88.942703,40.840296],[-88.945702,40.840247],[-88.949793,40.840188],[-88.949789,40.839694],[-88.949775,40.836268],[-88.949582,40.825682],[-88.950632,40.825669],[-88.951931,40.825655],[-88.953643,40.825623],[-88.953785,40.825619],[-88.954836,40.825594],[-88.955193,40.825585],[-88.955813,40.825572],[-88.956267,40.825566],[-88.956626,40.825563],[-88.95675,40.825562],[-88.957051,40.825553],[-88.957644,40.825538],[-88.958327,40.825525],[-88.958753,40.825518],[-88.958659,40.822769],[-88.958628,40.821835],[-88.96594,40.821731],[-88.96869,40.821693],[-88.968729,40.825334],[-88.973637,40.825229],[-88.975129,40.825207],[-88.975806,40.825189],[-88.977476,40.82516],[-88.978578,40.825131],[-88.978739,40.825127],[-88.978912,40.825122],[-88.982413,40.825058],[-88.988039,40.824946],[-88.988033,40.824898],[-88.98801,40.824826],[-88.987931,40.819805],[-88.987864,40.81798],[-88.987842,40.81779],[-88.987779,40.817499],[-88.987764,40.817144],[-88.987663,40.812505],[-88.987663,40.812117],[-88.987637,40.810393],[-88.98774,40.810348],[-88.98781,40.81039],[-88.990145,40.810352],[-88.991716,40.810322],[-88.992131,40.810315],[-88.996417,40.810255],[-89.000001,40.810199],[-89.000754,40.81019],[-89.001183,40.810185],[-89.001606,40.81018],[-89.005369,40.810127],[-89.006641,40.810105],[-89.007007,40.810094],[-89.007024,40.810679],[-89.007045,40.812027],[-89.007058,40.812501],[-89.007066,40.813003],[-89.007077,40.813657],[-89.007112,40.815337],[-89.007138,40.817125],[-89.0072,40.819844],[-89.007213,40.820469],[-89.007218,40.820733],[-89.007222,40.820981],[-89.007234,40.821733],[-89.007282,40.824644],[-89.007486,40.824629],[-89.008149,40.824612],[-89.01016,40.82457],[-89.01658,40.824438],[-89.016916,40.824431],[-89.017667,40.824405],[-89.018795,40.824375],[-89.021674,40.824299],[-89.021722,40.824194],[-89.02176,40.8231],[-89.022066,40.822279],[-89.022462,40.82187],[-89.023581,40.821529],[-89.023758,40.821362],[-89.023945,40.821188],[-89.023979,40.820527],[-89.023922,40.82023],[-89.023713,40.819821],[-89.023236,40.819456],[-89.022578,40.819092],[-89.022099,40.818728],[-89.02195,40.818499],[-89.021922,40.81809],[-89.022046,40.817816],[-89.022167,40.817634],[-89.023138,40.816769],[-89.023412,40.816359],[-89.023415,40.81579],[-89.023266,40.815585],[-89.022639,40.815038],[-89.021623,40.814424],[-89.020815,40.813832],[-89.020368,40.813308],[-89.019573,40.812628],[-89.017142,40.810552],[-89.016665,40.809959],[-89.0166,40.80987],[-89.017972,40.809836],[-89.022089,40.809735],[-89.0232,40.809708],[-89.023462,40.809695],[-89.0235,40.810029],[-89.023601,40.811034],[-89.023635,40.81137],[-89.024143,40.811371],[-89.025666,40.811376],[-89.026175,40.811378],[-89.026179,40.811628],[-89.026201,40.812506],[-89.026219,40.813939],[-89.026243,40.815728],[-89.026246,40.815965],[-89.026249,40.816201],[-89.026268,40.817715],[-89.026319,40.819546],[-89.026358,40.821367],[-89.026362,40.821623],[-89.026407,40.824185],[-89.026791,40.824175],[-89.028347,40.824151],[-89.02906,40.824141],[-89.030965,40.824115],[-89.032287,40.824089],[-89.033518,40.824067],[-89.034169,40.824057],[-89.035834,40.824034],[-89.03611,40.824028],[-89.03939,40.823948],[-89.045713,40.823833],[-89.045967,40.823826],[-89.046309,40.823784],[-89.04634,40.824994],[-89.046432,40.828144],[-89.046455,40.828961],[-89.046526,40.832335],[-89.046559,40.833537],[-89.04662,40.836613],[-89.046658,40.838217],[-89.049875,40.838205],[-89.051731,40.838204],[-89.0625,40.838198],[-89.063958,40.838188],[-89.065537,40.838184],[-89.065766,40.838186],[-89.065797,40.840218],[-89.065805,40.840899],[-89.065811,40.841481],[-89.065816,40.841797],[-89.065835,40.842904],[-89.065865,40.844492],[-89.065882,40.845391],[-89.06591,40.846877],[-89.065995,40.851338],[-89.066021,40.85268],[-89.066024,40.852825],[-89.066034,40.853411],[-89.066092,40.855745],[-89.066113,40.856543],[-89.066278,40.864506],[-89.066339,40.867427],[-89.068266,40.867435],[-89.074049,40.867462],[-89.075977,40.867471],[-89.077869,40.867479],[-89.0813,40.867496],[-89.082618,40.867492],[-89.083545,40.867497],[-89.085438,40.867508],[-89.085453,40.86859],[-89.085461,40.869043],[-89.085504,40.8714],[-89.085523,40.872815],[-89.08554,40.873648],[-89.085555,40.874313],[-89.085571,40.875184],[-89.08559,40.875183],[-89.085647,40.875182],[-89.085667,40.875182],[-89.089017,40.875189],[-89.095513,40.875204],[-89.095467,40.878761],[-89.095424,40.882112],[-89.097293,40.882118],[-89.097379,40.882119],[-89.102901,40.882152],[-89.104686,40.882163],[-89.104771,40.882166],[-89.104796,40.883655],[-89.104818,40.884904],[-89.1049,40.889449],[-89.104922,40.890764],[-89.104925,40.890938],[-89.104928,40.891102],[-89.104967,40.893118],[-89.105015,40.895527],[-89.105019,40.895857],[-89.105021,40.896039],[-89.105027,40.896587],[-89.10503,40.89677],[-89.108169,40.896773],[-89.117574,40.896784],[-89.117586,40.896784],[-89.119786,40.896793],[-89.120726,40.896796],[-89.121388,40.896797],[-89.123374,40.896803],[-89.123934,40.896805],[-89.124037,40.896809],[-89.124125,40.896812],[-89.125589,40.896827],[-89.125588,40.898052],[-89.126495,40.898052],[-89.126495,40.896837],[-89.127863,40.896851],[-89.129668,40.89687],[-89.139341,40.896986],[-89.143168,40.897032],[-89.144646,40.897046],[-89.144709,40.897046],[-89.144939,40.897046],[-89.145194,40.897046],[-89.145735,40.897046],[-89.149332,40.897069],[-89.150874,40.89708],[-89.15119,40.897082],[-89.15188,40.897087],[-89.15214,40.897087],[-89.152457,40.897089],[-89.153981,40.897097],[-89.157073,40.897114],[-89.158556,40.897118],[-89.160081,40.897123],[-89.160083,40.897234],[-89.160092,40.897567],[-89.160095,40.897679],[-89.160256,40.897669],[-89.161435,40.89762],[-89.164291,40.897504],[-89.165459,40.89745],[-89.1668,40.89739],[-89.167327,40.898015],[-89.167511,40.898385],[-89.167847,40.898824],[-89.168215,40.899424],[-89.168459,40.899701],[-89.168943,40.900333],[-89.169008,40.900417],[-89.169647,40.900948],[-89.170499,40.901459],[-89.171684,40.901809],[-89.17399,40.90171],[-89.175267,40.901582],[-89.176511,40.901796],[-89.17727,40.902029],[-89.178183,40.902792],[-89.178458,40.903139],[-89.178723,40.903577],[-89.178765,40.903647],[-89.178819,40.906323],[-89.178911,40.906531],[-89.179247,40.906784],[-89.179452,40.906923],[-89.180003,40.907278],[-89.180247,40.907658],[-89.180398,40.907836],[-89.180973,40.908009],[-89.181552,40.907944],[-89.181912,40.907905],[-89.183365,40.907537],[-89.184061,40.907504],[-89.184937,40.90774],[-89.185786,40.908092],[-89.186512,40.908308],[-89.186815,40.908552],[-89.186877,40.908754],[-89.18685,40.909404],[-89.186371,40.909916],[-89.185948,40.91014],[-89.184211,40.911064],[-89.183806,40.911445],[-89.18376,40.91149],[-89.183448,40.912096],[-89.183197,40.912515],[-89.182707,40.912727],[-89.182438,40.912793],[-89.181821,40.912945],[-89.180384,40.913124],[-89.179161,40.913483],[-89.178608,40.913696],[-89.178178,40.914024],[-89.177989,40.914444],[-89.178039,40.915048],[-89.178403,40.915493],[-89.178421,40.915515],[-89.178621,40.916027],[-89.17871,40.916074],[-89.178764,40.91647],[-89.17888,40.916656],[-89.178807,40.917401],[-89.178777,40.917629],[-89.178734,40.917737],[-89.178596,40.918087],[-89.178426,40.918728],[-89.178338,40.919063],[-89.178266,40.919345],[-89.17842,40.919665],[-89.178693,40.919938],[-89.1793,40.920167],[-89.179912,40.920332],[-89.180059,40.920372],[-89.180331,40.920486],[-89.180787,40.920875],[-89.181123,40.921309],[-89.1817,40.921721],[-89.183703,40.922452],[-89.183825,40.922588],[-89.184007,40.922679],[-89.184283,40.923228],[-89.184319,40.924073],[-89.184059,40.924685],[-89.183815,40.925262],[-89.18388,40.925696],[-89.184123,40.925971],[-89.185003,40.925889],[-89.184951,40.926008],[-89.184892,40.926148],[-89.184803,40.926371],[-89.184764,40.926469],[-89.184729,40.926572],[-89.18468,40.9267],[-89.184682,40.926924],[-89.18469,40.92765],[-89.18466,40.9281],[-89.18468,40.92853],[-89.184675,40.928767],[-89.18463,40.93148],[-89.18461,40.93372],[-89.184619,40.935632],[-89.18463,40.93773],[-89.18461,40.93792],[-89.184406,40.937943],[-89.183793,40.938015],[-89.18359,40.93804],[-89.18373,40.93826],[-89.183809,40.938359],[-89.18413,40.93876],[-89.18438,40.93908],[-89.184543,40.939263],[-89.184757,40.939502],[-89.184802,40.939553],[-89.184845,40.939601],[-89.184997,40.939772],[-89.185584,40.94043],[-89.18578,40.94065],[-89.18588,40.94076],[-89.18618,40.94109],[-89.18628,40.9412],[-89.18612,40.94127],[-89.184898,40.941303],[-89.18323,40.94135],[-89.18255,40.94134],[-89.182008,40.941307],[-89.18189,40.9413],[-89.1815,40.9413],[-89.180709,40.941319],[-89.179313,40.941354],[-89.178282,40.941379],[-89.175192,40.941455],[-89.17503,40.94146],[-89.174163,40.941494],[-89.17376,40.94151],[-89.17158,40.94156],[-89.171449,40.941563],[-89.17009,40.9416],[-89.167244,40.941705],[-89.16495,40.94179],[-89.16382,40.94182],[-89.163313,40.941843],[-89.16252,40.94188],[-89.161397,40.941892],[-89.1606,40.9419],[-89.160597,40.941706],[-89.160591,40.941127],[-89.16059,40.940981],[-89.16059,40.940934],[-89.160589,40.940887],[-89.160575,40.939643],[-89.160537,40.936056],[-89.160533,40.93577],[-89.16052,40.93448],[-89.16053,40.93361],[-89.160524,40.933185],[-89.160511,40.932142],[-89.160475,40.929303],[-89.160464,40.928404],[-89.160459,40.928009],[-89.160456,40.927766],[-89.160448,40.92709],[-89.160003,40.927086],[-89.151407,40.927023],[-89.143532,40.926965],[-89.138004,40.926906],[-89.137603,40.926902],[-89.124462,40.926764],[-89.12443,40.92685],[-89.12438,40.92703],[-89.12435,40.92755],[-89.124376,40.929295],[-89.12438,40.92958],[-89.12438,40.93309],[-89.1244,40.93405],[-89.12447,40.93405],[-89.12449,40.93573],[-89.124484,40.936977],[-89.12448,40.93783],[-89.12446,40.94123],[-89.12445,40.94157],[-89.124446,40.941679],[-89.12438,40.94364],[-89.1244,40.946927],[-89.12441,40.94862],[-89.12441,40.948729],[-89.12444,40.954137],[-89.12445,40.95594],[-89.120593,40.955905],[-89.11664,40.95587],[-89.11277,40.95581],[-89.11066,40.95579],[-89.109025,40.955764],[-89.10749,40.95574],[-89.10517,40.95572],[-89.105172,40.958305],[-89.105179,40.966062],[-89.10518,40.9661],[-89.105162,40.968648],[-89.105159,40.968988],[-89.105152,40.970009],[-89.10515,40.97035],[-89.105163,40.971203],[-89.10517,40.9716],[-89.10515,40.97356],[-89.105165,40.973763],[-89.10518,40.97395],[-89.105176,40.974617],[-89.104923,40.974754],[-89.104612,40.974984],[-89.104569,40.975064],[-89.104445,40.975297],[-89.104243,40.975528],[-89.103859,40.975704],[-89.103649,40.975792],[-89.102323,40.975721],[-89.102005,40.975589],[-89.101629,40.975334],[-89.101584,40.975304],[-89.101345,40.975123],[-89.100686,40.974816],[-89.099534,40.974531],[-89.098998,40.97447],[-89.098607,40.974531],[-89.098412,40.974652],[-89.09805,40.975003],[-89.09784,40.97519],[-89.097565,40.975322],[-89.096906,40.975498],[-89.096348,40.975668],[-89.095566,40.9758],[-89.094769,40.975795],[-89.094305,40.975746],[-89.093712,40.975669],[-89.093284,40.975664],[-89.093045,40.975724],[-89.091315,40.976466],[-89.09033,40.976823],[-89.090045,40.976876],[-89.089692,40.976944],[-89.088953,40.976966],[-89.088526,40.976884],[-89.087773,40.976867],[-89.087034,40.976763],[-89.086244,40.976687],[-89.086034,40.976681],[-89.085965,40.976711],[-89.085958,40.978318],[-89.08594,40.98306],[-89.08594,40.983142],[-89.08595,40.98475],[-89.085383,40.984742],[-89.083686,40.984718],[-89.08312,40.98471],[-89.080789,40.98467],[-89.073797,40.984553],[-89.071467,40.984514],[-89.07063,40.9845],[-89.070501,40.984498],[-89.070102,40.984493],[-89.0699,40.98449],[-89.06938,40.98448],[-89.067605,40.984447],[-89.06664,40.98443],[-89.066649,40.987342],[-89.06665,40.98739],[-89.066605,40.996078],[-89.06659,40.99899],[-89.06699,40.999],[-89.06688,40.99936],[-89.06682,41.00017],[-89.06658,41.00019],[-89.0666,41.00099],[-89.066601,41.001063],[-89.06661,41.00143],[-89.06662,41.00596],[-89.066609,41.007284],[-89.066589,41.009675],[-89.065041,41.009882],[-89.061723,41.010363],[-89.056505,41.011126],[-89.05653,41.01224],[-89.056526,41.013483],[-89.05651,41.01838],[-89.05652,41.02196],[-89.05655,41.02334],[-89.05652,41.02521],[-89.05651,41.02805],[-89.05623,41.02805],[-89.05454,41.02801],[-89.054462,41.028008],[-89.05191,41.02796],[-89.05194,41.02686],[-89.05091,41.02684],[-89.04958,41.02681],[-89.04752,41.02677],[-89.047431,41.025649],[-89.047422,41.025538],[-89.047321,41.025533],[-89.047285,41.025531],[-89.047285,41.024468],[-89.04731,41.02396],[-89.047308,41.02393],[-89.047304,41.02384],[-89.047303,41.02381],[-89.0473,41.023741],[-89.047291,41.023535],[-89.047288,41.023467],[-89.047274,41.02318],[-89.04726,41.02285],[-89.047258,41.022319],[-89.047258,41.022033],[-89.047254,41.020534],[-89.04725,41.01867],[-89.047221,41.016038],[-89.04722,41.01589],[-89.04724,41.01454],[-89.04724,41.014292],[-89.04724,41.013548],[-89.04724,41.0133],[-89.0468,41.013286],[-89.045485,41.013246],[-89.045047,41.013235],[-89.04381,41.013267],[-89.040098,41.013365],[-89.038862,41.013398],[-89.038635,41.013402],[-89.037956,41.013414],[-89.03773,41.013419],[-89.037525,41.013452],[-89.037051,41.013493],[-89.035621,41.013516],[-89.031532,41.013583],[-89.029281,41.013628],[-89.027169,41.013672],[-89.027109,41.013673],[-89.026928,41.013676],[-89.026869,41.013678],[-89.026873,41.013955],[-89.026885,41.014788],[-89.02689,41.015066],[-89.023045,41.015639],[-89.01151,41.017359],[-89.007666,41.017933],[-89.003806,41.018462],[-89.000053,41.018978],[-88.992226,41.020053],[-88.988367,41.020584],[-88.98451,41.021134],[-88.972943,41.022786],[-88.969087,41.023337],[-88.965237,41.023869],[-88.95369,41.025467],[-88.949841,41.026],[-88.949841,41.02616],[-88.949839,41.026716],[-88.949833,41.028703],[-88.949836,41.028864],[-88.949844,41.029162],[-88.949845,41.029581],[-88.949848,41.032499],[-88.949853,41.036872],[-88.949876,41.041253],[-88.949892,41.044171],[-88.949903,41.045613],[-88.949936,41.049942],[-88.949948,41.051385],[-88.949948,41.051443],[-88.949953,41.052416],[-88.949968,41.055512],[-88.949973,41.056299],[-88.949977,41.056544],[-88.949983,41.05698],[-88.950001,41.05829],[-88.950008,41.058727],[-88.950049,41.061645],[-88.95006,41.062377],[-88.950098,41.066029],[-88.950119,41.069452],[-88.950115,41.070402],[-88.950104,41.073322],[-88.946231,41.073384],[-88.945277,41.0734],[-88.942883,41.073434],[-88.939868,41.073472],[-88.937979,41.0735],[-88.935585,41.073542],[-88.934612,41.073557],[-88.93074,41.073618],[-88.930738,41.074006],[-88.930734,41.075174],[-88.930734,41.075454],[-88.930734,41.075507],[-88.930733,41.075565],[-88.930736,41.076587],[-88.930746,41.079654],[-88.93075,41.080624],[-88.930751,41.080677],[-88.930752,41.080912],[-88.93076,41.082184],[-88.930791,41.086706],[-88.930802,41.088214],[-88.93468,41.088149],[-88.935663,41.088133],[-88.940507,41.088045],[-88.946317,41.087945],[-88.950137,41.08788],[-88.950196,41.08788],[-88.951187,41.087862],[-88.954161,41.087812],[-88.955153,41.087795],[-88.955489,41.087788],[-88.9565,41.087771],[-88.956837,41.087766],[-88.959368,41.087721],[-88.964657,41.08763],[-88.966962,41.087597],[-88.969494,41.087562],[-88.970769,41.087544],[-88.974598,41.087491],[-88.975874,41.087474],[-88.979091,41.087429],[-88.988708,41.087291],[-88.993498,41.087221],[-89.003078,41.087055],[-89.00788,41.086992],[-89.007876,41.086605],[-89.007864,41.085445],[-89.00786,41.085059],[-89.007848,41.083983],[-89.007815,41.080755],[-89.007804,41.07968],[-89.011669,41.079606],[-89.011717,41.079606],[-89.019913,41.079463],[-89.023267,41.079409],[-89.027133,41.079347],[-89.027142,41.08061],[-89.02717,41.084399],[-89.02718,41.085663],[-89.027208,41.089535],[-89.027234,41.093063],[-89.027255,41.093886],[-89.027342,41.099675],[-89.02736,41.101152],[-89.02741,41.105025],[-89.027474,41.105024],[-89.027667,41.105021],[-89.027732,41.105021],[-89.028182,41.105015],[-89.029535,41.104998],[-89.029986,41.104993],[-89.031667,41.104972],[-89.032549,41.104961],[-89.03671,41.104911],[-89.038392,41.104892],[-89.046979,41.104791],[-89.047356,41.104787],[-89.046993,41.105487],[-89.047092,41.11176],[-89.04604,41.11176],[-89.042884,41.111761],[-89.041833,41.111762],[-89.039347,41.111767],[-89.037084,41.111772],[-89.037066,41.116965],[-89.037058,41.119451],[-89.037533,41.119447],[-89.039091,41.119433],[-89.045193,41.11938],[-89.047227,41.119363],[-89.047273,41.12228],[-89.047285,41.123009],[-89.047334,41.12576],[-89.04742,41.131033],[-89.047468,41.133951],[-89.047575,41.140755],[-89.028233,41.140952],[-89.027814,41.140956],[-89.026557,41.140969],[-89.026139,41.140974],[-89.022725,41.141008],[-89.015401,41.141083],[-89.012486,41.141169],[-89.009075,41.14127],[-89.009076,41.141321],[-89.009099,41.142745],[-89.009171,41.147173],[-89.009195,41.148649],[-89.009242,41.151555],[-89.009244,41.151663],[-89.009285,41.155909],[-89.009293,41.157725],[-89.009308,41.160277],[-89.00931,41.160575],[-89.00934,41.163185],[-89.007696,41.163196],[-89.005485,41.163223],[-89.00208,41.163267],[-88.994743,41.163356],[-88.993923,41.163364],[-88.990069,41.163404],[-88.989879,41.163406],[-88.988112,41.163416],[-88.982241,41.163449],[-88.980815,41.163458],[-88.980285,41.163463],[-88.980109,41.163464],[-88.979581,41.163469],[-88.979406,41.163471],[-88.978368,41.163481],[-88.975257,41.163511],[-88.974364,41.16352],[-88.97422,41.163521],[-88.97352,41.163528],[-88.971422,41.163548],[-88.970723,41.163556],[-88.969202,41.163571],[-88.968756,41.163573],[-88.96572,41.163594],[-88.962857,41.1636],[-88.960891,41.163605],[-88.960879,41.163605],[-88.958947,41.163622],[-88.953117,41.163675],[-88.951174,41.163693],[-88.951227,41.165132],[-88.95133,41.167889],[-88.951383,41.169451],[-88.951432,41.170891],[-88.951461,41.172347],[-88.951548,41.176715],[-88.951577,41.178171],[-88.950551,41.178173],[-88.947473,41.178179],[-88.946688,41.178181],[-88.946448,41.178181],[-88.945155,41.178181],[-88.941799,41.178182],[-88.941279,41.178179],[-88.939988,41.178175],[-88.938322,41.178167],[-88.936909,41.178162],[-88.93367,41.178166],[-88.933642,41.178507],[-88.933641,41.178522],[-88.933481,41.17863],[-88.932024,41.178634],[-88.932038,41.179983],[-88.93208,41.184032],[-88.932095,41.185382],[-88.932095,41.185393],[-88.932115,41.186841],[-88.932177,41.191219],[-88.932198,41.192679],[-88.932202,41.192923],[-88.932214,41.193655],[-88.932219,41.193899],[-88.93224,41.195103],[-88.932303,41.198716],[-88.932324,41.199921],[-88.932947,41.199921],[-88.934817,41.199921],[-88.935441,41.199922],[-88.936805,41.199922],[-88.940898,41.199924],[-88.941916,41.199925],[-88.942263,41.199924],[-88.946683,41.199908],[-88.946724,41.199908],[-88.955141,41.199906],[-88.961164,41.199919],[-88.961211,41.199919],[-88.9613,41.203694],[-88.961335,41.205219],[-88.961338,41.205334],[-88.961342,41.205778],[-88.961356,41.207139],[-88.961361,41.207455],[-88.961371,41.208015],[-88.96138,41.208562],[-88.961408,41.210203],[-88.961418,41.21075],[-88.961434,41.212446],[-88.961482,41.217536],[-88.961499,41.219233],[-88.961503,41.219712],[-88.961517,41.221149],[-88.961522,41.221628],[-88.962158,41.221621],[-88.964067,41.221602],[-88.964704,41.221596],[-88.964674,41.222057],[-88.964521,41.222338],[-88.96439,41.222532],[-88.964217,41.222792],[-88.964096,41.222943],[-88.963367,41.223097],[-88.962851,41.223436],[-88.962699,41.223696],[-88.962698,41.224195],[-88.962757,41.224369],[-88.962777,41.224564],[-88.962817,41.224933],[-88.962907,41.225194],[-88.962906,41.225563],[-88.961905,41.225636],[-88.961802,41.225688],[-88.961359,41.225914],[-88.961115,41.226122],[-88.9606,41.226652],[-88.960392,41.227006],[-88.959824,41.227641],[-88.959406,41.227979],[-88.958537,41.228684],[-88.958359,41.228826],[-88.956986,41.229673],[-88.956845,41.229761],[-88.955664,41.230376],[-88.954938,41.230627],[-88.954241,41.230558],[-88.953272,41.230328],[-88.952697,41.229984],[-88.952136,41.229291],[-88.952122,41.229273],[-88.951849,41.2287],[-88.951728,41.228678],[-88.951486,41.227646],[-88.951365,41.227052],[-88.951243,41.225794],[-88.951152,41.225428],[-88.951122,41.224833],[-88.951015,41.224444],[-88.95094,41.22417],[-88.950909,41.223918],[-88.950637,41.223392],[-88.950061,41.222729],[-88.949152,41.22202],[-88.94788,41.22138],[-88.946637,41.220922],[-88.945456,41.220739],[-88.942942,41.22074],[-88.942826,41.220722],[-88.942639,41.220694],[-88.941759,41.220397],[-88.941396,41.220031],[-88.941305,41.219825],[-88.941184,41.219733],[-88.941184,41.21955],[-88.940941,41.21907],[-88.940911,41.218773],[-88.94085,41.218567],[-88.940881,41.218361],[-88.941169,41.217885],[-88.941547,41.217263],[-88.94188,41.216554],[-88.942031,41.216005],[-88.942122,41.215868],[-88.942128,41.215818],[-88.942183,41.215433],[-88.942274,41.215296],[-88.942257,41.215086],[-88.942248,41.214959],[-88.942222,41.214579],[-88.942214,41.214453],[-88.942133,41.213493],[-88.942031,41.213059],[-88.941895,41.21248],[-88.941745,41.212093],[-88.941414,41.21147],[-88.941022,41.211022],[-88.939845,41.210202],[-88.939381,41.210075],[-88.939272,41.210046],[-88.938063,41.209758],[-88.938033,41.209715],[-88.937882,41.209686],[-88.93743,41.209601],[-88.93728,41.209573],[-88.936337,41.209395],[-88.936308,41.209393],[-88.933611,41.209281],[-88.933349,41.20923],[-88.932379,41.209042],[-88.932309,41.209029],[-88.93226,41.209013],[-88.93191,41.208905],[-88.931794,41.208869],[-88.931672,41.208869],[-88.931659,41.208864],[-88.931276,41.208723],[-88.931149,41.208677],[-88.931021,41.208626],[-88.930638,41.208475],[-88.930614,41.208466],[-88.930516,41.208414],[-88.929809,41.208039],[-88.929502,41.207877],[-88.928967,41.207769],[-88.928223,41.207754],[-88.927835,41.207781],[-88.927482,41.207902],[-88.926727,41.208164],[-88.926463,41.208251],[-88.923768,41.209384],[-88.922768,41.209806],[-88.921738,41.210058],[-88.920951,41.210126],[-88.919951,41.210126],[-88.918952,41.20992],[-88.917619,41.209508],[-88.914686,41.208098],[-88.911801,41.206712],[-88.909843,41.206831],[-88.903973,41.207188],[-88.902016,41.207308],[-88.898858,41.207348],[-88.893608,41.207417],[-88.893728,41.211635],[-88.893819,41.214792],[-88.892864,41.214803],[-88.89,41.214838],[-88.889046,41.21485],[-88.889021,41.213394],[-88.889016,41.213031],[-88.889018,41.211211],[-88.889009,41.209393],[-88.889001,41.209026],[-88.888972,41.207664],[-88.88895,41.207573],[-88.886302,41.207614],[-88.879259,41.207726],[-88.878361,41.207738],[-88.875714,41.207777],[-88.875459,41.20778],[-88.874698,41.207791],[-88.874444,41.207795],[-88.874436,41.207309],[-88.874412,41.205851],[-88.874405,41.205366],[-88.874387,41.204256],[-88.874333,41.200926],[-88.874316,41.199817],[-88.871963,41.199914],[-88.869273,41.200027],[-88.869383,41.195658],[-88.869443,41.193305],[-88.868497,41.193314],[-88.865659,41.193341],[-88.864713,41.19335],[-88.862874,41.193367],[-88.859876,41.193396],[-88.85736,41.193417],[-88.855522,41.193433],[-88.855436,41.193433],[-88.855179,41.193435],[-88.855094,41.193437],[-88.851306,41.193466],[-88.850277,41.193474],[-88.839942,41.193547],[-88.836155,41.193574],[-88.836152,41.193935],[-88.836145,41.195021],[-88.836144,41.195384],[-88.83614,41.195907],[-88.836135,41.196696],[-88.83613,41.197479],[-88.836127,41.198004],[-88.836126,41.19815],[-88.836112,41.198461],[-88.836051,41.199834],[-88.836032,41.200292],[-88.836027,41.200384],[-88.836014,41.20066],[-88.836011,41.200753],[-88.835993,41.201165],[-88.835978,41.202237],[-88.835951,41.204321],[-88.835973,41.206692],[-88.835988,41.208178],[-88.835135,41.208187],[-88.832579,41.208215],[-88.831727,41.208225],[-88.831736,41.209585],[-88.831763,41.213668],[-88.831773,41.215029],[-88.831777,41.215483],[-88.83179,41.216847],[-88.831795,41.217302],[-88.831807,41.21839],[-88.831845,41.221654],[-88.831858,41.222743],[-88.828123,41.222775],[-88.82628,41.22279],[-88.821612,41.222827],[-88.816789,41.222847],[-88.816789,41.222833],[-88.816776,41.219224],[-88.816784,41.215553],[-88.816747,41.208307],[-88.813437,41.208268],[-88.81335,41.208268],[-88.811439,41.20827],[-88.805706,41.208279],[-88.803825,41.208282],[-88.803796,41.208282],[-88.803885,41.206878],[-88.803867,41.205707],[-88.80375,41.197976],[-88.803712,41.1954],[-88.803707,41.195071],[-88.803695,41.194087],[-88.803691,41.193759],[-88.802719,41.19376],[-88.799805,41.193764],[-88.798834,41.193766],[-88.798831,41.194448],[-88.79884,41.196669],[-88.798844,41.197395],[-88.798892,41.201024],[-88.798941,41.205379],[-88.798975,41.208283],[-88.795122,41.208305],[-88.789338,41.20834],[-88.78453,41.208358],[-88.783565,41.20836],[-88.779713,41.208371],[-88.778738,41.208373],[-88.775813,41.208379],[-88.774839,41.208382],[-88.773887,41.208384],[-88.771032,41.20839],[-88.770178,41.208393],[-88.770081,41.208393],[-88.768192,41.208391],[-88.762525,41.208386],[-88.761862,41.208386],[-88.760637,41.20839],[-88.759876,41.208392],[-88.756787,41.20842],[-88.755826,41.20843],[-88.751005,41.208458],[-88.745238,41.208496],[-88.741389,41.208523],[-88.73752,41.208548],[-88.731717,41.208588],[-88.725914,41.208596],[-88.722046,41.208602],[-88.722067,41.210804],[-88.722117,41.215827],[-88.722145,41.217413],[-88.722184,41.219616],[-88.722196,41.220325],[-88.722233,41.222455],[-88.722246,41.223165],[-88.720285,41.223176],[-88.714404,41.223209],[-88.712444,41.223221],[-88.712134,41.223223],[-88.710617,41.223226],[-88.709466,41.223229],[-88.709042,41.223235],[-88.708619,41.223255],[-88.708133,41.223325],[-88.707642,41.223366],[-88.707148,41.223377],[-88.705145,41.223381],[-88.704304,41.223383],[-88.703581,41.223363],[-88.703379,41.223344],[-88.70332,41.223341],[-88.701373,41.223341],[-88.69745,41.223343],[-88.695535,41.223352],[-88.693589,41.223362],[-88.691615,41.223371],[-88.68854,41.223386],[-88.685696,41.223417],[-88.683723,41.223439],[-88.683954,41.230621],[-88.67905,41.230618],[-88.679039,41.231564],[-88.678999,41.23524],[-88.678968,41.237987],[-88.675843,41.23804],[-88.674975,41.238055],[-88.672955,41.238089],[-88.667307,41.238186],[-88.666897,41.238192],[-88.664878,41.238223],[-88.663128,41.23825],[-88.657879,41.238331],[-88.65613,41.238359],[-88.655999,41.237206],[-88.655944,41.236713],[-88.655945,41.235913],[-88.656067,41.235913],[-88.656009,41.233853],[-88.655977,41.232694],[-88.655926,41.230922],[-88.655881,41.229307],[-88.655775,41.225608],[-88.655725,41.223837],[-88.653647,41.223862],[-88.647415,41.223937],[-88.645338,41.223963],[-88.64528,41.222027],[-88.645122,41.216673],[-88.64512,41.216628],[-88.645108,41.216223],[-88.645051,41.214288],[-88.645022,41.213313],[-88.644935,41.21039],[-88.644907,41.209416],[-88.641406,41.209456],[-88.630905,41.209579],[-88.630446,41.209585],[-88.627405,41.209617],[-88.627055,41.20962],[-88.626008,41.209631],[-88.625659,41.209635],[-88.625576,41.206723],[-88.625327,41.197988],[-88.625245,41.195077],[-88.623823,41.19509],[-88.619558,41.195131],[-88.618137,41.195146],[-88.618031,41.197117],[-88.617966,41.197437],[-88.61755,41.198056],[-88.617237,41.198524],[-88.617094,41.198657],[-88.616899,41.19899],[-88.616728,41.199145],[-88.615985,41.19937],[-88.615863,41.199421],[-88.615834,41.199422],[-88.615343,41.199561],[-88.613772,41.199517],[-88.613569,41.199563],[-88.613455,41.199631],[-88.613224,41.1997],[-88.613035,41.199714],[-88.612743,41.199696],[-88.612438,41.199711],[-88.61054,41.199968],[-88.61041,41.200003],[-88.609772,41.200056],[-88.609091,41.200124],[-88.608887,41.200145],[-88.60841,41.200272],[-88.608063,41.200343],[-88.607543,41.200483],[-88.607341,41.200595],[-88.607111,41.200664],[-88.606908,41.200667],[-88.606425,41.200295],[-88.60626,41.200251],[-88.606375,41.209811],[-88.601579,41.209834],[-88.587111,41.209875],[-88.587145,41.212354],[-88.587207,41.215929],[-88.587221,41.216709],[-88.587294,41.21988],[-88.587302,41.220227],[-88.587332,41.222509],[-88.587376,41.224341],[-88.580323,41.224396],[-88.579845,41.2244],[-88.575461,41.224409],[-88.569348,41.224442],[-88.569392,41.225817],[-88.569418,41.22661],[-88.569428,41.226933],[-88.569478,41.22846],[-88.569537,41.229873],[-88.569576,41.230811],[-88.569603,41.231747],[-88.569629,41.232675],[-88.569711,41.235058],[-88.569812,41.237155],[-88.569827,41.237637],[-88.569871,41.239026],[-88.57259,41.239003],[-88.578098,41.238934],[-88.582527,41.238895],[-88.583598,41.238886],[-88.585425,41.23886],[-88.586626,41.238892],[-88.586401,41.239126],[-88.584539,41.239152],[-88.584454,41.239219],[-88.584501,41.239921],[-88.584474,41.240032],[-88.584388,41.240099],[-88.583459,41.240155],[-88.583083,41.24027],[-88.582708,41.240407],[-88.582449,41.240565],[-88.579533,41.242757],[-88.578855,41.242997],[-88.578217,41.243049],[-88.577998,41.243042],[-88.577045,41.242758],[-88.574358,41.242937],[-88.574271,41.242983],[-88.574186,41.24305],[-88.574131,41.243204],[-88.573827,41.243868],[-88.573659,41.244112],[-88.573346,41.244423],[-88.572862,41.24488],[-88.572689,41.244982],[-88.572285,41.245097],[-88.572215,41.245114],[-88.572285,41.245891],[-88.572272,41.24726],[-88.570423,41.247251],[-88.570196,41.247252],[-88.57027,41.249296],[-88.570273,41.24934],[-88.570312,41.249897],[-88.570408,41.251292],[-88.570449,41.251876],[-88.570528,41.253532],[-88.570595,41.254683],[-88.570658,41.255404],[-88.570719,41.257009],[-88.570814,41.258638],[-88.570886,41.260443],[-88.570911,41.260836],[-88.570987,41.262056],[-88.571078,41.264219],[-88.571096,41.26456],[-88.571106,41.264765],[-88.571181,41.266211],[-88.57128,41.268056],[-88.571357,41.269282],[-88.571629,41.27424],[-88.57171,41.275333],[-88.571716,41.275559],[-88.571872,41.278014],[-88.572001,41.280462],[-88.572041,41.281073],[-88.572126,41.282357],[-88.572177,41.282659],[-88.572303,41.283723],[-88.57244,41.285915],[-88.572413,41.286531],[-88.572387,41.286842],[-88.572339,41.286976],[-88.572209,41.287161],[-88.572013,41.287399],[-88.571949,41.287516],[-88.571884,41.287635],[-88.571863,41.287788],[-88.571858,41.287959],[-88.571891,41.288114],[-88.57205,41.28892],[-88.572112,41.289414],[-88.572224,41.289862],[-88.567715,41.289905],[-88.566752,41.289916],[-88.564309,41.289929],[-88.563296,41.289935],[-88.563275,41.292333],[-88.563262,41.297206],[-88.57447,41.297135],[-88.575539,41.297129],[-88.575614,41.297293],[-88.575808,41.297639],[-88.575968,41.297871],[-88.576794,41.298805],[-88.577186,41.299371],[-88.577459,41.299519],[-88.577629,41.299587],[-88.578149,41.299548],[-88.579158,41.299534],[-88.579667,41.29958],[-88.580363,41.299632],[-88.580666,41.299754],[-88.58084,41.299846],[-88.581193,41.300066],[-88.582646,41.301017],[-88.58283,41.301307],[-88.583318,41.302056],[-88.583416,41.302194],[-88.583487,41.302295],[-88.583634,41.302508],[-88.584086,41.302289],[-88.584481,41.302173],[-88.585195,41.302032],[-88.585241,41.302022],[-88.586077,41.301883],[-88.58654,41.301732],[-88.586967,41.301518],[-88.587578,41.30119],[-88.587913,41.301036],[-88.589247,41.300468],[-88.589313,41.300438],[-88.589379,41.300407],[-88.589766,41.300306],[-88.589896,41.300267],[-88.5899,41.300359],[-88.589985,41.302255],[-88.589984,41.302277],[-88.59004,41.303464],[-88.590055,41.303743],[-88.590087,41.304573],[-88.590089,41.304638],[-88.590113,41.305185],[-88.590145,41.305894],[-88.590221,41.307624],[-88.590272,41.308766],[-88.590284,41.309049],[-88.590289,41.309159],[-88.590303,41.309484],[-88.590392,41.311478],[-88.590397,41.31156],[-88.59054,41.31414],[-88.590548,41.314318],[-88.590655,41.316274],[-88.590722,41.317509],[-88.590778,41.318526],[-88.590792,41.31878],[-88.590832,41.319523],[-88.590912,41.320984],[-88.590924,41.321203],[-88.590929,41.321297],[-88.590936,41.321413],[-88.590937,41.321437],[-88.590946,41.321604],[-88.590959,41.321842],[-88.591174,41.325766],[-88.59124,41.326965],[-88.591249,41.327131],[-88.591388,41.329633],[-88.591394,41.329752],[-88.591402,41.329877],[-88.591507,41.331795],[-88.591513,41.331907],[-88.591525,41.332119],[-88.591578,41.333082],[-88.591687,41.335046],[-88.591712,41.335511],[-88.59185,41.338014],[-88.591934,41.339527],[-88.591961,41.339993],[-88.591972,41.340218],[-88.59199,41.340547],[-88.592044,41.341515],[-88.59203,41.341598],[-88.592058,41.342338],[-88.592302,41.346487],[-88.592328,41.346848],[-88.592388,41.347688],[-88.59246,41.349297],[-88.592553,41.350973],[-88.592753,41.354189],[-88.592793,41.354973],[-88.592813,41.355363],[-88.592941,41.357803],[-88.592944,41.357841],[-88.593019,41.358984],[-88.593126,41.361022],[-88.593221,41.363189],[-88.593304,41.364834],[-88.593327,41.365235],[-88.593473,41.367655],[-88.593563,41.369688],[-88.593704,41.373035],[-88.593759,41.374606],[-88.593778,41.375177],[-88.593823,41.376443],[-88.59383,41.37663],[-88.593475,41.376633],[-88.592808,41.376647],[-88.589612,41.376713],[-88.582866,41.376844],[-88.581746,41.376868],[-88.579991,41.376905],[-88.576854,41.37698],[-88.576358,41.376983],[-88.576365,41.377389],[-88.576443,41.37912],[-88.57648,41.380259],[-88.576488,41.380516],[-88.57659,41.383572],[-88.5766,41.383899],[-88.576606,41.384108],[-88.576623,41.38441],[-88.576644,41.384783],[-88.576725,41.386949],[-88.576808,41.388645],[-88.576844,41.389477],[-88.576798,41.389479],[-88.576538,41.389462],[-88.576369,41.389445],[-88.575799,41.389435],[-88.575649,41.389456],[-88.575609,41.38947],[-88.575476,41.389487],[-88.575376,41.389535],[-88.57533,41.389542],[-88.575267,41.389576],[-88.575084,41.389652],[-88.574893,41.3897],[-88.574811,41.389727],[-88.574775,41.389734],[-88.574611,41.389831],[-88.57452,41.389906],[-88.574483,41.390009],[-88.57447,41.390033],[-88.574448,41.390133],[-88.57441,41.390174],[-88.574383,41.390195],[-88.57432,41.39023],[-88.574193,41.390264],[-88.574137,41.390298],[-88.574083,41.390318],[-88.574046,41.39034],[-88.57391,41.39036],[-88.573746,41.390346],[-88.573522,41.390288],[-88.573322,41.390261],[-88.573127,41.39025],[-88.57298,41.390271],[-88.572917,41.390292],[-88.572807,41.390306],[-88.572398,41.390327],[-88.572224,41.390437],[-88.572133,41.390471],[-88.572051,41.390492],[-88.572015,41.390492],[-88.571906,41.390472],[-88.571837,41.390437],[-88.571696,41.390334],[-88.571541,41.390232],[-88.571395,41.390211],[-88.571313,41.390204],[-88.57114,41.390252],[-88.571003,41.390277],[-88.570953,41.39029],[-88.570794,41.390308],[-88.570644,41.390352],[-88.570611,41.390356],[-88.570429,41.390335],[-88.570352,41.390318],[-88.569937,41.390322],[-88.5698,41.390356],[-88.569673,41.390439],[-88.569432,41.390645],[-88.569364,41.390738],[-88.56914,41.390907],[-88.569108,41.39092],[-88.569009,41.390975],[-88.568899,41.391016],[-88.568844,41.39103],[-88.568785,41.391013],[-88.568754,41.391009],[-88.568689,41.391058],[-88.568663,41.391092],[-88.568654,41.391119],[-88.568472,41.39125],[-88.568444,41.39125],[-88.568371,41.391292],[-88.568175,41.391465],[-88.568035,41.39158],[-88.567889,41.39158],[-88.567706,41.391559],[-88.567574,41.391529],[-88.567424,41.391507],[-88.56726,41.391484],[-88.567196,41.391471],[-88.567132,41.39145],[-88.56705,41.391388],[-88.56705,41.391361],[-88.567004,41.391319],[-88.566996,41.391251],[-88.566886,41.391017],[-88.566858,41.390997],[-88.566822,41.390784],[-88.56679,41.390726],[-88.566785,41.390688],[-88.566739,41.390644],[-88.566621,41.390551],[-88.56653,41.390551],[-88.56643,41.390571],[-88.566348,41.390613],[-88.56628,41.39063],[-88.566075,41.39062],[-88.56602,41.390662],[-88.566039,41.390743],[-88.566084,41.390791],[-88.566094,41.39084],[-88.566093,41.390881],[-88.566076,41.390936],[-88.565921,41.391059],[-88.565847,41.391094],[-88.565802,41.391108],[-88.565766,41.391128],[-88.565729,41.391135],[-88.565692,41.391156],[-88.565656,41.391163],[-88.56562,41.391183],[-88.565619,41.391211],[-88.56572,41.391279],[-88.565804,41.39135],[-88.565811,41.39139],[-88.565802,41.39141],[-88.565628,41.391541],[-88.565565,41.391548],[-88.565482,41.391541],[-88.565383,41.391493],[-88.565374,41.391465],[-88.56531,41.391417],[-88.565274,41.391417],[-88.565228,41.391452],[-88.56521,41.391492],[-88.565165,41.391768],[-88.565127,41.39185],[-88.565064,41.391919],[-88.565027,41.391967],[-88.565009,41.392111],[-88.565106,41.392382],[-88.565128,41.392571],[-88.565101,41.392632],[-88.565055,41.392674],[-88.564955,41.392794],[-88.564819,41.3929],[-88.564682,41.39297],[-88.564582,41.392984],[-88.564373,41.392997],[-88.564272,41.392976],[-88.564227,41.392949],[-88.564199,41.392949],[-88.564044,41.392853],[-88.563853,41.392867],[-88.563661,41.392856],[-88.563607,41.39284],[-88.563498,41.392771],[-88.56327,41.392662],[-88.563197,41.392647],[-88.562928,41.392638],[-88.562805,41.392648],[-88.562678,41.392758],[-88.562659,41.392806],[-88.562623,41.39284],[-88.562542,41.392902],[-88.562513,41.392916],[-88.562463,41.39292],[-88.56235,41.392896],[-88.562258,41.392855],[-88.561866,41.392559],[-88.561766,41.392491],[-88.561721,41.392484],[-88.561684,41.392464],[-88.561593,41.392449],[-88.560823,41.392461],[-88.560499,41.392436],[-88.560372,41.392471],[-88.560318,41.392498],[-88.560274,41.392504],[-88.560172,41.392547],[-88.560135,41.392567],[-88.560018,41.392595],[-88.559971,41.392616],[-88.559842,41.392634],[-88.559673,41.392669],[-88.559543,41.392753],[-88.559495,41.39281],[-88.559491,41.392828],[-88.559425,41.392908],[-88.559343,41.392973],[-88.559171,41.393083],[-88.559193,41.393375],[-88.55922,41.39355],[-88.559248,41.393615],[-88.559279,41.39388],[-88.559288,41.393914],[-88.55938,41.393976],[-88.559443,41.393989],[-88.559507,41.393968],[-88.559667,41.393855],[-88.559781,41.393845],[-88.55989,41.393865],[-88.560045,41.393976],[-88.56009,41.394024],[-88.560118,41.394133],[-88.560119,41.394167],[-88.560091,41.394291],[-88.560064,41.394318],[-88.560064,41.394339],[-88.560082,41.394428],[-88.560145,41.394483],[-88.560219,41.394559],[-88.560219,41.3946],[-88.560201,41.394654],[-88.560173,41.394682],[-88.560174,41.39471],[-88.560041,41.394765],[-88.559899,41.394854],[-88.5598,41.394936],[-88.559773,41.395012],[-88.559736,41.39519],[-88.559691,41.395286],[-88.559536,41.395461],[-88.559454,41.395534],[-88.559336,41.395781],[-88.559318,41.395843],[-88.559335,41.395919],[-88.559491,41.396063],[-88.559499,41.396083],[-88.559473,41.396166],[-88.559199,41.396365],[-88.55919,41.396386],[-88.559191,41.39642],[-88.559227,41.39655],[-88.559281,41.396619],[-88.55929,41.396647],[-88.55908,41.396819],[-88.559054,41.39685],[-88.559008,41.396887],[-88.558981,41.397004],[-88.558953,41.39721],[-88.558973,41.39756],[-88.559172,41.397711],[-88.559191,41.397773],[-88.559194,41.397898],[-88.559184,41.397915],[-88.559172,41.397958],[-88.559063,41.39804],[-88.558808,41.39804],[-88.558754,41.398075],[-88.558663,41.398123],[-88.558472,41.398123],[-88.558444,41.39813],[-88.55838,41.398185],[-88.55838,41.398205],[-88.558271,41.398288],[-88.558207,41.398274],[-88.558153,41.39824],[-88.55807,41.398233],[-88.558034,41.398234],[-88.557998,41.398261],[-88.557952,41.398309],[-88.557924,41.398392],[-88.557761,41.398516],[-88.55767,41.398564],[-88.557597,41.398577],[-88.557542,41.398611],[-88.557323,41.398714],[-88.55725,41.398721],[-88.557113,41.398701],[-88.557023,41.398639],[-88.557005,41.398467],[-88.55694,41.398419],[-88.556859,41.39842],[-88.556631,41.398568],[-88.556549,41.398639],[-88.556522,41.398715],[-88.556476,41.399017],[-88.556367,41.3991],[-88.556076,41.39912],[-88.555994,41.399162],[-88.555765,41.39921],[-88.555665,41.399275],[-88.555648,41.399293],[-88.555666,41.399409],[-88.555747,41.399498],[-88.555757,41.399546],[-88.555757,41.399574],[-88.555675,41.399635],[-88.55552,41.399649],[-88.555474,41.399635],[-88.555374,41.399567],[-88.555292,41.399553],[-88.55521,41.399553],[-88.555083,41.399574],[-88.554991,41.399546],[-88.554946,41.399513],[-88.554964,41.399375],[-88.555,41.39932],[-88.555059,41.399186],[-88.555082,41.399045],[-88.555027,41.398997],[-88.554943,41.398941],[-88.55489,41.398936],[-88.554827,41.398943],[-88.554736,41.399011],[-88.554718,41.399032],[-88.554699,41.399094],[-88.554673,41.399238],[-88.554637,41.399272],[-88.554545,41.399341],[-88.55449,41.399369],[-88.554235,41.399403],[-88.554188,41.399426],[-88.554164,41.399429],[-88.554071,41.399492],[-88.554035,41.39963],[-88.554035,41.399671],[-88.553998,41.399705],[-88.553907,41.399774],[-88.553807,41.399788],[-88.553744,41.399767],[-88.55367,41.399733],[-88.553443,41.399568],[-88.553415,41.399569],[-88.553333,41.399527],[-88.553179,41.39949],[-88.553123,41.399473],[-88.552914,41.399314],[-88.552695,41.399284],[-88.552622,41.39926],[-88.552582,41.399239],[-88.552413,41.399116],[-88.552349,41.399116],[-88.552108,41.399175],[-88.552022,41.399171],[-88.551939,41.399178],[-88.551912,41.399185],[-88.551875,41.399157],[-88.551756,41.399086],[-88.551516,41.398972],[-88.55142,41.398921],[-88.551274,41.398863],[-88.551237,41.398841],[-88.5512,41.398835],[-88.551137,41.398798],[-88.551042,41.398759],[-88.550909,41.398664],[-88.550809,41.398602],[-88.550726,41.398582],[-88.550531,41.398571],[-88.550399,41.398588],[-88.550102,41.398599],[-88.549788,41.398555],[-88.549616,41.398554],[-88.549239,41.39858],[-88.548996,41.39861],[-88.548886,41.39861],[-88.548567,41.398589],[-88.548276,41.398597],[-88.548157,41.398583],[-88.548112,41.398569],[-88.547893,41.398405],[-88.547766,41.398287],[-88.547747,41.398263],[-88.547611,41.398157],[-88.547378,41.398113],[-88.547069,41.398092],[-88.546107,41.398151],[-88.546062,41.398172],[-88.546035,41.398172],[-88.545715,41.398251],[-88.545674,41.398265],[-88.545574,41.398279],[-88.545461,41.398282],[-88.545306,41.398248],[-88.545223,41.398207],[-88.545078,41.398166],[-88.544978,41.398146],[-88.544674,41.398137],[-88.544549,41.398159],[-88.544472,41.398183],[-88.544439,41.398187],[-88.544153,41.398366],[-88.543985,41.398489],[-88.543893,41.398544],[-88.54373,41.398586],[-88.543429,41.398558],[-88.543256,41.398681],[-88.543201,41.398688],[-88.543137,41.398726],[-88.543078,41.39875],[-88.542873,41.398888],[-88.54285,41.399005],[-88.5427,41.399265],[-88.542655,41.399306],[-88.54261,41.399365],[-88.542217,41.399657],[-88.542181,41.399692],[-88.542153,41.399788],[-88.542168,41.400121],[-88.542163,41.400172],[-88.542118,41.400223],[-88.541999,41.400317],[-88.541935,41.400351],[-88.541871,41.400358],[-88.541762,41.400331],[-88.541722,41.40031],[-88.541489,41.400138],[-88.541406,41.400138],[-88.54127,41.400152],[-88.541165,41.400213],[-88.541088,41.400269],[-88.540924,41.40042],[-88.540951,41.400722],[-88.540942,41.400742],[-88.540906,41.400777],[-88.540806,41.400852],[-88.540678,41.400832],[-88.540623,41.400804],[-88.540578,41.400798],[-88.540487,41.400749],[-88.540459,41.40075],[-88.540418,41.400729],[-88.540241,41.400619],[-88.54004,41.400578],[-88.539813,41.400578],[-88.539684,41.400606],[-88.539631,41.400613],[-88.539576,41.400627],[-88.539548,41.400647],[-88.539321,41.400709],[-88.539216,41.400726],[-88.539138,41.400716],[-88.538992,41.40062],[-88.538893,41.40062],[-88.538801,41.400703],[-88.538765,41.400791],[-88.538719,41.400833],[-88.5387,41.400881],[-88.538673,41.400909],[-88.538592,41.401094],[-88.538546,41.401348],[-88.538537,41.401465],[-88.538556,41.401746],[-88.538582,41.401774],[-88.538647,41.401877],[-88.538674,41.401966],[-88.538692,41.402152],[-88.538656,41.402193],[-88.538565,41.402261],[-88.538519,41.402289],[-88.538417,41.402315],[-88.538077,41.402347],[-88.537863,41.402372],[-88.537817,41.402392],[-88.537791,41.402392],[-88.537626,41.402509],[-88.537608,41.402557],[-88.537627,41.402701],[-88.537672,41.402798],[-88.5378,41.402942],[-88.537863,41.403071],[-88.5379,41.403222],[-88.537891,41.403408],[-88.537919,41.403663],[-88.537919,41.404122],[-88.537883,41.404212],[-88.537832,41.404261],[-88.537646,41.40441],[-88.537495,41.404507],[-88.537409,41.404555],[-88.537363,41.404562],[-88.5373,41.404596],[-88.537254,41.404603],[-88.537199,41.404638],[-88.53714,41.404665],[-88.536747,41.404975],[-88.536689,41.405022],[-88.536638,41.405142],[-88.53663,41.405156],[-88.536648,41.405379],[-88.536708,41.405516],[-88.536734,41.405537],[-88.536762,41.405599],[-88.536799,41.405722],[-88.53679,41.405811],[-88.536813,41.406066],[-88.536862,41.406182],[-88.53689,41.40621],[-88.536918,41.406258],[-88.536963,41.406306],[-88.536972,41.406395],[-88.536953,41.406505],[-88.537023,41.406802],[-88.53704,41.407953],[-88.537079,41.4114],[-88.537109,41.414056],[-88.538814,41.414038],[-88.539353,41.414042],[-88.539542,41.414033],[-88.540844,41.414017],[-88.54344,41.414],[-88.555245,41.413877],[-88.556728,41.413857],[-88.559104,41.413825],[-88.568299,41.413694],[-88.57161,41.413636],[-88.574632,41.413589],[-88.577515,41.413548],[-88.577519,41.413813],[-88.577525,41.414224],[-88.577535,41.414911],[-88.577532,41.414923],[-88.577649,41.41813],[-88.57768,41.419411],[-88.577725,41.42077],[-88.59313,41.42059],[-88.595211,41.420498],[-88.595256,41.42231],[-88.595279,41.42326],[-88.595334,41.425855],[-88.595378,41.427651],[-88.595371,41.427786],[-88.594782,41.4278],[-88.588962,41.427902],[-88.588614,41.427919],[-88.586862,41.427955],[-88.586015,41.427967],[-88.585865,41.427958],[-88.585489,41.427986],[-88.582368,41.428035],[-88.579298,41.428095],[-88.577974,41.428113],[-88.576308,41.428148],[-88.573542,41.42818],[-88.570198,41.428232],[-88.568528,41.428251],[-88.568544,41.430007],[-88.56852,41.432432],[-88.558894,41.432376],[-88.558421,41.432471],[-88.558422,41.432597],[-88.558432,41.43333],[-88.558453,41.435557],[-88.55849,41.438079],[-88.558531,41.440452],[-88.558557,41.442869],[-88.558544,41.442976],[-88.55308,41.443036],[-88.551623,41.443038],[-88.54958,41.443054],[-88.548911,41.443052],[-88.548444,41.443057],[-88.54745,41.443074],[-88.546873,41.443084],[-88.5451,41.443108],[-88.542899,41.443126],[-88.542714,41.443122],[-88.542539,41.443119],[-88.540718,41.44314],[-88.539559,41.443147],[-88.534689,41.443213],[-88.534572,41.443213],[-88.533171,41.443226],[-88.531456,41.443249],[-88.529779,41.443271],[-88.528639,41.44328],[-88.527891,41.443278],[-88.525432,41.443287],[-88.523329,41.44329],[-88.519945,41.443294],[-88.518156,41.443309],[-88.517936,41.443311],[-88.517938,41.428714],[-88.517251,41.428716],[-88.51427,41.428714],[-88.513028,41.42873],[-88.510586,41.428727],[-88.510091,41.428711],[-88.510117,41.429158],[-88.510149,41.430899],[-88.510193,41.432448],[-88.510242,41.434887],[-88.510348,41.438802],[-88.510418,41.440774],[-88.510439,41.441675],[-88.510448,41.442062],[-88.510446,41.443331],[-88.508322,41.443335],[-88.507078,41.443333],[-88.506286,41.443325],[-88.505621,41.443324],[-88.505111,41.443323],[-88.504469,41.443325],[-88.503218,41.443318],[-88.501655,41.443332],[-88.500665,41.443327],[-88.500304,41.443331],[-88.499378,41.443341],[-88.498927,41.443334],[-88.498056,41.443346],[-88.497423,41.443348],[-88.495982,41.443355],[-88.493262,41.443361],[-88.492676,41.443371],[-88.491707,41.443387],[-88.49128,41.443387],[-88.491339,41.450312],[-88.486934,41.45039],[-88.486987,41.450411],[-88.487107,41.450495],[-88.487125,41.450516],[-88.487141,41.450582],[-88.487243,41.450666],[-88.487336,41.450707],[-88.48738,41.450715],[-88.487452,41.450756],[-88.487499,41.45079],[-88.487635,41.450825],[-88.487826,41.45097],[-88.48787,41.451223],[-88.487916,41.451271],[-88.487924,41.451293],[-88.488015,41.451389],[-88.488074,41.45156],[-88.488105,41.451614],[-88.488142,41.451656],[-88.488187,41.451821],[-88.488242,41.451965],[-88.488268,41.451992],[-88.488296,41.452041],[-88.488478,41.452206],[-88.488678,41.452356],[-88.488724,41.452419],[-88.488739,41.452451],[-88.48875,41.452508],[-88.488723,41.452542],[-88.488723,41.45259],[-88.488786,41.452638],[-88.488854,41.452669],[-88.489087,41.452687],[-88.489118,41.452704],[-88.489378,41.452728],[-88.489543,41.452838],[-88.489587,41.452852],[-88.489751,41.452866],[-88.489843,41.452935],[-88.489892,41.453004],[-88.489924,41.453079],[-88.489951,41.453127],[-88.490015,41.453168],[-88.490188,41.453299],[-88.490187,41.453436],[-88.490351,41.453573],[-88.490335,41.453627],[-88.490231,41.453745],[-88.490213,41.453779],[-88.490158,41.453841],[-88.490112,41.453957],[-88.490112,41.454033],[-88.490047,41.454342],[-88.489937,41.454424],[-88.489855,41.454465],[-88.489782,41.454513],[-88.489782,41.454561],[-88.489813,41.454675],[-88.489829,41.454828],[-88.489653,41.455028],[-88.489624,41.455103],[-88.489597,41.4552],[-88.489615,41.455364],[-88.489651,41.455398],[-88.489663,41.455449],[-88.482564,41.455442],[-88.482473,41.457905],[-88.481821,41.457907],[-88.481681,41.457903],[-88.48177,41.461306],[-88.48182,41.463448],[-88.48186,41.464779],[-88.48187,41.46518],[-88.48188,41.46529],[-88.481909,41.466456],[-88.48196,41.46847],[-88.48201,41.470286],[-88.482046,41.471563],[-88.482046,41.471595],[-88.482046,41.47161],[-88.482051,41.471766],[-88.482066,41.472281],[-88.482067,41.472324],[-88.482067,41.472341],[-88.48207,41.47243],[-88.481744,41.472438],[-88.480819,41.472462],[-88.480769,41.472463],[-88.480444,41.472472],[-88.478476,41.472522],[-88.47819,41.47253],[-88.47654,41.47259],[-88.47453,41.47263],[-88.472575,41.472693],[-88.47237,41.4727],[-88.47191,41.47271],[-88.471577,41.472718],[-88.47111,41.47273],[-88.47078,41.47274],[-88.470608,41.47274],[-88.47008,41.47274],[-88.46936,41.47276],[-88.46857,41.47277],[-88.46818,41.47277],[-88.466003,41.472802],[-88.4642,41.47283],[-88.463673,41.472843],[-88.462369,41.472877],[-88.45875,41.47297],[-88.45689,41.47303],[-88.45618,41.47305],[-88.45522,41.47309],[-88.45444,41.4731],[-88.453931,41.473115],[-88.45311,41.473141],[-88.452766,41.473152],[-88.452314,41.473166],[-88.452192,41.47317],[-88.45091,41.47321],[-88.45008,41.47324],[-88.44935,41.47325],[-88.448787,41.473267],[-88.448143,41.473287],[-88.447963,41.473293],[-88.447974,41.473399],[-88.448025,41.475537],[-88.448025,41.475552],[-88.447447,41.475568],[-88.447398,41.47557],[-88.447234,41.475575],[-88.444567,41.475653],[-88.444629,41.478316],[-88.444679,41.48047],[-88.444687,41.480566],[-88.44441,41.48058],[-88.44359,41.4806],[-88.442964,41.480616],[-88.44171,41.48065],[-88.43995,41.48069],[-88.43983,41.48069],[-88.43882,41.48071],[-88.43764,41.48074],[-88.436728,41.480759],[-88.43581,41.48078],[-88.43439,41.48082],[-88.43367,41.48083],[-88.433561,41.480857],[-88.43322,41.480942],[-88.432719,41.481188],[-88.432856,41.481403],[-88.433207,41.482246],[-88.433383,41.482899],[-88.433464,41.48394],[-88.433618,41.491185],[-88.433601,41.491787],[-88.433602,41.491829],[-88.433589,41.491913],[-88.43394,41.49651],[-88.43394,41.49669],[-88.433773,41.500361],[-88.433773,41.500935],[-88.433808,41.50194],[-88.433801,41.502719],[-88.433794,41.502906],[-88.43378,41.504848],[-88.433738,41.508823],[-88.433457,41.508826],[-88.432117,41.508842],[-88.43207,41.508842],[-88.431661,41.508843],[-88.431615,41.50887],[-88.431604,41.508865],[-88.431046,41.508847],[-88.430812,41.508862],[-88.430676,41.508871],[-88.430548,41.508885],[-88.430475,41.508905],[-88.430421,41.508927],[-88.430319,41.508947],[-88.430247,41.508968],[-88.43021,41.508988],[-88.430164,41.508996],[-88.430073,41.509036],[-88.43,41.509057],[-88.429955,41.509064],[-88.429918,41.509085],[-88.429864,41.509098],[-88.429827,41.509119],[-88.429754,41.509137],[-88.429663,41.509168],[-88.429545,41.509201],[-88.429508,41.509223],[-88.429463,41.509229],[-88.429426,41.50925],[-88.429381,41.509257],[-88.429344,41.509278],[-88.429281,41.509291],[-88.429244,41.509311],[-88.429199,41.509319],[-88.429162,41.50934],[-88.429107,41.509353],[-88.429053,41.509381],[-88.429007,41.509381],[-88.428961,41.509409],[-88.428888,41.509426],[-88.428761,41.509463],[-88.428724,41.509484],[-88.428632,41.509505],[-88.428568,41.50954],[-88.428525,41.509546],[-88.428488,41.509567],[-88.428386,41.509588],[-88.428341,41.509615],[-88.428314,41.509615],[-88.42815,41.509746],[-88.428123,41.509814],[-88.428054,41.509962],[-88.428029,41.510091],[-88.42649,41.51013],[-88.426255,41.510137],[-88.42415,41.5102],[-88.42392,41.5102],[-88.420933,41.510294],[-88.41916,41.51035],[-88.418283,41.510377],[-88.415652,41.51046],[-88.414776,41.510489],[-88.409476,41.510656],[-88.40947,41.513142],[-88.409467,41.513624],[-88.409463,41.514376],[-88.408768,41.51437],[-88.408286,41.514367],[-88.406876,41.514367],[-88.406849,41.514368],[-88.406903,41.517915],[-88.406249,41.517916],[-88.40484,41.517919],[-88.40484,41.51795],[-88.40484,41.51832],[-88.40485,41.51863],[-88.404852,41.519178],[-88.404867,41.522956],[-88.40487,41.52354],[-88.40488,41.52382],[-88.40487,41.524],[-88.40484,41.52414],[-88.40482,41.52421],[-88.4048,41.52426],[-88.40474,41.52437],[-88.40469,41.52448],[-88.40467,41.52456],[-88.40467,41.52469],[-88.40468,41.52485],[-88.40468,41.524927],[-88.40468,41.52496],[-88.40469,41.5251],[-88.4047,41.52511],[-88.404644,41.52512],[-88.40454,41.52514],[-88.404477,41.525148],[-88.404421,41.525156],[-88.4044,41.52516],[-88.404035,41.525174],[-88.403914,41.525178],[-88.40388,41.52518],[-88.40319,41.5252],[-88.402394,41.525215],[-88.40216,41.52522],[-88.40196,41.52525],[-88.401891,41.525265],[-88.40178,41.52529],[-88.401674,41.525325],[-88.4016,41.52535],[-88.40023,41.52604],[-88.39969,41.52626],[-88.399277,41.526395],[-88.39859,41.5266],[-88.39792,41.52681],[-88.396528,41.527243],[-88.39625,41.52733],[-88.3933,41.52824],[-88.390101,41.529217],[-88.388279,41.529774],[-88.38826,41.52978],[-88.386945,41.530187],[-88.38613,41.53044],[-88.385755,41.530561],[-88.385623,41.5306],[-88.38553,41.53062],[-88.385587,41.527791],[-88.385477,41.525968],[-88.385474,41.525698],[-88.385364,41.5257],[-88.383779,41.525726],[-88.38058,41.525781],[-88.378192,41.525822],[-88.378124,41.525823],[-88.376751,41.525846],[-88.375686,41.525864],[-88.375634,41.525865],[-88.376242,41.525452],[-88.37641,41.525377],[-88.376549,41.525341],[-88.377045,41.525298],[-88.377076,41.525287],[-88.377179,41.525272],[-88.377486,41.525205],[-88.377514,41.525205],[-88.377714,41.525156],[-88.377751,41.525136],[-88.377843,41.525115],[-88.37788,41.525095],[-88.377911,41.525092],[-88.377953,41.525081],[-88.377988,41.52506],[-88.378043,41.525047],[-88.37808,41.525026],[-88.378189,41.525006],[-88.378262,41.524978],[-88.378335,41.524964],[-88.378399,41.52493],[-88.378436,41.524922],[-88.378472,41.524902],[-88.378518,41.524888],[-88.378764,41.524779],[-88.379014,41.524614],[-88.379108,41.524562],[-88.379274,41.524456],[-88.379493,41.524291],[-88.379721,41.52414],[-88.379858,41.524057],[-88.379957,41.523988],[-88.379958,41.523961],[-88.380614,41.523528],[-88.380732,41.523439],[-88.380841,41.52335],[-88.380896,41.523274],[-88.380933,41.523247],[-88.380965,41.523191],[-88.380983,41.523134],[-88.380946,41.522989],[-88.380831,41.522711],[-88.38081,41.52263],[-88.380759,41.522561],[-88.380575,41.522423],[-88.380329,41.522369],[-88.380283,41.522348],[-88.380128,41.522252],[-88.380109,41.522088],[-88.380201,41.521902],[-88.380209,41.521813],[-88.380236,41.521662],[-88.380272,41.521559],[-88.380441,41.521415],[-88.380637,41.521298],[-88.381056,41.520978],[-88.381101,41.520914],[-88.381247,41.520728],[-88.381293,41.52068],[-88.38132,41.520659],[-88.381329,41.520632],[-88.381375,41.520583],[-88.381393,41.520536],[-88.381438,41.520488],[-88.381457,41.520439],[-88.381493,41.520398],[-88.381593,41.520199],[-88.381684,41.519986],[-88.381848,41.519849],[-88.381995,41.5198],[-88.382094,41.51978],[-88.382149,41.519753],[-88.382431,41.519677],[-88.382459,41.519656],[-88.382496,41.519649],[-88.382577,41.519609],[-88.382623,41.519602],[-88.382705,41.51956],[-88.38275,41.519554],[-88.383015,41.519437],[-88.383279,41.519313],[-88.383343,41.519278],[-88.383393,41.519244],[-88.383452,41.51922],[-88.383594,41.519135],[-88.383753,41.519062],[-88.383904,41.51897],[-88.384136,41.51886],[-88.384296,41.518763],[-88.384419,41.518709],[-88.385039,41.518303],[-88.385162,41.518285],[-88.3854,41.518263],[-88.3854,41.51825],[-88.385376,41.517466],[-88.38535,41.51655],[-88.38532,41.5153],[-88.385315,41.515076],[-88.3853,41.51428],[-88.38234,41.51431],[-88.380538,41.514329],[-88.380655,41.51827],[-88.377519,41.518298],[-88.375553,41.518316],[-88.375545,41.517323],[-88.373589,41.51737],[-88.367724,41.517515],[-88.365769,41.517563],[-88.36578,41.5183],[-88.36581,41.5218],[-88.36582,41.52251],[-88.365899,41.526108],[-88.365902,41.526321],[-88.365919,41.527797],[-88.36588,41.527807],[-88.365784,41.527832],[-88.365661,41.527873],[-88.365452,41.527997],[-88.365347,41.528073],[-88.365137,41.528251],[-88.365073,41.528323],[-88.365036,41.528354],[-88.365009,41.528443],[-88.364931,41.528618],[-88.364836,41.529088],[-88.364817,41.52924],[-88.364759,41.529367],[-88.364718,41.529658],[-88.364654,41.530317],[-88.364645,41.53075],[-88.364646,41.530955],[-88.364578,41.531089],[-88.364564,41.531175],[-88.364592,41.53121],[-88.364555,41.531243],[-88.364528,41.531443],[-88.3645,41.531491],[-88.364473,41.531518],[-88.364465,41.531553],[-88.364395,41.531628],[-88.364328,41.531721],[-88.364095,41.531916],[-88.364063,41.531958],[-88.363999,41.532116],[-88.363963,41.532253],[-88.363935,41.532479],[-88.36389,41.532569],[-88.363854,41.53261],[-88.363725,41.532706],[-88.363571,41.532782],[-88.363488,41.532789],[-88.363278,41.532772],[-88.363132,41.532734],[-88.363086,41.532707],[-88.363041,41.5327],[-88.362986,41.532673],[-88.36289,41.532649],[-88.362831,41.532645],[-88.362717,41.532621],[-88.362547,41.532617],[-88.362384,41.532645],[-88.362311,41.532666],[-88.362247,41.5327],[-88.36221,41.532707],[-88.362128,41.532749],[-88.362091,41.532755],[-88.361882,41.532817],[-88.3618,41.532859],[-88.361562,41.532914],[-88.361334,41.532948],[-88.361206,41.532948],[-88.361088,41.532935],[-88.360767,41.532846],[-88.360731,41.532824],[-88.360631,41.532797],[-88.360567,41.53276],[-88.360344,41.532653],[-88.36011,41.532489],[-88.360019,41.532406],[-88.359992,41.532376],[-88.359891,41.532283],[-88.359836,41.532224],[-88.359434,41.531851],[-88.359124,41.531625],[-88.359041,41.531576],[-88.358987,41.531562],[-88.35895,41.531542],[-88.358895,41.531528],[-88.358722,41.531508],[-88.358621,41.531501],[-88.358558,41.531501],[-88.358078,41.531533],[-88.357754,41.531581],[-88.357694,41.531601],[-88.357571,41.531619],[-88.357079,41.531749],[-88.357024,41.531777],[-88.35685,41.531825],[-88.356668,41.531962],[-88.35654,41.532065],[-88.35654,41.532086],[-88.356495,41.532127],[-88.356476,41.532175],[-88.356449,41.532202],[-88.356399,41.532323],[-88.356339,41.532607],[-88.356304,41.532642],[-88.356258,41.532676],[-88.356139,41.53269],[-88.355966,41.532703],[-88.35592,41.532717],[-88.355838,41.532759],[-88.355755,41.532772],[-88.355436,41.532793],[-88.3554,41.5328],[-88.355344,41.532834],[-88.355189,41.532897],[-88.355165,41.532901],[-88.355144,41.53291],[-88.354889,41.532903],[-88.354724,41.532862],[-88.354678,41.532835],[-88.354606,41.532821],[-88.354569,41.532801],[-88.354486,41.532787],[-88.353957,41.532664],[-88.353929,41.532643],[-88.353838,41.532629],[-88.353386,41.532517],[-88.35319,41.532486],[-88.353136,41.532472],[-88.35308,41.532437],[-88.352952,41.53241],[-88.352833,41.532403],[-88.352743,41.532411],[-88.35266,41.532431],[-88.352369,41.532651],[-88.352259,41.532671],[-88.352237,41.532679],[-88.352122,41.532699],[-88.352007,41.53273],[-88.351751,41.532768],[-88.351786,41.535217],[-88.351834,41.537614],[-88.351843,41.53843],[-88.35192,41.53832],[-88.35198,41.54028],[-88.35201,41.541],[-88.352024,41.541393],[-88.35204,41.54182],[-88.352062,41.542572],[-88.352074,41.542966],[-88.352075,41.543004],[-88.352078,41.54312],[-88.352084,41.543159],[-88.352176,41.543228],[-88.352277,41.543434],[-88.352313,41.543488],[-88.35236,41.543543],[-88.352378,41.543598],[-88.352423,41.543646],[-88.35245,41.543694],[-88.352487,41.543784],[-88.352606,41.544037],[-88.352652,41.544085],[-88.352679,41.544133],[-88.352707,41.544161],[-88.352725,41.544209],[-88.352752,41.544236],[-88.352808,41.544326],[-88.352873,41.544479],[-88.3531,41.545005],[-88.353132,41.545101],[-88.353237,41.54532],[-88.353319,41.545409],[-88.353337,41.545451],[-88.353465,41.545567],[-88.353558,41.545671],[-88.353566,41.545695],[-88.353703,41.5458],[-88.353978,41.545989],[-88.354032,41.546014],[-88.354232,41.546068],[-88.354265,41.546086],[-88.354589,41.546109],[-88.355539,41.546108],[-88.356365,41.546091],[-88.356685,41.546098],[-88.356714,41.546099],[-88.356854,41.546108],[-88.357251,41.546146],[-88.357575,41.546183],[-88.35811,41.546228],[-88.358224,41.546231],[-88.35826,41.546258],[-88.358261,41.547206],[-88.358383,41.548133],[-88.358337,41.548189],[-88.361948,41.548117],[-88.361956,41.548234],[-88.362191,41.555389],[-88.360113,41.555427],[-88.357394,41.555466],[-88.357439,41.559094],[-88.352797,41.559166],[-88.35293,41.562686],[-88.357627,41.562595],[-88.35763,41.562702],[-88.357754,41.566353],[-88.35315,41.566419],[-88.352941,41.566436],[-88.35292,41.56628],[-88.35292,41.56624],[-88.35289,41.56603],[-88.35289,41.56586],[-88.35284,41.56469],[-88.352794,41.563455],[-88.352336,41.563464],[-88.352308,41.562913],[-88.352774,41.562903],[-88.35277,41.5628],[-88.352303,41.562808],[-88.351708,41.562819],[-88.35001,41.56285],[-88.348525,41.562876],[-88.347862,41.562887],[-88.347464,41.562895],[-88.347237,41.562898],[-88.346704,41.562907],[-88.3443,41.56295],[-88.343142,41.562972],[-88.342681,41.56298],[-88.341298,41.563008],[-88.341222,41.56301],[-88.34071,41.56302],[-88.34051,41.56302],[-88.338325,41.56306],[-88.338329,41.563173],[-88.338588,41.570321],[-88.333766,41.57041],[-88.33384,41.57248],[-88.333847,41.572552],[-88.33385,41.572644],[-88.33387,41.5733],[-88.33388,41.573542],[-88.333906,41.57412],[-88.333834,41.574113],[-88.333688,41.574113],[-88.333541,41.574122],[-88.333527,41.574124],[-88.333112,41.574114],[-88.332856,41.574086],[-88.332536,41.574004],[-88.332513,41.57399],[-88.332281,41.573893],[-88.332012,41.573767],[-88.331988,41.573756],[-88.331934,41.573743],[-88.331823,41.573688],[-88.331568,41.57351],[-88.33155,41.573387],[-88.331523,41.573359],[-88.331495,41.573043],[-88.331449,41.57292],[-88.331421,41.572871],[-88.331376,41.572817],[-88.331312,41.572758],[-88.331266,41.572707],[-88.331238,41.572659],[-88.331211,41.572631],[-88.331151,41.572394],[-88.331129,41.572226],[-88.331037,41.572069],[-88.330814,41.571897],[-88.330736,41.571866],[-88.330535,41.571753],[-88.330489,41.571746],[-88.330388,41.571692],[-88.330297,41.571671],[-88.330261,41.57165],[-88.330124,41.571616],[-88.330096,41.571595],[-88.329703,41.571561],[-88.329612,41.571547],[-88.329493,41.571478],[-88.329484,41.571458],[-88.329493,41.571369],[-88.329454,41.571224],[-88.329379,41.570488],[-88.323999,41.570569],[-88.323995,41.570478],[-88.323992,41.570391],[-88.323827,41.565987],[-88.321474,41.565987],[-88.321474,41.564177],[-88.314216,41.5643],[-88.314347,41.569187],[-88.314373,41.5702],[-88.314399,41.570781],[-88.314258,41.570728],[-88.304686,41.570893],[-88.305016,41.578138],[-88.30572,41.57813],[-88.30785,41.57808],[-88.310668,41.578033],[-88.31335,41.57799],[-88.31354,41.57798],[-88.31448,41.57797],[-88.31448,41.577988],[-88.314483,41.578043],[-88.314484,41.578062],[-88.314416,41.578139],[-88.31438,41.578187],[-88.314334,41.578296],[-88.314216,41.578502],[-88.314189,41.57853],[-88.314152,41.578625],[-88.314115,41.57866],[-88.314097,41.578702],[-88.314069,41.578729],[-88.314033,41.578818],[-88.314006,41.578845],[-88.313978,41.578893],[-88.313951,41.578921],[-88.313906,41.579017],[-88.313878,41.579045],[-88.313859,41.579079],[-88.313832,41.579107],[-88.313814,41.579141],[-88.313695,41.579264],[-88.313348,41.579669],[-88.31333,41.579731],[-88.313303,41.579762],[-88.313257,41.579799],[-88.313258,41.57982],[-88.312773,41.580236],[-88.312069,41.580818],[-88.31101,41.581694],[-88.310554,41.582064],[-88.310481,41.58216],[-88.310453,41.582257],[-88.310426,41.582291],[-88.310412,41.582617],[-88.310436,41.582813],[-88.310495,41.582943],[-88.310555,41.583059],[-88.310581,41.58308],[-88.3106,41.583128],[-88.310641,41.583969],[-88.310669,41.584216],[-88.310715,41.584532],[-88.310752,41.584731],[-88.310852,41.585136],[-88.31093,41.585564],[-88.310939,41.5861],[-88.310893,41.586333],[-88.310799,41.587771],[-88.310762,41.588251],[-88.310725,41.588656],[-88.310675,41.589023],[-88.310643,41.589096],[-88.310602,41.589264],[-88.310584,41.589387],[-88.310497,41.589576],[-88.310466,41.589696],[-88.310311,41.590039],[-88.310256,41.590114],[-88.310255,41.590135],[-88.31015,41.590238],[-88.309854,41.590592],[-88.30968,41.590725],[-88.309587,41.590785],[-88.309269,41.590993],[-88.309164,41.591041],[-88.309114,41.591076],[-88.309009,41.591124],[-88.308666,41.591303],[-88.308072,41.591598],[-88.308027,41.591612],[-88.307789,41.591762],[-88.307708,41.59179],[-88.307598,41.591865],[-88.307456,41.591927],[-88.307405,41.591961],[-88.307333,41.591995],[-88.307186,41.592091],[-88.307118,41.592119],[-88.307059,41.59216],[-88.306958,41.592201],[-88.30683,41.59228],[-88.306772,41.592304],[-88.30651,41.592496],[-88.306359,41.592618],[-88.308093,41.592591],[-88.31086,41.59255],[-88.313296,41.592509],[-88.31449,41.59249],[-88.31503,41.59247],[-88.315045,41.592864],[-88.31507,41.59347],[-88.315099,41.594048],[-88.315119,41.594443],[-88.31512,41.59446],[-88.31517,41.59576],[-88.315194,41.596209],[-88.31524,41.59706],[-88.31526,41.5977],[-88.31529,41.59838],[-88.31537,41.59968],[-88.31541,41.60088],[-88.315439,41.601509],[-88.31545,41.60174],[-88.31548,41.60219],[-88.31552,41.603276],[-88.31553,41.60354],[-88.315558,41.603986],[-88.3156,41.60464],[-88.3156,41.60477],[-88.315605,41.604849],[-88.31561,41.60494],[-88.31565,41.60593],[-88.315658,41.606119],[-88.31569,41.60683],[-88.315808,41.606809],[-88.316168,41.60677],[-88.316288,41.606757],[-88.31751,41.60661],[-88.31753,41.6066],[-88.318238,41.606508],[-88.31868,41.60645],[-88.319,41.60641],[-88.319824,41.606308],[-88.32079,41.60619],[-88.32178,41.60606],[-88.3243,41.60574],[-88.32499,41.60565],[-88.32533,41.60561],[-88.32555,41.60558],[-88.32573,41.60556],[-88.32719,41.60536],[-88.32889,41.60515],[-88.330433,41.604945],[-88.33108,41.60486],[-88.33148,41.60482],[-88.33397,41.60449],[-88.33578,41.60426],[-88.33657,41.60417],[-88.336889,41.604127],[-88.33695,41.60412],[-88.33736,41.60408],[-88.33771,41.60406],[-88.33825,41.60404],[-88.33845,41.60404],[-88.33861,41.60404],[-88.33917,41.60406],[-88.33961,41.60409],[-88.34023,41.60415],[-88.34241,41.60444],[-88.34296,41.60452],[-88.34353,41.60461],[-88.34417,41.60476],[-88.34453,41.60485],[-88.34489,41.60495],[-88.34531,41.60509],[-88.345593,41.605189],[-88.34568,41.60522],[-88.34615,41.60543],[-88.34663,41.60565],[-88.34736,41.60596],[-88.34786,41.60611],[-88.34834,41.60622],[-88.34858,41.60627],[-88.34908,41.60633],[-88.349531,41.606367],[-88.34956,41.60637],[-88.34998,41.60638],[-88.35058,41.60638],[-88.353137,41.606355],[-88.35371,41.60635],[-88.35434,41.60634],[-88.356533,41.60631],[-88.35659,41.60631],[-88.35746,41.60631],[-88.35794,41.6063],[-88.35836,41.60632],[-88.35869,41.60634],[-88.35907,41.60638],[-88.3595,41.60645],[-88.35982,41.60651],[-88.36019,41.6066],[-88.36078,41.60679],[-88.36172,41.60718],[-88.3623,41.60744],[-88.362868,41.6077],[-88.36291,41.60772],[-88.363672,41.608077],[-88.362879,41.609077],[-88.362742,41.609284],[-88.362646,41.609658],[-88.362657,41.610089],[-88.362731,41.611472],[-88.362742,41.611588],[-88.362765,41.612379],[-88.362792,41.615322],[-88.362792,41.616392],[-88.362676,41.617135],[-88.362325,41.618074],[-88.362062,41.618794],[-88.362062,41.619274],[-88.362296,41.619733],[-88.36234,41.619884],[-88.362412,41.620126],[-88.362925,41.620126],[-88.36583,41.620126],[-88.365877,41.620126],[-88.367365,41.620126],[-88.36764,41.620126],[-88.368107,41.620039],[-88.368546,41.619952],[-88.368747,41.619952],[-88.368783,41.62097],[-88.368927,41.62513],[-88.36895,41.625641],[-88.369034,41.627515],[-88.369225,41.631775],[-88.369285,41.633143],[-88.369343,41.634446],[-88.369369,41.63502],[-88.369335,41.635544],[-88.369235,41.637119],[-88.369202,41.637644],[-88.369361,41.637648],[-88.36936,41.638987],[-88.369366,41.639638],[-88.369403,41.643367],[-88.369409,41.644074],[-88.369928,41.644194],[-88.370015,41.644217],[-88.371355,41.644631],[-88.372193,41.644906],[-88.372582,41.645001],[-88.373526,41.645281],[-88.374046,41.645461],[-88.374166,41.645518],[-88.374398,41.645629],[-88.374718,41.645785],[-88.375182,41.646153],[-88.37627,41.646805],[-88.376622,41.647033],[-88.376918,41.647137],[-88.377454,41.647201],[-88.378014,41.647345],[-88.378671,41.647486],[-88.379003,41.647563],[-88.37912,41.647599],[-88.380224,41.647883],[-88.380252,41.648488],[-88.380268,41.648843],[-88.380543,41.648995],[-88.380902,41.649192],[-88.380826,41.649246],[-88.3808,41.649263],[-88.380721,41.649314],[-88.380696,41.649332],[-88.380669,41.64935],[-88.380587,41.649404],[-88.380561,41.649423],[-88.380513,41.649454],[-88.380371,41.649549],[-88.380324,41.649582],[-88.380112,41.649725],[-88.38006,41.64976],[-88.37939,41.65022],[-88.379324,41.650268],[-88.37891,41.65058],[-88.3781,41.65127],[-88.377867,41.651517],[-88.37776,41.651677],[-88.37764,41.65187],[-88.37746,41.652203],[-88.377393,41.652397],[-88.377293,41.652761],[-88.377276,41.652822],[-88.377279,41.652948],[-88.377304,41.654004],[-88.377212,41.654005],[-88.377121,41.654009],[-88.374409,41.654121],[-88.372837,41.654186],[-88.37226,41.65421],[-88.370647,41.654277],[-88.368422,41.654369],[-88.366112,41.654465],[-88.365403,41.654494],[-88.364407,41.654535],[-88.364153,41.657055],[-88.361197,41.657018],[-88.360355,41.656995],[-88.360341,41.657177],[-88.360376,41.659207],[-88.360403,41.660738],[-88.361111,41.660723],[-88.36377,41.660666],[-88.363513,41.66372],[-88.367088,41.663638],[-88.367107,41.664617],[-88.367243,41.671594],[-88.367269,41.673486],[-88.371463,41.672604],[-88.374999,41.671816],[-88.376336,41.668161],[-88.376336,41.664441],[-88.377421,41.664417],[-88.37743,41.66593],[-88.377461,41.667536],[-88.377462,41.667597],[-88.377476,41.66834],[-88.377489,41.669031],[-88.377492,41.669213],[-88.3775,41.66955],[-88.37749,41.66977],[-88.377554,41.671905],[-88.37803,41.67179],[-88.378121,41.671765],[-88.37848,41.67167],[-88.378721,41.671603],[-88.37906,41.67151],[-88.379436,41.671378],[-88.37946,41.67137],[-88.37967,41.67129],[-88.379813,41.671231],[-88.37989,41.6712],[-88.380245,41.671057],[-88.38039,41.671],[-88.380495,41.670948],[-88.38081,41.670793],[-88.380916,41.670742],[-88.38094,41.67073],[-88.38128,41.67054],[-88.38143,41.67045],[-88.38176,41.67027],[-88.381953,41.670143],[-88.38223,41.66996],[-88.3823,41.66991],[-88.38273,41.66959],[-88.383031,41.669348],[-88.38331,41.66911],[-88.38357,41.66887],[-88.38395,41.66846],[-88.38498,41.6672],[-88.38542,41.66665],[-88.38746,41.66406],[-88.387898,41.663507],[-88.38905,41.66206],[-88.38944,41.66158],[-88.389483,41.661525],[-88.3895,41.66238],[-88.389497,41.663474],[-88.389496,41.66385],[-88.394969,41.663829],[-88.396768,41.663823],[-88.396919,41.663822],[-88.39688,41.66388],[-88.39652,41.6644],[-88.39518,41.66638],[-88.39459,41.66723],[-88.39458,41.66724],[-88.394324,41.667609],[-88.39366,41.66857],[-88.39319,41.66907],[-88.39276,41.66947],[-88.39234,41.66982],[-88.39199,41.67007],[-88.39141,41.67046],[-88.39078,41.67083],[-88.39002,41.67119],[-88.3895,41.6714],[-88.38906,41.67155],[-88.38589,41.67251],[-88.38325,41.6733],[-88.382302,41.673589],[-88.38208,41.67365],[-88.38092,41.67401],[-88.380685,41.674075],[-88.379705,41.674349],[-88.37949,41.67441],[-88.37865,41.6746],[-88.37786,41.67472],[-88.377979,41.674791],[-88.378116,41.674825],[-88.37829,41.674811],[-88.379952,41.674475],[-88.381523,41.674169],[-88.382319,41.674118],[-88.382925,41.674102],[-88.383507,41.674174],[-88.384078,41.67422],[-88.384338,41.674265],[-88.385281,41.674582],[-88.385837,41.67474],[-88.386403,41.674877],[-88.386709,41.674923],[-88.386903,41.674933],[-88.387204,41.674913],[-88.387632,41.674893],[-88.388525,41.67477],[-88.389096,41.674663],[-88.389713,41.67451],[-88.390169,41.674407],[-88.390629,41.674216],[-88.390692,41.674163],[-88.390774,41.674056],[-88.390936,41.673907],[-88.390957,41.673888],[-88.3911,41.673786],[-88.391263,41.673715],[-88.391651,41.673618],[-88.392304,41.673429],[-88.392395,41.673393],[-88.394007,41.672685],[-88.394639,41.672379],[-88.395368,41.672027],[-88.396817,41.671185],[-88.39749,41.670716],[-88.398112,41.670247],[-88.398673,41.669849],[-88.399065,41.669553],[-88.399346,41.669278],[-88.399586,41.669018],[-88.399876,41.668651],[-88.400437,41.667957],[-88.40117,41.66701],[-88.40117,41.66694],[-88.40121,41.66684],[-88.40151,41.66642],[-88.401576,41.66633],[-88.40194,41.66584],[-88.40234,41.66525],[-88.402417,41.665122],[-88.403221,41.665306],[-88.403314,41.665189],[-88.40436,41.665378],[-88.404351,41.665316],[-88.404329,41.665032],[-88.404371,41.664575],[-88.404437,41.664123],[-88.404466,41.663798],[-88.404636,41.663798],[-88.404854,41.663798],[-88.405148,41.663797],[-88.405243,41.663797],[-88.405319,41.663797],[-88.404303,41.667276],[-88.402817,41.668526],[-88.400646,41.670014],[-88.399672,41.670502],[-88.398995,41.670877],[-88.398494,41.671617],[-88.397982,41.672034],[-88.397706,41.672258],[-88.397058,41.672678],[-88.39649,41.672954],[-88.396398,41.673017],[-88.396146,41.67319],[-88.39612,41.6732],[-88.3958,41.67332],[-88.395722,41.67335],[-88.395346,41.673486],[-88.395002,41.673594],[-88.394585,41.673694],[-88.394113,41.673806],[-88.393601,41.673918],[-88.393193,41.674075],[-88.392657,41.674351],[-88.392377,41.674507],[-88.391689,41.674867],[-88.391097,41.675095],[-88.390529,41.675275],[-88.389953,41.675415],[-88.389025,41.675527],[-88.388537,41.675563],[-88.387889,41.675608],[-88.387433,41.675608],[-88.387025,41.675588],[-88.386673,41.675556],[-88.386136,41.675488],[-88.385528,41.675372],[-88.385301,41.675313],[-88.385274,41.675306],[-88.385144,41.675272],[-88.385116,41.675266],[-88.384496,41.675136],[-88.38433,41.675109],[-88.383936,41.675048],[-88.38363,41.675034],[-88.383304,41.67502],[-88.382704,41.675037],[-88.382664,41.67504],[-88.382143,41.675069],[-88.381479,41.675133],[-88.380895,41.675213],[-88.380279,41.675273],[-88.38015,41.67528],[-88.380152,41.675348],[-88.380152,41.675366],[-88.380154,41.675415],[-88.380159,41.67557],[-88.38016,41.675625],[-88.380161,41.675641],[-88.380163,41.675712],[-88.380369,41.675665],[-88.380447,41.675655],[-88.380607,41.675618],[-88.380685,41.675607],[-88.380762,41.67559],[-88.38084,41.67558],[-88.380928,41.675557],[-88.381152,41.675526],[-88.381322,41.675505],[-88.381491,41.675485],[-88.381821,41.675465],[-88.382955,41.675466],[-88.383893,41.675526],[-88.384327,41.675558],[-88.384429,41.675586],[-88.384573,41.675632],[-88.38479,41.675791],[-88.384804,41.675805],[-88.384822,41.675916],[-88.384821,41.675998],[-88.384784,41.67606],[-88.384701,41.676166],[-88.3845,41.67632],[-88.38438,41.676391],[-88.384298,41.676429],[-88.384156,41.676484],[-88.384133,41.676498],[-88.384087,41.676505],[-88.384051,41.676539],[-88.384062,41.676546],[-88.384082,41.67656],[-88.384097,41.676564],[-88.38411,41.676569],[-88.384299,41.676517],[-88.38444,41.676501],[-88.384536,41.676478],[-88.384632,41.676468],[-88.384664,41.676457],[-88.384883,41.676444],[-88.38508,41.676447],[-88.385382,41.67645],[-88.386055,41.676459],[-88.386266,41.676453],[-88.38652,41.676458],[-88.386756,41.676464],[-88.387561,41.676534],[-88.388224,41.676552],[-88.388408,41.676538],[-88.388733,41.676501],[-88.388792,41.676484],[-88.38893,41.676463],[-88.389186,41.676388],[-88.389279,41.676366],[-88.389427,41.676332],[-88.389566,41.67631],[-88.389781,41.676252],[-88.38991,41.676225],[-88.390093,41.67617],[-88.390185,41.676156],[-88.390249,41.67613],[-88.390285,41.676108],[-88.390514,41.676047],[-88.390597,41.676006],[-88.390633,41.676],[-88.39067,41.675979],[-88.390755,41.675951],[-88.390972,41.675883],[-88.391009,41.675876],[-88.391055,41.675856],[-88.391165,41.675828],[-88.391193,41.675808],[-88.391366,41.67576],[-88.39166,41.675686],[-88.391773,41.675668],[-88.39188,41.675638],[-88.392035,41.675617],[-88.392081,41.675597],[-88.392143,41.675589],[-88.392259,41.675573],[-88.39275,41.67544],[-88.393153,41.675344],[-88.393208,41.675324],[-88.393271,41.675317],[-88.3934,41.67529],[-88.393441,41.675287],[-88.393628,41.675235],[-88.393702,41.675228],[-88.393912,41.675143],[-88.394298,41.674955],[-88.394839,41.674606],[-88.39504,41.674455],[-88.395178,41.674339],[-88.395264,41.674276],[-88.395403,41.674187],[-88.39565,41.674037],[-88.395773,41.673982],[-88.395939,41.673873],[-88.395985,41.673859],[-88.396132,41.673784],[-88.396195,41.67377],[-88.39625,41.673743],[-88.396342,41.673716],[-88.396461,41.673688],[-88.396489,41.673668],[-88.396516,41.673668],[-88.396543,41.673647],[-88.396589,41.673641],[-88.396645,41.673613],[-88.396672,41.673606],[-88.396709,41.673585],[-88.396782,41.673572],[-88.396883,41.673524],[-88.396974,41.673504],[-88.397011,41.673483],[-88.397048,41.673477],[-88.397093,41.673449],[-88.39714,41.673448],[-88.397167,41.673428],[-88.397212,41.673421],[-88.397294,41.673381],[-88.397341,41.673374],[-88.39746,41.673322],[-88.39768,41.673217],[-88.397794,41.673141],[-88.397918,41.673066],[-88.398386,41.672743],[-88.398625,41.672566],[-88.398987,41.672326],[-88.399111,41.672272],[-88.399202,41.672224],[-88.399357,41.672121],[-88.399441,41.672093],[-88.399591,41.671997],[-88.399697,41.671956],[-88.399908,41.67186],[-88.400141,41.67171],[-88.400312,41.671635],[-88.400393,41.671587],[-88.400421,41.671587],[-88.400467,41.67156],[-88.400591,41.671465],[-88.400697,41.671385],[-88.400843,41.671254],[-88.401073,41.670997],[-88.401227,41.67086],[-88.40132,41.670778],[-88.401628,41.67058],[-88.401824,41.670491],[-88.401953,41.670408],[-88.402412,41.670062],[-88.402765,41.669773],[-88.402815,41.66971],[-88.403106,41.669369],[-88.403467,41.668949],[-88.403623,41.668778],[-88.403633,41.668743],[-88.403743,41.668606],[-88.40585,41.66822],[-88.405933,41.668214],[-88.40601,41.66821],[-88.406185,41.66821],[-88.40627,41.66821],[-88.40628,41.66835],[-88.406296,41.668386],[-88.40644,41.6687],[-88.406566,41.668848],[-88.40661,41.6689],[-88.40669,41.66898],[-88.406772,41.669059],[-88.407018,41.669299],[-88.4071,41.66938],[-88.40675,41.66956],[-88.4067,41.669586],[-88.406161,41.669876],[-88.405511,41.670227],[-88.40547,41.67025],[-88.405123,41.670456],[-88.404895,41.670591],[-88.40466,41.67073],[-88.404591,41.670773],[-88.40401,41.67114],[-88.403064,41.671823],[-88.40256,41.67219],[-88.40175,41.67281],[-88.40171,41.672839],[-88.40041,41.6738],[-88.39931,41.67462],[-88.399134,41.674748],[-88.39857,41.67516],[-88.39828,41.67539],[-88.39819,41.67545],[-88.398147,41.675482],[-88.397759,41.675772],[-88.39763,41.67587],[-88.397294,41.676116],[-88.39661,41.67662],[-88.396288,41.676854],[-88.395953,41.6771],[-88.395928,41.677118],[-88.395854,41.677171],[-88.39583,41.67719],[-88.395536,41.677408],[-88.395163,41.677684],[-88.39521,41.678811],[-88.395244,41.679708],[-88.395294,41.680735],[-88.395693,41.689734],[-88.392967,41.689817],[-88.392024,41.689845],[-88.391768,41.689853],[-88.39166,41.689856],[-88.391386,41.689863],[-88.390825,41.689881],[-88.389763,41.689911],[-88.389813,41.691614],[-88.389823,41.691967],[-88.390213,41.691961],[-88.39032,41.69196],[-88.390393,41.691959],[-88.39039,41.69224],[-88.39039,41.69285],[-88.39042,41.69308],[-88.39046,41.69327],[-88.39054,41.69343],[-88.390692,41.69363],[-88.390562,41.693731],[-88.390312,41.69392],[-88.39021,41.69404],[-88.39013,41.69419],[-88.39008,41.69433],[-88.38999,41.69453],[-88.390419,41.694619],[-88.390533,41.694643],[-88.39053,41.694792],[-88.390519,41.695206],[-88.390522,41.695231],[-88.390537,41.695354],[-88.390648,41.696025],[-88.39069,41.696372],[-88.390736,41.696745],[-88.390739,41.697423],[-88.390751,41.69952],[-88.390755,41.700169],[-88.390825,41.700567],[-88.389583,41.703703],[-88.38964,41.704197],[-88.389682,41.704569],[-88.389809,41.705674],[-88.390024,41.707525],[-88.390203,41.707511],[-88.390488,41.708189],[-88.39037,41.70826],[-88.389981,41.708487],[-88.389772,41.70861],[-88.38972,41.70864],[-88.389687,41.708659],[-88.389591,41.708717],[-88.389559,41.708737],[-88.389435,41.708811],[-88.389062,41.709036],[-88.388939,41.709111],[-88.38875,41.709224],[-88.387558,41.70994],[-88.387673,41.710009],[-88.387747,41.710053],[-88.387893,41.710141],[-88.387904,41.710148],[-88.38836,41.710423],[-88.388477,41.710493],[-88.389247,41.710956],[-88.389749,41.711258],[-88.389803,41.711291],[-88.389916,41.711359],[-88.389934,41.711274],[-88.389952,41.711243],[-88.389975,41.711044],[-88.38996,41.710991],[-88.389942,41.710926],[-88.389952,41.710865],[-88.389895,41.710699],[-88.389767,41.710567],[-88.389668,41.710481],[-88.389762,41.710249],[-88.38979,41.71018],[-88.389838,41.710123],[-88.390029,41.709963],[-88.390187,41.709823],[-88.390421,41.70961],[-88.390451,41.709537],[-88.390539,41.709456],[-88.390712,41.709158],[-88.390786,41.708932],[-88.390812,41.708744],[-88.390975,41.708607],[-88.391262,41.708372],[-88.391464,41.708232],[-88.391753,41.708074],[-88.392073,41.708003],[-88.392316,41.70791],[-88.392578,41.707811],[-88.392915,41.707719],[-88.393001,41.70768],[-88.393079,41.707633],[-88.393231,41.707558],[-88.393366,41.70752],[-88.393568,41.707487],[-88.393669,41.70754],[-88.393741,41.70766],[-88.393947,41.707637],[-88.395541,41.707467],[-88.39625,41.707387],[-88.396342,41.707373],[-88.396585,41.707366],[-88.397374,41.707347],[-88.397714,41.707339],[-88.397916,41.707333],[-88.398602,41.707317],[-88.398867,41.707378],[-88.399225,41.707366],[-88.39945,41.707767],[-88.400314,41.707258],[-88.401733,41.707241],[-88.403079,41.707207],[-88.404609,41.707168],[-88.409734,41.707043],[-88.40982,41.70704],[-88.410674,41.707019],[-88.41056,41.703187],[-88.408657,41.703205],[-88.407599,41.703205],[-88.407607,41.702797],[-88.407397,41.702803],[-88.407462,41.70228],[-88.407982,41.701905],[-88.40837,41.70177],[-88.409025,41.701776],[-88.409115,41.701777],[-88.410716,41.700745],[-88.411144,41.700729],[-88.411545,41.700873],[-88.41216,41.700737],[-88.412485,41.700458],[-88.41257,41.699935],[-88.413921,41.698734],[-88.413746,41.698664],[-88.414334,41.69774],[-88.414715,41.697848],[-88.41567,41.69812],[-88.415925,41.6982],[-88.416225,41.698287],[-88.415741,41.698502],[-88.415386,41.699078],[-88.415928,41.699206],[-88.416458,41.699332],[-88.417397,41.698621],[-88.41757,41.69867],[-88.418331,41.698896],[-88.418353,41.698902],[-88.418867,41.699055],[-88.41922,41.69916],[-88.419635,41.699281],[-88.41997,41.69938],[-88.420882,41.699642],[-88.421299,41.699762],[-88.421325,41.699769],[-88.421386,41.699787],[-88.421403,41.699792],[-88.42143,41.6998],[-88.421472,41.699812],[-88.421601,41.699848],[-88.421644,41.69986],[-88.42076,41.700997],[-88.420513,41.70148],[-88.422909,41.702162],[-88.423034,41.701933],[-88.423504,41.701075],[-88.424076,41.700558],[-88.424811,41.700768],[-88.427016,41.701401],[-88.42736,41.7015],[-88.427624,41.701573],[-88.427753,41.701609],[-88.427941,41.701661],[-88.428505,41.701817],[-88.428694,41.701869],[-88.42906,41.70197],[-88.429082,41.701976],[-88.429191,41.706305],[-88.429196,41.706473],[-88.419445,41.706761],[-88.41945,41.70695],[-88.419458,41.70741],[-88.41946,41.7075],[-88.41947,41.707783],[-88.419472,41.707842],[-88.419478,41.70802],[-88.41948,41.70808],[-88.4195,41.708609],[-88.419562,41.710196],[-88.419573,41.710488],[-88.419583,41.710726],[-88.41959,41.71091],[-88.419594,41.711027],[-88.419625,41.711933],[-88.419636,41.712236],[-88.41965,41.71265],[-88.419663,41.71298],[-88.419671,41.713189],[-88.419676,41.713301],[-88.419706,41.714036],[-88.41971,41.71414],[-88.41976,41.71579],[-88.419767,41.715982],[-88.419789,41.716603],[-88.419875,41.716599],[-88.41992,41.716598],[-88.41993,41.71709],[-88.419806,41.717092],[-88.419825,41.717655],[-88.419892,41.719514],[-88.41994,41.72084],[-88.419945,41.721046],[-88.41997,41.72207],[-88.420781,41.722058],[-88.42143,41.72205],[-88.42286,41.72204],[-88.423218,41.722033],[-88.42403,41.72202],[-88.424252,41.722017],[-88.424919,41.72201],[-88.425142,41.722008],[-88.425537,41.722003],[-88.42585,41.722],[-88.426724,41.721986],[-88.42712,41.72198],[-88.428246,41.721971],[-88.42838,41.72197],[-88.431624,41.721935],[-88.43213,41.72193],[-88.43275,41.72191],[-88.432897,41.72191],[-88.4331,41.72191],[-88.43334,41.721906],[-88.433488,41.721905],[-88.433985,41.721898],[-88.434572,41.721891],[-88.434438,41.717263],[-88.444882,41.716982],[-88.444977,41.716978],[-88.445466,41.716965],[-88.449612,41.716836],[-88.456895,41.71664],[-88.463497,41.716457],[-88.4725,41.716178],[-88.47253,41.718848],[-88.472526,41.721381],[-88.47261,41.72138],[-88.474986,41.721343],[-88.47655,41.72132],[-88.48023,41.72127],[-88.48218,41.72123],[-88.482369,41.721228],[-88.48313,41.72122],[-88.48483,41.72119],[-88.48499,41.72057],[-88.485,41.72055],[-88.48528,41.71945],[-88.485285,41.719429],[-88.485355,41.719171],[-88.48549,41.71868],[-88.48557,41.71841],[-88.48564,41.71814],[-88.48567,41.71788],[-88.48569,41.71762],[-88.48567,41.71732],[-88.48566,41.71718],[-88.4856,41.7169],[-88.48554,41.71665],[-88.48543,41.71636],[-88.48519,41.71588],[-88.48481,41.7152],[-88.48465,41.71488],[-88.48456,41.71461],[-88.484472,41.714277],[-88.48446,41.71423],[-88.48442,41.71403],[-88.48441,41.71367],[-88.48446,41.71311],[-88.48459,41.71248],[-88.48457,41.71247],[-88.48146,41.71214],[-88.47838,41.7118],[-88.47684,41.71162],[-88.47565,41.71147],[-88.47553,41.71145],[-88.47641,41.70887],[-88.476448,41.70875],[-88.47708,41.7068],[-88.47763,41.70514],[-88.47764,41.70504],[-88.477645,41.704959],[-88.47766,41.70472],[-88.47764,41.7038],[-88.477628,41.703408],[-88.47761,41.70279],[-88.47761,41.70255],[-88.47755,41.70074],[-88.47755,41.700386],[-88.47755,41.7003],[-88.47752,41.69869],[-88.47753,41.69805],[-88.47752,41.69791],[-88.4775,41.69784],[-88.47744,41.69778],[-88.47734,41.69771],[-88.47725,41.69768],[-88.47712,41.69768],[-88.476327,41.697721],[-88.47616,41.69773],[-88.47574,41.69774],[-88.47507,41.69777],[-88.47373,41.69782],[-88.473558,41.697827],[-88.47305,41.69785],[-88.472653,41.69786],[-88.47264,41.69787],[-88.4724,41.69794],[-88.47231,41.69795],[-88.471744,41.697959],[-88.47111,41.69797],[-88.46937,41.69802],[-88.469025,41.698027],[-88.46846,41.69804],[-88.46812,41.69806],[-88.465456,41.698078],[-88.462704,41.698097],[-88.460861,41.69811],[-88.459616,41.698119],[-88.459602,41.69597],[-88.459586,41.693307],[-88.459565,41.693315],[-88.459298,41.69344],[-88.459276,41.693439],[-88.459243,41.69346],[-88.459179,41.693494],[-88.458904,41.69361],[-88.458831,41.693617],[-88.458794,41.693638],[-88.458739,41.693651],[-88.458703,41.693672],[-88.458647,41.693678],[-88.458363,41.693809],[-88.458341,41.693813],[-88.458327,41.693816],[-88.458273,41.693843],[-88.458134,41.693884],[-88.458025,41.69393],[-88.458011,41.693901],[-88.457979,41.693909],[-88.457943,41.693922],[-88.457606,41.694056],[-88.457283,41.694207],[-88.456974,41.694375],[-88.456641,41.694586],[-88.456331,41.694817],[-88.454978,41.69486],[-88.453211,41.694899],[-88.45317,41.693682],[-88.453137,41.69271],[-88.453085,41.691236],[-88.453081,41.689873],[-88.45466,41.689821],[-88.454687,41.691184],[-88.454716,41.691183],[-88.45473,41.691183],[-88.454965,41.691175],[-88.45596,41.69114],[-88.456035,41.691137],[-88.456669,41.69112],[-88.45816,41.691058],[-88.458514,41.691043],[-88.458802,41.691031],[-88.45885,41.69103],[-88.46069,41.69098],[-88.4613,41.69098],[-88.46149,41.69097],[-88.4616,41.69096],[-88.46171,41.69094],[-88.46182,41.6909],[-88.4619,41.69086],[-88.46203,41.69078],[-88.46212,41.6907],[-88.46227,41.69055],[-88.462443,41.690392],[-88.46248,41.69036],[-88.46257,41.69029],[-88.46274,41.69021],[-88.46283,41.69018],[-88.46296,41.69014],[-88.46315,41.69015],[-88.46347,41.69016],[-88.46387,41.690182],[-88.463883,41.690108],[-88.463911,41.690074],[-88.463942,41.689878],[-88.463998,41.689624],[-88.464035,41.68948],[-88.464369,41.687854],[-88.464387,41.687723],[-88.46441,41.687369],[-88.464457,41.686653],[-88.466039,41.686647],[-88.470788,41.686631],[-88.472371,41.686627],[-88.472366,41.686499],[-88.472353,41.686119],[-88.472349,41.685992],[-88.472311,41.684917],[-88.47229,41.68431],[-88.47224,41.68265],[-88.472218,41.681692],[-88.472206,41.681111],[-88.4722,41.68084],[-88.472195,41.680618],[-88.472188,41.680361],[-88.47217,41.679593],[-88.472164,41.679337],[-88.472152,41.678875],[-88.47213,41.67794],[-88.472115,41.677491],[-88.472104,41.677173],[-88.4721,41.67703],[-88.472173,41.677023],[-88.47573,41.676212],[-88.476132,41.676121],[-88.47961,41.67533],[-88.47977,41.675294],[-88.479911,41.675264],[-88.479987,41.675247],[-88.480157,41.67521],[-88.480251,41.67519],[-88.480412,41.675156],[-88.48044,41.67515],[-88.481995,41.67479],[-88.48472,41.67416],[-88.48559,41.67399],[-88.48619,41.67385],[-88.48672,41.67374],[-88.486754,41.673731],[-88.48734,41.67359],[-88.48831,41.67338],[-88.48834,41.67338],[-88.48831,41.67241],[-88.488275,41.670474],[-88.48827,41.67019],[-88.488261,41.66988],[-88.488258,41.669778],[-88.488257,41.669746],[-88.488255,41.669677],[-88.488251,41.669535],[-88.488247,41.669407],[-88.488236,41.669034],[-88.488233,41.668947],[-88.48823,41.66878],[-88.48823,41.668694],[-88.48823,41.66858],[-88.488218,41.66818],[-88.488206,41.667739],[-88.48818,41.66679],[-88.488147,41.665399],[-88.48813,41.66462],[-88.488116,41.664059],[-88.488109,41.663716],[-88.488104,41.663448],[-88.488095,41.66303],[-88.48809,41.66274],[-88.488078,41.662379],[-88.48806,41.66182],[-88.488058,41.661753],[-88.488057,41.66172],[-88.488053,41.661552],[-88.488052,41.661485],[-88.488004,41.659585],[-88.488,41.65942],[-88.48797,41.6585],[-88.48797,41.65843],[-88.487971,41.658403],[-88.487977,41.658248],[-88.487993,41.657832],[-88.487989,41.657763],[-88.487959,41.657186],[-88.487933,41.656681],[-88.487925,41.656506],[-88.487901,41.656045],[-88.4879,41.65602],[-88.48787,41.65518],[-88.48778,41.655186],[-88.48773,41.65519],[-88.487519,41.655188],[-88.48739,41.65517],[-88.48726,41.65513],[-88.48711,41.6551],[-88.48666,41.65506],[-88.48644,41.65503],[-88.48578,41.65496],[-88.485391,41.654918],[-88.484117,41.654752],[-88.480637,41.654344],[-88.480661,41.656036],[-88.480665,41.656313],[-88.480671,41.656708],[-88.477705,41.656568],[-88.475697,41.65647],[-88.471451,41.656265],[-88.471454,41.656378],[-88.470266,41.6564],[-88.466601,41.656423],[-88.466581,41.65535],[-88.466568,41.655103],[-88.466521,41.653476],[-88.466508,41.653023],[-88.463334,41.65309],[-88.460861,41.653139],[-88.460566,41.65314],[-88.459459,41.653161],[-88.459019,41.653169],[-88.459112,41.652889],[-88.459142,41.652862],[-88.459318,41.652534],[-88.459483,41.65228],[-88.459577,41.652158],[-88.45971,41.652011],[-88.459759,41.65195],[-88.459998,41.651685],[-88.460139,41.651541],[-88.46017,41.651514],[-88.460222,41.651455],[-88.460337,41.651341],[-88.460384,41.65128],[-88.460444,41.651224],[-88.460639,41.651069],[-88.460679,41.651049],[-88.460724,41.651036],[-88.460803,41.650995],[-88.460886,41.650959],[-88.461078,41.650896],[-88.461256,41.650843],[-88.461368,41.650779],[-88.461471,41.650709],[-88.461585,41.650597],[-88.461652,41.650549],[-88.46166,41.650535],[-88.461693,41.650484],[-88.461707,41.650452],[-88.46172,41.650346],[-88.461716,41.650277],[-88.461726,41.650208],[-88.461725,41.650174],[-88.461738,41.650035],[-88.461733,41.64993],[-88.461704,41.649828],[-88.461684,41.649795],[-88.461658,41.649766],[-88.461597,41.649714],[-88.461559,41.649696],[-88.461434,41.649597],[-88.461395,41.649577],[-88.461335,41.649526],[-88.461164,41.649464],[-88.461119,41.649453],[-88.460771,41.649331],[-88.460462,41.649234],[-88.460372,41.649211],[-88.460039,41.649071],[-88.459806,41.648928],[-88.459781,41.648859],[-88.459757,41.648828],[-88.459673,41.648742],[-88.459609,41.648691],[-88.459534,41.648651],[-88.459486,41.648644],[-88.459438,41.648648],[-88.459351,41.648679],[-88.459279,41.648661],[-88.45904,41.64864],[-88.458754,41.648655],[-88.458662,41.648677],[-88.458618,41.648692],[-88.45851,41.648762],[-88.458391,41.648874],[-88.458236,41.64901],[-88.458119,41.649123],[-88.458013,41.649193],[-88.457974,41.649214],[-88.457931,41.649231],[-88.45784,41.649252],[-88.457699,41.649264],[-88.457557,41.64926],[-88.457465,41.649246],[-88.45732,41.649226],[-88.457229,41.649207],[-88.457141,41.649179],[-88.457048,41.64916],[-88.456961,41.649133],[-88.456875,41.6491],[-88.456785,41.64908],[-88.456706,41.649039],[-88.456663,41.649024],[-88.456543,41.648964],[-88.456395,41.648875],[-88.456296,41.648798],[-88.456236,41.648743],[-88.456153,41.648656],[-88.456077,41.648565],[-88.455857,41.648332],[-88.455785,41.64824],[-88.455748,41.648174],[-88.455721,41.648145],[-88.455705,41.648111],[-88.455609,41.647971],[-88.455483,41.647819],[-88.455421,41.647723],[-88.455389,41.647656],[-88.455273,41.647462],[-88.455198,41.647371],[-88.455161,41.647306],[-88.455023,41.64716],[-88.454866,41.647027],[-88.454633,41.64685],[-88.454524,41.64678],[-88.454179,41.646656],[-88.454089,41.646632],[-88.454048,41.646612],[-88.453958,41.646589],[-88.453826,41.646547],[-88.453733,41.646527],[-88.453689,41.646514],[-88.453504,41.646478],[-88.453363,41.64646],[-88.453269,41.646453],[-88.453247,41.64645],[-88.453128,41.646436],[-88.452798,41.64641],[-88.452704,41.646408],[-88.452657,41.646403],[-88.452276,41.646402],[-88.452019,41.646385],[-88.4519,41.646377],[-88.451839,41.646377],[-88.451691,41.64639],[-88.451415,41.646431],[-88.45124,41.646416],[-88.451003,41.646351],[-88.450789,41.646244],[-88.450671,41.646139],[-88.450427,41.645893],[-88.450242,41.645674],[-88.450133,41.645464],[-88.450124,41.64537],[-88.450205,41.645347],[-88.450227,41.645243],[-88.450265,41.645178],[-88.450271,41.645143],[-88.450283,41.645122],[-88.450389,41.644949],[-88.450403,41.644931],[-88.45049,41.644828],[-88.450555,41.644777],[-88.450818,41.64453],[-88.450946,41.644379],[-88.450965,41.644347],[-88.451006,41.644305],[-88.451021,41.644281],[-88.451057,41.644147],[-88.451062,41.644064],[-88.451052,41.644006],[-88.451037,41.643979],[-88.45101,41.643894],[-88.450985,41.643831],[-88.450973,41.6437],[-88.450987,41.643598],[-88.451006,41.643466],[-88.45103,41.643294],[-88.451039,41.643232],[-88.451044,41.643193],[-88.451289,41.6432],[-88.452026,41.643221],[-88.452272,41.643229],[-88.452456,41.643266],[-88.45264,41.643302],[-88.452997,41.643372],[-88.453354,41.643442],[-88.453398,41.64345],[-88.453946,41.643557],[-88.454415,41.64365],[-88.454628,41.643691],[-88.455377,41.643838],[-88.455695,41.643899],[-88.45587,41.643932],[-88.456046,41.643966],[-88.456433,41.644042],[-88.456777,41.644116],[-88.456805,41.644123],[-88.457391,41.64425],[-88.457594,41.644294],[-88.457746,41.644327],[-88.457899,41.64436],[-88.458289,41.644445],[-88.458841,41.644513],[-88.461688,41.644867],[-88.46196,41.644901],[-88.462642,41.644915],[-88.462639,41.644939],[-88.463004,41.644925],[-88.463436,41.64491],[-88.464099,41.644885],[-88.464232,41.644881],[-88.464348,41.644877],[-88.464465,41.644873],[-88.464609,41.644869],[-88.465887,41.64468],[-88.466649,41.644567],[-88.466953,41.644521],[-88.467411,41.644454],[-88.46809,41.644353],[-88.469049,41.644211],[-88.469201,41.644189],[-88.470014,41.644092],[-88.470504,41.644034],[-88.470994,41.643975],[-88.47211,41.643841],[-88.473227,41.643708],[-88.473417,41.643685],[-88.47441,41.643431],[-88.474852,41.643319],[-88.475311,41.643202],[-88.47577,41.643085],[-88.476086,41.643004],[-88.476401,41.642924],[-88.476773,41.642829],[-88.476848,41.642814],[-88.477433,41.642693],[-88.478041,41.642535],[-88.481585,41.641621],[-88.4816,41.641614],[-88.482733,41.641145],[-88.48284,41.641102],[-88.48297,41.641052],[-88.483163,41.640976],[-88.483206,41.64096],[-88.483271,41.640935],[-88.484112,41.640607],[-88.484251,41.640577],[-88.485224,41.640362],[-88.486197,41.640147],[-88.486313,41.640121],[-88.486769,41.640123],[-88.487073,41.640125],[-88.487673,41.640129],[-88.487795,41.640107],[-88.488162,41.640043],[-88.488267,41.640025],[-88.488282,41.640035],[-88.488313,41.640057],[-88.489097,41.640021],[-88.489399,41.639993],[-88.490153,41.639925],[-88.491817,41.639533],[-88.492712,41.639361],[-88.493361,41.639237],[-88.49382,41.639155],[-88.493956,41.639131],[-88.494091,41.639107],[-88.494383,41.639055],[-88.494447,41.639043],[-88.494675,41.639003],[-88.495025,41.638941],[-88.495073,41.638929],[-88.495138,41.638903],[-88.495368,41.63881],[-88.495597,41.638717],[-88.496042,41.638537],[-88.496272,41.638535],[-88.49691,41.63853],[-88.497074,41.638529],[-88.497579,41.638441],[-88.497722,41.638417],[-88.498874,41.638333],[-88.499593,41.638451],[-88.500074,41.63853],[-88.500258,41.638483],[-88.503133,41.63789],[-88.506566,41.636491],[-88.508474,41.635961],[-88.508755,41.635915],[-88.511812,41.635614],[-88.513522,41.635567],[-88.51441,41.634919],[-88.515471,41.634601],[-88.517476,41.634144],[-88.521992,41.633506],[-88.523532,41.633498],[-88.525761,41.633396],[-88.527579,41.633526],[-88.528701,41.633764],[-88.529792,41.633996],[-88.530533,41.633969],[-88.531959,41.634021],[-88.536458,41.633586],[-88.53691,41.633443],[-88.537265,41.633331],[-88.538093,41.632682],[-88.538223,41.632582],[-88.538345,41.632486],[-88.538468,41.632391],[-88.538723,41.63219],[-88.538745,41.632174],[-88.539034,41.631794],[-88.539099,41.631708],[-88.539602,41.631708],[-88.53963,41.631673],[-88.539675,41.631632],[-88.539675,41.631611],[-88.5397,41.631587],[-88.539986,41.63133],[-88.540065,41.631269],[-88.540196,41.631168],[-88.540326,41.63102],[-88.54033,41.631002],[-88.540361,41.630966],[-88.540378,41.630911],[-88.540407,41.630884],[-88.540425,41.630842],[-88.540461,41.630808],[-88.54052,41.630691],[-88.540552,41.630616],[-88.540582,41.63058],[-88.540586,41.630562],[-88.540617,41.630526],[-88.540625,41.630492],[-88.540917,41.630094],[-88.541024,41.629953],[-88.541684,41.629091],[-88.541758,41.628988],[-88.541886,41.628851],[-88.541941,41.628782],[-88.542114,41.628635],[-88.542322,41.628497],[-88.542457,41.628419],[-88.542682,41.628315],[-88.542814,41.628226],[-88.54301,41.62813],[-88.543166,41.628034],[-88.543284,41.627996],[-88.543358,41.627979],[-88.543393,41.627958],[-88.543448,41.627944],[-88.543485,41.627924],[-88.543532,41.627917],[-88.543604,41.627896],[-88.543641,41.627876],[-88.543723,41.627851],[-88.543975,41.627824],[-88.544088,41.627793],[-88.544239,41.627776],[-88.544399,41.627738],[-88.544514,41.627728],[-88.544554,41.627718],[-88.544669,41.6277],[-88.544701,41.62769],[-88.54481,41.627677],[-88.544834,41.627663],[-88.544939,41.627622],[-88.545113,41.627541],[-88.545341,41.627436],[-88.545391,41.627401],[-88.545487,41.62736],[-88.545715,41.62721],[-88.546081,41.626934],[-88.546209,41.626828],[-88.546392,41.626605],[-88.546419,41.626564],[-88.546464,41.626522],[-88.54647,41.626499],[-88.54651,41.626461],[-88.54652,41.626433],[-88.546547,41.626406],[-88.546565,41.626365],[-88.54663,41.626303],[-88.546638,41.626268],[-88.547205,41.625623],[-88.547333,41.625493],[-88.547424,41.62539],[-88.54757,41.625266],[-88.547588,41.625232],[-88.547825,41.62503],[-88.548121,41.624752],[-88.548239,41.624614],[-88.548266,41.62456],[-88.548329,41.62449],[-88.548366,41.624415],[-88.548393,41.624394],[-88.548443,41.62434],[-88.548484,41.624298],[-88.548739,41.624013],[-88.548847,41.623912],[-88.548885,41.623878],[-88.549203,41.623637],[-88.549385,41.623527],[-88.549458,41.623506],[-88.549495,41.623499],[-88.549549,41.623465],[-88.549801,41.623341],[-88.549932,41.623258],[-88.550634,41.622728],[-88.55068,41.6227],[-88.550844,41.622679],[-88.550907,41.622665],[-88.551172,41.622465],[-88.551254,41.62241],[-88.551418,41.622382],[-88.5516,41.622334],[-88.551792,41.622231],[-88.551902,41.622148],[-88.552048,41.622024],[-88.552147,41.621903],[-88.552712,41.62139],[-88.552812,41.621294],[-88.552838,41.621264],[-88.552921,41.621191],[-88.552939,41.621157],[-88.552998,41.621104],[-88.55313,41.620951],[-88.553366,41.620696],[-88.55393,41.620197],[-88.554668,41.619649],[-88.554996,41.619398],[-88.555151,41.619267],[-88.55526,41.61914],[-88.555378,41.619043],[-88.555396,41.619009],[-88.555559,41.618867],[-88.55577,41.618686],[-88.555874,41.618617],[-88.555915,41.618596],[-88.556053,41.618575],[-88.556171,41.618526],[-88.556263,41.618506],[-88.556317,41.618471],[-88.556362,41.618464],[-88.556491,41.618402],[-88.556654,41.61833],[-88.5568,41.61825],[-88.556901,41.618209],[-88.557219,41.618064],[-88.557393,41.618002],[-88.557895,41.617763],[-88.558249,41.617526],[-88.558362,41.617634],[-88.558429,41.617698],[-88.558479,41.617759],[-88.558526,41.617834],[-88.558669,41.617986],[-88.558682,41.617999],[-88.558773,41.618104],[-88.558811,41.618149],[-88.558856,41.618225],[-88.558902,41.618355],[-88.558972,41.618688],[-88.558947,41.619134],[-88.558929,41.619334],[-88.558925,41.619363],[-88.558762,41.620665],[-88.558674,41.62151],[-88.55869,41.622083],[-88.558756,41.622241],[-88.558793,41.622344],[-88.55882,41.622371],[-88.558848,41.622433],[-88.558948,41.622577],[-88.559023,41.622672],[-88.559049,41.622734],[-88.559114,41.622821],[-88.559132,41.622837],[-88.559149,41.622877],[-88.559215,41.622947],[-88.559312,41.623061],[-88.559325,41.623077],[-88.559334,41.623098],[-88.559381,41.623152],[-88.55939,41.623176],[-88.559409,41.623193],[-88.559436,41.62333],[-88.559428,41.623653],[-88.559446,41.624274],[-88.559442,41.624327],[-88.559701,41.624325],[-88.56048,41.624321],[-88.56074,41.62432],[-88.56244,41.624314],[-88.56378,41.62431],[-88.56754,41.624282],[-88.56924,41.62427],[-88.570729,41.624265],[-88.575198,41.624253],[-88.57664,41.62425],[-88.576688,41.62425],[-88.57724,41.624247],[-88.57869,41.62424],[-88.578897,41.62424],[-88.57945,41.62424],[-88.58019,41.624232],[-88.58048,41.62423],[-88.58241,41.62423],[-88.583151,41.62423],[-88.58369,41.62423],[-88.583635,41.622925],[-88.583626,41.622725],[-88.58362,41.62257],[-88.583612,41.622413],[-88.5836,41.62218],[-88.583597,41.622129],[-88.58359,41.62193],[-88.58358,41.62118],[-88.583555,41.620634],[-88.58346,41.61851],[-88.583397,41.616747],[-88.583351,41.615452],[-88.58328,41.61331],[-88.58319,41.6109],[-88.58316,41.6097],[-88.584479,41.609696],[-88.588819,41.609675],[-88.591619,41.609647],[-88.592309,41.609645],[-88.593739,41.609642],[-88.597419,41.609592],[-88.601379,41.609582],[-88.601295,41.607359],[-88.601163,41.603774],[-88.601049,41.600699],[-88.60097,41.59848],[-88.600948,41.597841],[-88.600911,41.596881],[-88.600877,41.595868],[-88.600844,41.595075],[-88.600788,41.593608],[-88.600658,41.590017],[-88.600628,41.589209],[-88.60058,41.587881],[-88.600578,41.587818],[-88.600856,41.587811],[-88.602404,41.5878],[-88.607048,41.587768],[-88.608597,41.587758],[-88.610845,41.587742],[-88.617595,41.587697],[-88.619846,41.587682],[-88.619795,41.586232],[-88.619643,41.581885],[-88.619593,41.580436],[-88.619572,41.579709],[-88.619509,41.577531],[-88.619489,41.576805],[-88.619439,41.575431],[-88.619417,41.574819],[-88.625755,41.574608],[-88.625714,41.5763],[-88.630406,41.57622],[-88.6302,41.571273],[-88.639028,41.571208],[-88.648194,41.571142],[-88.652488,41.571155],[-88.665369,41.571194],[-88.669543,41.571207],[-88.669664,41.571207],[-88.669777,41.571206],[-88.670429,41.571199],[-88.672726,41.571176],[-88.673492,41.571169],[-88.673489,41.571555],[-88.673484,41.572348],[-88.673481,41.572715],[-88.673479,41.573102],[-88.673465,41.574802],[-88.673154,41.574803],[-88.668724,41.574825],[-88.668746,41.576425],[-88.668774,41.578354],[-88.668775,41.578436],[-88.668777,41.578523],[-88.6688,41.579701],[-88.668847,41.581969],[-88.669461,41.581913],[-88.670375,41.581913],[-88.671559,41.581915],[-88.671642,41.581915],[-88.671732,41.581918],[-88.672456,41.581938],[-88.673642,41.581972],[-88.673652,41.58323],[-88.673657,41.583839],[-88.673658,41.583942],[-88.673659,41.584045],[-88.673662,41.584123],[-88.673665,41.584201],[-88.673679,41.584597],[-88.673739,41.586256],[-88.67376,41.58681],[-88.673767,41.586999],[-88.67377,41.587079],[-88.673772,41.587133],[-88.673773,41.587159],[-88.673808,41.588102],[-88.673817,41.588325],[-88.673821,41.588426],[-88.673824,41.588487],[-88.673827,41.588548],[-88.673833,41.588689],[-88.673842,41.588867],[-88.674454,41.588871],[-88.674718,41.588873],[-88.675546,41.588903],[-88.678031,41.588995],[-88.67839,41.589009],[-88.678625,41.589018],[-88.67886,41.589026],[-88.679141,41.589018],[-88.67933,41.589046],[-88.679424,41.589064],[-88.679613,41.58909],[-88.679657,41.589105],[-88.679749,41.589126],[-88.679872,41.589182],[-88.679909,41.589205],[-88.680039,41.58931],[-88.680092,41.58937],[-88.680127,41.589437],[-88.680135,41.589507],[-88.680131,41.589543],[-88.68012,41.589577],[-88.680097,41.589609],[-88.680072,41.589629],[-88.680033,41.589662],[-88.679864,41.589788],[-88.679775,41.589872],[-88.679696,41.589962],[-88.679686,41.589996],[-88.679692,41.590103],[-88.679718,41.590171],[-88.679747,41.5902],[-88.679817,41.590248],[-88.679898,41.590287],[-88.67999,41.590307],[-88.680037,41.590312],[-88.680228,41.590319],[-88.680275,41.590316],[-88.680323,41.590318],[-88.680465,41.590338],[-88.68051,41.590352],[-88.680593,41.590387],[-88.68082,41.590517],[-88.680862,41.590535],[-88.680951,41.59056],[-88.681092,41.590582],[-88.681176,41.590617],[-88.681276,41.590693],[-88.68129,41.590727],[-88.68129,41.590763],[-88.681279,41.590798],[-88.681257,41.590829],[-88.681181,41.590873],[-88.681138,41.590886],[-88.680906,41.590935],[-88.680816,41.59096],[-88.680781,41.590985],[-88.680736,41.591048],[-88.680697,41.591113],[-88.680685,41.591147],[-88.68065,41.591212],[-88.680605,41.591351],[-88.680575,41.591419],[-88.680487,41.591584],[-88.680464,41.591652],[-88.680448,41.591722],[-88.680465,41.591897],[-88.68048,41.591932],[-88.680528,41.591992],[-88.680602,41.592038],[-88.680645,41.592054],[-88.680692,41.592059],[-88.680931,41.592039],[-88.681064,41.591997],[-88.681165,41.591929],[-88.68128,41.591854],[-88.681331,41.591837],[-88.681368,41.59186],[-88.681502,41.5919],[-88.681543,41.591916],[-88.681727,41.591956],[-88.681767,41.591974],[-88.681994,41.59203],[-88.682186,41.592028],[-88.682378,41.59202],[-88.682425,41.592027],[-88.682465,41.592046],[-88.682498,41.592072],[-88.682519,41.592104],[-88.682531,41.592139],[-88.682521,41.592275],[-88.682374,41.59235],[-88.682342,41.592377],[-88.68229,41.592435],[-88.682288,41.592471],[-88.682262,41.592537],[-88.682257,41.592606],[-88.682278,41.592712],[-88.68229,41.592746],[-88.68234,41.592993],[-88.682388,41.593054],[-88.682424,41.593078],[-88.682465,41.593097],[-88.682561,41.593105],[-88.682657,41.593102],[-88.682705,41.593097],[-88.682752,41.593097],[-88.68279,41.59312],[-88.682823,41.593146],[-88.682874,41.593206],[-88.682968,41.593288],[-88.683075,41.593405],[-88.683247,41.593576],[-88.683272,41.593606],[-88.683309,41.593672],[-88.683364,41.593731],[-88.683407,41.593795],[-88.683457,41.593855],[-88.683514,41.593912],[-88.683587,41.594004],[-88.683646,41.59406],[-88.683685,41.594125],[-88.683757,41.594217],[-88.68381,41.594277],[-88.683864,41.594376],[-88.683892,41.594443],[-88.683908,41.594514],[-88.683916,41.594585],[-88.683912,41.59462],[-88.6839,41.594655],[-88.683846,41.594699],[-88.68368,41.59477],[-88.683641,41.594791],[-88.683615,41.59481],[-88.683573,41.594842],[-88.683471,41.594962],[-88.68344,41.595029],[-88.683412,41.595133],[-88.683407,41.595169],[-88.683415,41.59531],[-88.683427,41.595381],[-88.683452,41.59545],[-88.683491,41.595515],[-88.683545,41.595574],[-88.683612,41.595625],[-88.683649,41.595648],[-88.683692,41.595663],[-88.683737,41.595658],[-88.683829,41.595635],[-88.683955,41.595583],[-88.684033,41.595544],[-88.684108,41.595499],[-88.684201,41.595482],[-88.684296,41.595474],[-88.684438,41.595478],[-88.684532,41.595495],[-88.68458,41.595497],[-88.684673,41.595514],[-88.684767,41.595526],[-88.684911,41.595535],[-88.685007,41.59553],[-88.685101,41.595517],[-88.685194,41.595497],[-88.685284,41.595471],[-88.685375,41.59545],[-88.685423,41.595444],[-88.685567,41.595441],[-88.685663,41.595449],[-88.685804,41.595473],[-88.685976,41.595537],[-88.686014,41.595558],[-88.686047,41.595584],[-88.68607,41.595615],[-88.686134,41.595669],[-88.686175,41.595687],[-88.686324,41.595776],[-88.686384,41.595832],[-88.686394,41.595866],[-88.686381,41.59615],[-88.686349,41.596216],[-88.686339,41.59625],[-88.68629,41.596349],[-88.686265,41.59638],[-88.686161,41.59654],[-88.686112,41.5966],[-88.686073,41.596665],[-88.685985,41.596749],[-88.685888,41.596827],[-88.685784,41.596901],[-88.685633,41.596989],[-88.685555,41.59703],[-88.685519,41.597054],[-88.685398,41.597112],[-88.685282,41.597175],[-88.6852,41.597212],[-88.685162,41.597235],[-88.684982,41.597286],[-88.684861,41.597343],[-88.684606,41.597443],[-88.684214,41.597578],[-88.684079,41.597617],[-88.683993,41.597648],[-88.683817,41.597702],[-88.683637,41.597747],[-88.683599,41.597769],[-88.683465,41.597808],[-88.68338,41.597841],[-88.683113,41.597923],[-88.68307,41.59794],[-88.682934,41.597977],[-88.682658,41.598035],[-88.682571,41.598066],[-88.682261,41.598161],[-88.68213,41.598205],[-88.682049,41.59824],[-88.682003,41.598252],[-88.681923,41.59829],[-88.681811,41.598354],[-88.68174,41.598401],[-88.681626,41.598462],[-88.681504,41.598515],[-88.681332,41.598577],[-88.681153,41.598625],[-88.681106,41.598634],[-88.681022,41.598667],[-88.680907,41.59873],[-88.680875,41.598756],[-88.680801,41.598802],[-88.680739,41.598856],[-88.680801,41.598967],[-88.680857,41.599025],[-88.680895,41.599055],[-88.681049,41.59918],[-88.681082,41.599247],[-88.681087,41.599282],[-88.681082,41.599353],[-88.681074,41.599388],[-88.68106,41.599422],[-88.68104,41.599455],[-88.680989,41.599515],[-88.680972,41.599548],[-88.680915,41.599606],[-88.680775,41.599703],[-88.6807,41.599746],[-88.680418,41.599877],[-88.680279,41.599973],[-88.680219,41.600028],[-88.680131,41.600154],[-88.680102,41.600221],[-88.68006,41.600396],[-88.679985,41.600565],[-88.679944,41.600629],[-88.67993,41.600663],[-88.679925,41.600805],[-88.679911,41.600875],[-88.679893,41.600908],[-88.679792,41.601029],[-88.679746,41.601091],[-88.679667,41.60118],[-88.67959,41.601311],[-88.679564,41.60134],[-88.679497,41.601391],[-88.679413,41.601427],[-88.679379,41.601452],[-88.679255,41.601561],[-88.679188,41.601612],[-88.679042,41.601679],[-88.679134,41.601702],[-88.679227,41.601724],[-88.679349,41.601754],[-88.67967,41.601818],[-88.679998,41.601856],[-88.680152,41.601864],[-88.680306,41.601867],[-88.682258,41.601857],[-88.691962,41.60181],[-88.695197,41.601795],[-88.695255,41.601797],[-88.698492,41.601756],[-88.70838,41.601632],[-88.711494,41.601594],[-88.711676,41.601592],[-88.711766,41.604485],[-88.712037,41.613164],[-88.712128,41.616057],[-88.712481,41.616034],[-88.713001,41.616026],[-88.713071,41.616025],[-88.714099,41.616025],[-88.715903,41.616035],[-88.716848,41.616041],[-88.719742,41.616063],[-88.721648,41.616079],[-88.728427,41.61614],[-88.729517,41.61615],[-88.73042,41.616128],[-88.731321,41.616083],[-88.731324,41.616658],[-88.731334,41.618384],[-88.731338,41.61896],[-88.73134,41.619301],[-88.731342,41.619616],[-88.731357,41.621587],[-88.731363,41.622244],[-88.731367,41.622859],[-88.731371,41.623322],[-88.731423,41.624704],[-88.731447,41.62532],[-88.731451,41.625424],[-88.731463,41.625736],[-88.731468,41.625841],[-88.731516,41.627055],[-88.73164,41.629886],[-88.731721,41.630661],[-88.731737,41.632011],[-88.731731,41.632404],[-88.731781,41.637821],[-88.731812,41.64212],[-88.731819,41.643958],[-88.731828,41.644807],[-88.731818,41.645159],[-88.733525,41.645171],[-88.73675,41.645201],[-88.73789,41.645214],[-88.738865,41.645211],[-88.741575,41.645228],[-88.747121,41.645284],[-88.749085,41.645296],[-88.750141,41.645307],[-88.751238,41.645324],[-88.752072,41.645336],[-88.757219,41.645374],[-88.757161,41.649502],[-88.758017,41.64952],[-88.763421,41.649583],[-88.763519,41.653501],[-88.7572,41.653452],[-88.757114,41.656851],[-88.757162,41.659905],[-88.752706,41.659852],[-88.751436,41.659848],[-88.751498,41.664624],[-88.751549,41.667143],[-88.751561,41.668119],[-88.751702,41.674394],[-88.750124,41.674376],[-88.748906,41.674358],[-88.746522,41.674332],[-88.744247,41.674299],[-88.740439,41.674278],[-88.739527,41.674265],[-88.733099,41.67421],[-88.732282,41.674208],[-88.732325,41.67643],[-88.732415,41.680079],[-88.732514,41.683167],[-88.732533,41.683885],[-88.732548,41.684925],[-88.732556,41.684971],[-88.732583,41.685029],[-88.732612,41.685063],[-88.732645,41.685087],[-88.732686,41.68511],[-88.73274,41.68513],[-88.732814,41.685143],[-88.732889,41.685151],[-88.733775,41.685146],[-88.737176,41.685157],[-88.737256,41.685168],[-88.737303,41.685186],[-88.737369,41.685227],[-88.737417,41.685283],[-88.737431,41.685316],[-88.73744,41.685399],[-88.737447,41.685957],[-88.737472,41.686836],[-88.737488,41.687135],[-88.737599,41.690886],[-88.737646,41.692326],[-88.73767,41.693514],[-88.737707,41.696013],[-88.737776,41.699499],[-88.738359,41.699677],[-88.738443,41.699752],[-88.738502,41.699774],[-88.738604,41.69983],[-88.73873,41.699891],[-88.738868,41.699926],[-88.739269,41.700066],[-88.739327,41.700094],[-88.739904,41.700285],[-88.740074,41.700306],[-88.740496,41.700302],[-88.741397,41.700232],[-88.741837,41.700211],[-88.742777,41.700109],[-88.743317,41.700057],[-88.743718,41.699953],[-88.744004,41.699924],[-88.744212,41.699853],[-88.744389,41.69975],[-88.748344,41.697688],[-88.748768,41.697461],[-88.748939,41.697355],[-88.750378,41.69658],[-88.752029,41.695654],[-88.752158,41.69562],[-88.752212,41.695564],[-88.75234,41.69554],[-88.75276,41.695424],[-88.752787,41.695405],[-88.752869,41.695391],[-88.752934,41.695369],[-88.753547,41.695202],[-88.753575,41.695181],[-88.753847,41.695118],[-88.753874,41.695097],[-88.754049,41.695062],[-88.754076,41.695041],[-88.754223,41.695014],[-88.754807,41.694854],[-88.754834,41.694832],[-88.755008,41.694797],[-88.755035,41.694777],[-88.755565,41.694644],[-88.755594,41.694622],[-88.755793,41.694575],[-88.755959,41.694527],[-88.755995,41.694505],[-88.756188,41.694464],[-88.756215,41.694442],[-88.756297,41.694428],[-88.756343,41.694414],[-88.756379,41.694394],[-88.756562,41.694344],[-88.756699,41.694316],[-88.756735,41.694295],[-88.756909,41.694253],[-88.756936,41.694233],[-88.757046,41.694211],[-88.75711,41.694192],[-88.757146,41.69417],[-88.75733,41.694122],[-88.757391,41.69411],[-88.75743,41.694087],[-88.75754,41.694073],[-88.75764,41.694044],[-88.757667,41.694024],[-88.757896,41.693968],[-88.75807,41.693919],[-88.758098,41.693899],[-88.758208,41.693878],[-88.758263,41.693863],[-88.75829,41.693842],[-88.7584,41.693822],[-88.758455,41.693807],[-88.758482,41.693786],[-88.758746,41.693724],[-88.758773,41.693704],[-88.758847,41.69369],[-88.758873,41.69369],[-88.75891,41.693669],[-88.75913,41.693612],[-88.759221,41.693605],[-88.759305,41.693554],[-88.759397,41.693543],[-88.759424,41.693524],[-88.759939,41.693394],[-88.760004,41.693382],[-88.760132,41.693345],[-88.760197,41.693333],[-88.76028,41.693308],[-88.76066,41.693184],[-88.760859,41.693124],[-88.76096,41.693099],[-88.760996,41.693077],[-88.76153,41.692908],[-88.761702,41.69286],[-88.761748,41.692867],[-88.761847,41.692813],[-88.762627,41.692575],[-88.76269,41.692552],[-88.763041,41.692445],[-88.763121,41.692426],[-88.763469,41.692317],[-88.763533,41.692294],[-88.763872,41.692196],[-88.763936,41.692172],[-88.764183,41.692101],[-88.764238,41.69208],[-88.76432,41.692059],[-88.764459,41.692012],[-88.764659,41.691952],[-88.764778,41.691911],[-88.765118,41.691812],[-88.765622,41.691656],[-88.765667,41.691647],[-88.76639,41.691423],[-88.766896,41.691279],[-88.767297,41.691149],[-88.767397,41.691126],[-88.76759,41.69106],[-88.767938,41.690955],[-88.768853,41.690658],[-88.768982,41.690609],[-88.769119,41.690566],[-88.769165,41.690555],[-88.769458,41.690453],[-88.769503,41.690448],[-88.76954,41.690427],[-88.769585,41.690419],[-88.769623,41.690399],[-88.769668,41.690393],[-88.769705,41.690372],[-88.769752,41.690365],[-88.769787,41.690345],[-88.769834,41.690339],[-88.769871,41.690319],[-88.769898,41.690314],[-88.769933,41.690309],[-88.769963,41.690296],[-88.77005,41.690287],[-88.770105,41.690264],[-88.770245,41.69024],[-88.770452,41.690195],[-88.770504,41.690187],[-88.770548,41.690171],[-88.770635,41.690162],[-88.770679,41.690145],[-88.770765,41.690137],[-88.770819,41.690114],[-88.770874,41.690111],[-88.770917,41.690093],[-88.771004,41.690085],[-88.771058,41.690061],[-88.771112,41.690057],[-88.771156,41.690041],[-88.771242,41.690024],[-88.771328,41.690012],[-88.771373,41.689994],[-88.771425,41.689991],[-88.771471,41.689973],[-88.77171,41.689793],[-88.772447,41.689518],[-88.773549,41.689222],[-88.775796,41.688472],[-88.776069,41.688408],[-88.776033,41.688804],[-88.776003,41.689255],[-88.776037,41.689436],[-88.776006,41.689577],[-88.776041,41.689929],[-88.776087,41.691978],[-88.776119,41.692746],[-88.776104,41.693508],[-88.776122,41.694202],[-88.776084,41.694428],[-88.776086,41.694565],[-88.776106,41.694672],[-88.77623,41.694789],[-88.776241,41.694867],[-88.777116,41.695211],[-88.778475,41.695723],[-88.779737,41.69627],[-88.78024,41.696429],[-88.78073,41.696667],[-88.780774,41.696685],[-88.780986,41.696694],[-88.780937,41.6947],[-88.782966,41.694705],[-88.785413,41.694726],[-88.791094,41.694852],[-88.790949,41.693776],[-88.790887,41.693312],[-88.800385,41.693348],[-88.800384,41.693603],[-88.800404,41.69455],[-88.800411,41.695572],[-88.800501,41.700494],[-88.800536,41.702436],[-88.800582,41.703698],[-88.800621,41.705186],[-88.8012,41.705114],[-88.806702,41.704389],[-88.807349,41.704296],[-88.808318,41.704167],[-88.808991,41.704071],[-88.809563,41.703995],[-88.8099,41.703944],[-88.810557,41.70382],[-88.811333,41.703661],[-88.813193,41.703245],[-88.814682,41.702904],[-88.818974,41.701943],[-88.820963,41.701467],[-88.8226,41.701066],[-88.824049,41.700703],[-88.824032,41.703529],[-88.828974,41.703557],[-88.828981,41.704292],[-88.828967,41.705085],[-88.828905,41.707741],[-88.828905,41.709608],[-88.828918,41.711038],[-88.828979,41.712758],[-88.828994,41.713591],[-88.82904,41.717341],[-88.829034,41.7174],[-88.829022,41.717458],[-88.828995,41.717518],[-88.828977,41.717539],[-88.828941,41.717583],[-88.828899,41.71762],[-88.828835,41.717651],[-88.828752,41.717671],[-88.828667,41.717676],[-88.828584,41.717675],[-88.827469,41.717667],[-88.826455,41.717649],[-88.826352,41.717656],[-88.826238,41.717679],[-88.826152,41.717707],[-88.826064,41.71775],[-88.826047,41.717762],[-88.82598,41.717808],[-88.825867,41.717901],[-88.825445,41.718318],[-88.824043,41.719745],[-88.823929,41.719872],[-88.823833,41.719998],[-88.823774,41.720085],[-88.823723,41.720187],[-88.823689,41.720287],[-88.823649,41.720445],[-88.823631,41.720541],[-88.823496,41.721746],[-88.82335,41.723128],[-88.823258,41.724066],[-88.823181,41.724781],[-88.823155,41.725421],[-88.823135,41.726596],[-88.823101,41.729764],[-88.823086,41.730788],[-88.823086,41.732241],[-88.828486,41.73222],[-88.828746,41.732219],[-88.833456,41.732212],[-88.833862,41.732211],[-88.842647,41.732205],[-88.847591,41.732207],[-88.848571,41.73221],[-88.848719,41.73221],[-88.849058,41.732211],[-88.850598,41.732202],[-88.852353,41.732219],[-88.852688,41.732221],[-88.853911,41.730325],[-88.854878,41.728825],[-88.856152,41.72685],[-88.859866,41.721092],[-88.860478,41.720142],[-88.861091,41.719193],[-88.862004,41.717778],[-88.862051,41.717705],[-88.864219,41.717695],[-88.871966,41.717657],[-88.872576,41.717653],[-88.873748,41.717645],[-88.873781,41.717641],[-88.873808,41.717638],[-88.87414,41.717627],[-88.876004,41.717625],[-88.876408,41.717503],[-88.876554,41.717445],[-88.876685,41.717384],[-88.876837,41.717288],[-88.876993,41.717174],[-88.877103,41.717073],[-88.877203,41.71697],[-88.877295,41.716854],[-88.877384,41.716703],[-88.877441,41.716583],[-88.877497,41.716392],[-88.877503,41.717622],[-88.880012,41.717594],[-88.881885,41.71758],[-88.884849,41.717544],[-88.886196,41.717544],[-88.889696,41.717513],[-88.891134,41.717509],[-88.891564,41.717506],[-88.898732,41.717461],[-88.900027,41.71746],[-88.906415,41.717415],[-88.907094,41.717421],[-88.911746,41.717401],[-88.912416,41.717392],[-88.913983,41.717384],[-88.915725,41.717358],[-88.915728,41.721229],[-88.915742,41.724524],[-88.915959,41.724508],[-88.91617,41.72437],[-88.916513,41.724119],[-88.91676,41.723881],[-88.917018,41.723713],[-88.917258,41.723443],[-88.917512,41.723285],[-88.917822,41.723057],[-88.91797,41.722882],[-88.918191,41.722711],[-88.918428,41.722499],[-88.91852,41.722334],[-88.918651,41.722224],[-88.919002,41.722043],[-88.919849,41.721712],[-88.920306,41.721541],[-88.920596,41.721471],[-88.921188,41.721228],[-88.921753,41.721002],[-88.921951,41.720801],[-88.922181,41.720601],[-88.922426,41.720505],[-88.922604,41.720355],[-88.922663,41.72023],[-88.92283,41.720188],[-88.922937,41.720213],[-88.92299,41.720215],[-88.923029,41.72016],[-88.923025,41.720088],[-88.923048,41.719976],[-88.92312,41.719935],[-88.9232,41.719928],[-88.923273,41.719927],[-88.923319,41.719877],[-88.923308,41.719832],[-88.923276,41.719804],[-88.923226,41.719788],[-88.923202,41.719741],[-88.923228,41.719681],[-88.923283,41.71965],[-88.923381,41.719661],[-88.923449,41.719726],[-88.923539,41.719754],[-88.923582,41.719706],[-88.923595,41.719626],[-88.923632,41.719549],[-88.923721,41.719477],[-88.923867,41.719442],[-88.924275,41.71941],[-88.924945,41.719374],[-88.92523,41.719301],[-88.925568,41.719145],[-88.926289,41.718837],[-88.926388,41.718769],[-88.926519,41.718639],[-88.926579,41.718591],[-88.926669,41.718554],[-88.926761,41.718457],[-88.926956,41.718375],[-88.92699,41.718275],[-88.927036,41.718006],[-88.927054,41.717821],[-88.927054,41.717759],[-88.92709,41.717709],[-88.927086,41.717659],[-88.927063,41.717624],[-88.927056,41.717562],[-88.927101,41.717507],[-88.927197,41.717439],[-88.927203,41.717367],[-88.927193,41.717301],[-88.927182,41.71725],[-88.927215,41.71725],[-88.937217,41.717174],[-88.94056,41.717148],[-88.940479,41.7171],[-88.940406,41.717038],[-88.940356,41.716963],[-88.940336,41.716913],[-88.940322,41.716856],[-88.940317,41.716772],[-88.940256,41.713807],[-88.940191,41.709815],[-88.940189,41.70964],[-88.940187,41.709559],[-88.940152,41.708179],[-88.940152,41.708158],[-88.940048,41.703814],[-88.939998,41.700885],[-88.939923,41.696902],[-88.939908,41.696092],[-88.939895,41.69543],[-88.939861,41.693611],[-88.93985,41.693023],[-88.939814,41.691139],[-88.939756,41.688055],[-88.94118,41.688096],[-88.944425,41.688053],[-88.944787,41.688054],[-88.945182,41.688065],[-88.945595,41.688089],[-88.946011,41.688125],[-88.953599,41.689029],[-88.954022,41.689078],[-88.954727,41.689147],[-88.955435,41.689202],[-88.955412,41.68783],[-88.956401,41.687835],[-88.956724,41.68806],[-88.957504,41.688057],[-88.957479,41.686876],[-88.959535,41.68686],[-88.959213,41.680376],[-88.95913,41.678696],[-88.960246,41.678698],[-88.960216,41.675324],[-88.959271,41.675322],[-88.959258,41.672567],[-88.95925,41.670858],[-88.959182,41.668061],[-88.961932,41.668004],[-88.966003,41.67025],[-88.967607,41.671135],[-88.968735,41.671757],[-88.969714,41.6723],[-88.976033,41.675805],[-88.97653,41.676081],[-88.977937,41.676819],[-88.978164,41.676927],[-88.979118,41.673122],[-88.979482,41.671675],[-88.979523,41.671477],[-88.97955,41.67125],[-88.979555,41.671027],[-88.97954,41.670807],[-88.978761,41.663946],[-88.978725,41.66145],[-88.97867,41.657529],[-88.978668,41.657361],[-88.978637,41.656871],[-88.978627,41.656707],[-88.978441,41.655231],[-88.977886,41.650806],[-88.977734,41.649593],[-88.97773,41.649374],[-88.977733,41.649329],[-88.977728,41.649284],[-88.977702,41.647915],[-88.977624,41.643673],[-88.977599,41.64226],[-88.97832,41.642249],[-88.980487,41.642217],[-88.981209,41.642207],[-88.982348,41.64219],[-88.985765,41.64214],[-88.986905,41.642124],[-88.995549,41.641997],[-88.997001,41.641976],[-89.009151,41.641816],[-89.010409,41.641799],[-89.014184,41.641749],[-89.015443,41.641733],[-89.016363,41.641721],[-89.017444,41.641706],[-89.023447,41.641627],[-89.025449,41.641601],[-89.026847,41.64158],[-89.031041,41.641521],[-89.03244,41.641502],[-89.032911,41.641495],[-89.034325,41.641475],[-89.034797,41.641469],[-89.035729,41.641456],[-89.041265,41.641387],[-89.052058,41.641253],[-89.052044,41.641239],[-89.052058,41.641205],[-89.053058,41.641222],[-89.053603,41.641232],[-89.057061,41.641293],[-89.05707,41.639113],[-89.057095,41.637467],[-89.057111,41.636425],[-89.060973,41.636423],[-89.060967,41.636832],[-89.060936,41.640953],[-89.060727,41.649834],[-89.060641,41.654366],[-89.060549,41.657676],[-89.0605,41.658204],[-89.060451,41.658634],[-89.060353,41.659187],[-89.060242,41.659638],[-89.060673,41.659652],[-89.061602,41.659698],[-89.061645,41.661509],[-89.061688,41.66331],[-89.068652,41.663302],[-89.071574,41.663299],[-89.071556,41.661837],[-89.071505,41.657454],[-89.071488,41.655993],[-89.071476,41.653976],[-89.07144,41.647927],[-89.071429,41.645911],[-89.071423,41.645032],[-89.071408,41.642397],[-89.071404,41.641519],[-89.071395,41.639153],[-89.071368,41.632056],[-89.071359,41.629691],[-89.071358,41.629529],[-89.071356,41.629042],[-89.071356,41.628881],[-89.071365,41.628806],[-89.071374,41.628688],[-89.071404,41.628571],[-89.071448,41.628457],[-89.071506,41.628346],[-89.071578,41.62824],[-89.072058,41.627601],[-89.072474,41.627034],[-89.072691,41.627038],[-89.074311,41.627062],[-89.074851,41.627071],[-89.076257,41.627092],[-89.080475,41.627156],[-89.081882,41.627178],[-89.083637,41.627204],[-89.084119,41.627212],[-89.084165,41.627213],[-89.088904,41.627283],[-89.09066,41.62731],[-89.090756,41.639897],[-89.090769,41.641797],[-89.091354,41.641806],[-89.093112,41.641834],[-89.093698,41.641844],[-89.095054,41.641865],[-89.099122,41.64193],[-89.100395,41.641951],[-89.100479,41.641952],[-89.110021,41.642065],[-89.119757,41.64219],[-89.12238,41.64224],[-89.12253,41.641951],[-89.123169,41.641741],[-89.124205,41.641645],[-89.125092,41.641415],[-89.127257,41.640539],[-89.129476,41.639736],[-89.129401,41.629725],[-89.129391,41.629317],[-89.12936,41.628856],[-89.129312,41.628411],[-89.129243,41.627949],[-89.131594,41.627997],[-89.133931,41.628046],[-89.138647,41.62815],[-89.13875,41.628153],[-89.140988,41.628194],[-89.142504,41.628223],[-89.14357,41.628244],[-89.147021,41.628312],[-89.148389,41.628339],[-89.148527,41.628341],[-89.148555,41.628342],[-89.148724,41.628348],[-89.157728,41.6285],[-89.160694,41.628549],[-89.162634,41.628581],[-89.16279,41.628584],[-89.162906,41.628586],[-89.163046,41.628589],[-89.163421,41.628595],[-89.16715,41.628657],[-89.167125,41.626772],[-89.167122,41.626502],[-89.167119,41.626259],[-89.167195,41.626196],[-89.167257,41.626143],[-89.16755,41.62577],[-89.167653,41.62564],[-89.167714,41.625594],[-89.167714,41.625517],[-89.168022,41.625032],[-89.168476,41.624405],[-89.168573,41.624273],[-89.168604,41.624136],[-89.168695,41.624068],[-89.168695,41.62393],[-89.168695,41.623473],[-89.168848,41.623221],[-89.168939,41.62313],[-89.168988,41.623107],[-89.169396,41.622924],[-89.170036,41.622879],[-89.17025,41.622787],[-89.170311,41.622627],[-89.170493,41.622353],[-89.171286,41.622055],[-89.171404,41.621992],[-89.172017,41.621667],[-89.172237,41.621568],[-89.172779,41.621575],[-89.173206,41.62201],[-89.173724,41.62217],[-89.174913,41.622079],[-89.175255,41.622139],[-89.176071,41.622284],[-89.17665,41.622239],[-89.177138,41.62201],[-89.177412,41.621804],[-89.177534,41.62153],[-89.177534,41.620158],[-89.177442,41.619975],[-89.177412,41.619792],[-89.17726,41.619449],[-89.177016,41.619083],[-89.176742,41.618923],[-89.176071,41.618923],[-89.175858,41.618763],[-89.175858,41.618214],[-89.176041,41.617962],[-89.176437,41.617894],[-89.176833,41.618008],[-89.177351,41.618031],[-89.177534,41.617848],[-89.177595,41.617642],[-89.177382,41.61739],[-89.17736,41.617105],[-89.177351,41.616979],[-89.178662,41.616476],[-89.179606,41.61627],[-89.180155,41.616339],[-89.180277,41.616476],[-89.180283,41.616755],[-89.180304,41.617594],[-89.180311,41.617874],[-89.180882,41.617872],[-89.182598,41.617867],[-89.18317,41.617866],[-89.183737,41.617857],[-89.185438,41.617832],[-89.186006,41.617825],[-89.187939,41.617843],[-89.188646,41.61785],[-89.188615,41.614316],[-89.190173,41.614286],[-89.192106,41.61425],[-89.191634,41.613866],[-89.190218,41.612717],[-89.189747,41.612334],[-89.18821,41.611087],[-89.18809,41.610989],[-89.186907,41.61003],[-89.184589,41.608135],[-89.183628,41.607314],[-89.183353,41.607079],[-89.182158,41.605991],[-89.181908,41.605748],[-89.181159,41.605019],[-89.18091,41.604776],[-89.18075,41.60462],[-89.180271,41.604154],[-89.180112,41.603999],[-89.179721,41.603619],[-89.178736,41.602715],[-89.177902,41.601991],[-89.177518,41.601658],[-89.175332,41.599877],[-89.174899,41.599524],[-89.170967,41.59632],[-89.170258,41.595743],[-89.168646,41.594442],[-89.170559,41.59431],[-89.172882,41.59411],[-89.176641,41.59396],[-89.177527,41.593848],[-89.178657,41.593828],[-89.180032,41.593853],[-89.182201,41.593721],[-89.182476,41.593631],[-89.182966,41.593221],[-89.183853,41.593017],[-89.185074,41.59254],[-89.187031,41.592089],[-89.187733,41.591884],[-89.188498,41.591566],[-89.189019,41.591179],[-89.189079,41.591087],[-89.189082,41.590221],[-89.189021,41.590154],[-89.189022,41.589948],[-89.188932,41.58988],[-89.188781,41.5894],[-89.188752,41.589195],[-89.18866,41.589172],[-89.188601,41.588808],[-89.188542,41.588056],[-89.188635,41.587851],[-89.18888,41.587554],[-89.189096,41.587167],[-89.189159,41.586688],[-89.189372,41.586484],[-89.1898,41.58621],[-89.192492,41.58551],[-89.192902,41.585323],[-89.198654,41.585333],[-89.198746,41.585333],[-89.198793,41.585333],[-89.198837,41.585333],[-89.206093,41.585312],[-89.20849,41.585306],[-89.210181,41.585299],[-89.210364,41.585299],[-89.210548,41.585298],[-89.212528,41.58529],[-89.213442,41.585287],[-89.218127,41.585268],[-89.219532,41.585284],[-89.222692,41.58532],[-89.222947,41.585323],[-89.223163,41.585325],[-89.223277,41.585311],[-89.223377,41.585323],[-89.223577,41.585328],[-89.225021,41.585315],[-89.226222,41.585319],[-89.227187,41.585324],[-89.2275,41.585336],[-89.227766,41.58536],[-89.227783,41.585362],[-89.227867,41.585358],[-89.227996,41.585342],[-89.228268,41.585323],[-89.228836,41.585303],[-89.229861,41.585267],[-89.230024,41.585266],[-89.230661,41.585229],[-89.230793,41.585227],[-89.231056,41.585212],[-89.231394,41.585206],[-89.231482,41.58521],[-89.231557,41.58522],[-89.231674,41.585264],[-89.231693,41.5853],[-89.233051,41.585295],[-89.237426,41.585241],[-89.242257,41.58524],[-89.247088,41.585238],[-89.251888,41.585221],[-89.252011,41.58522],[-89.25201,41.585233],[-89.252005,41.585944],[-89.251997,41.58741],[-89.251977,41.588077],[-89.251957,41.588789],[-89.251945,41.589501],[-89.251926,41.590796],[-89.251929,41.59164],[-89.251933,41.592353],[-89.251934,41.592469],[-89.251937,41.592653],[-89.25196,41.593833],[-89.252047,41.598275],[-89.252077,41.599756],[-89.253659,41.599761],[-89.253991,41.599759],[-89.254901,41.599757],[-89.256198,41.599742],[-89.257539,41.599714],[-89.258857,41.599674],[-89.259671,41.599647],[-89.259732,41.599647],[-89.261647,41.599653],[-89.262952,41.599656],[-89.264645,41.599662],[-89.265005,41.599673],[-89.26535,41.599696],[-89.265696,41.599731],[-89.266389,41.599828],[-89.266659,41.599863],[-89.266856,41.59988],[-89.266969,41.599891],[-89.267077,41.599899],[-89.267433,41.599913],[-89.267796,41.599911],[-89.268161,41.599894],[-89.268816,41.599849],[-89.269404,41.599812],[-89.26976,41.599794],[-89.270263,41.599771],[-89.274564,41.599636],[-89.276166,41.599586],[-89.278064,41.599567],[-89.283761,41.599511],[-89.285616,41.599493],[-89.285661,41.599493],[-89.285737,41.599492],[-89.285763,41.599492],[-89.28607,41.599492],[-89.286173,41.599492],[-89.29531,41.599496],[-89.304007,41.599481],[-89.304772,41.59948],[-89.304893,41.59948],[-89.321462,41.599433],[-89.322655,41.59943],[-89.324109,41.599426],[-89.326503,41.59943],[-89.333672,41.599442],[-89.338048,41.599445],[-89.341897,41.599448],[-89.342164,41.599448],[-89.342967,41.599448],[-89.343235,41.599449],[-89.345239,41.599447],[-89.35125,41.599441],[-89.353255,41.59944],[-89.354987,41.599438],[-89.360184,41.599434],[-89.361917,41.599433],[-89.362032,41.599432],[-89.362376,41.599432],[-89.362492,41.599432],[-89.364557,41.599424],[-89.36729,41.599415],[-89.370752,41.599389],[-89.372089,41.59938],[-89.372818,41.599376],[-89.374591,41.599366],[-89.379912,41.599337],[-89.381686,41.599328],[-89.381687,41.59957],[-89.38169,41.600299],[-89.381692,41.600542],[-89.381704,41.603197],[-89.381719,41.606117],[-89.38174,41.606326],[-89.381766,41.60651],[-89.381792,41.606774],[-89.381797,41.606916],[-89.381859,41.611158],[-89.381899,41.613813],[-89.383326,41.613816],[-89.385534,41.613821],[-89.386741,41.613823],[-89.387607,41.61382],[-89.389035,41.613817],[-89.390481,41.613813],[-89.391583,41.61381],[-89.394819,41.613805],[-89.396266,41.613803],[-89.397223,41.613801],[-89.400096,41.613797],[-89.401054,41.613796],[-89.401827,41.613804],[-89.404146,41.613831],[-89.40492,41.61384],[-89.405228,41.613843],[-89.405747,41.613849],[-89.406153,41.613851],[-89.406462,41.613854],[-89.407377,41.61386],[-89.410122,41.613879],[-89.41044,41.613882],[-89.411038,41.613883],[-89.411068,41.616572],[-89.411156,41.624388],[-89.41141,41.624389],[-89.414101,41.624406],[-89.414419,41.624429],[-89.415096,41.624479],[-89.415101,41.624199],[-89.415107,41.62388],[-89.415108,41.623555],[-89.415111,41.622581],[-89.415113,41.622257],[-89.415116,41.621313],[-89.415118,41.620915],[-89.417551,41.620917],[-89.418495,41.620918],[-89.418816,41.620917],[-89.419781,41.620916],[-89.420103,41.620916],[-89.4201,41.620678],[-89.420092,41.619963],[-89.42009,41.619726],[-89.420077,41.618559],[-89.420038,41.615061],[-89.420026,41.613895],[-89.420424,41.613892],[-89.421619,41.613887],[-89.422018,41.613886],[-89.425438,41.61387],[-89.429572,41.613851],[-89.435699,41.613849],[-89.43912,41.613849],[-89.440094,41.61384],[-89.443015,41.613815],[-89.44399,41.613807],[-89.446867,41.613782],[-89.44875,41.613766],[-89.455501,41.613791],[-89.458379,41.613802],[-89.458361,41.616698],[-89.458335,41.621042],[-89.458375,41.625386],[-89.458402,41.628283],[-89.460208,41.628295],[-89.465627,41.628332],[-89.467434,41.628345],[-89.477744,41.628415],[-89.477744,41.628463],[-89.477771,41.635679],[-89.481638,41.635703],[-89.481761,41.635909],[-89.482309,41.636137],[-89.482889,41.636526],[-89.483402,41.636659],[-89.485693,41.637256],[-89.487553,41.637987],[-89.488864,41.638078],[-89.489362,41.638176],[-89.490023,41.638306],[-89.49051,41.638557],[-89.490999,41.63906],[-89.491029,41.639197],[-89.491418,41.639197],[-89.492201,41.639072],[-89.495303,41.638581],[-89.495708,41.638563],[-89.496889,41.638512],[-89.496889,41.637258],[-89.496893,41.633496],[-89.496894,41.632243],[-89.496894,41.631736],[-89.496895,41.630216],[-89.496896,41.62971],[-89.496896,41.629461],[-89.496896,41.628714],[-89.496897,41.628466],[-89.496897,41.626994],[-89.496898,41.622581],[-89.496899,41.621216],[-89.496898,41.62111],[-89.496897,41.621031],[-89.496895,41.620795],[-89.496895,41.620717],[-89.496884,41.619366],[-89.496852,41.615316],[-89.496842,41.613966],[-89.496842,41.613851],[-89.496842,41.613508],[-89.496843,41.613394],[-89.496935,41.613467],[-89.497666,41.613628],[-89.500106,41.613608],[-89.501031,41.613526],[-89.503439,41.613316],[-89.504384,41.613205],[-89.505632,41.613229],[-89.506333,41.613412],[-89.50682,41.613619],[-89.507641,41.614192],[-89.509436,41.615637],[-89.509832,41.615934],[-89.511628,41.616486],[-89.512763,41.616704],[-89.513425,41.616832],[-89.513913,41.617015],[-89.515799,41.61846],[-89.516381,41.618781],[-89.516832,41.619032],[-89.519742,41.620016],[-89.520119,41.62011],[-89.522469,41.620702],[-89.523227,41.620862],[-89.53196,41.620905],[-89.532447,41.620908],[-89.533538,41.621137],[-89.535386,41.622052],[-89.535673,41.622179],[-89.536365,41.622436],[-89.537797,41.623191],[-89.538741,41.623877],[-89.539239,41.624207],[-89.53996,41.624685],[-89.540323,41.625034],[-89.542757,41.62636],[-89.543854,41.626749],[-89.544433,41.626842],[-89.54745,41.626842],[-89.550802,41.627071],[-89.550902,41.627083],[-89.552295,41.627254],[-89.553423,41.627163],[-89.554993,41.626923],[-89.55501,41.628458],[-89.555011,41.628646],[-89.555066,41.633816],[-89.555085,41.63554],[-89.555088,41.635887],[-89.5551,41.63693],[-89.555104,41.637278],[-89.555105,41.637364],[-89.555108,41.637625],[-89.555109,41.637712],[-89.555723,41.637291],[-89.556562,41.636719],[-89.557573,41.636038],[-89.558056,41.635713],[-89.558086,41.635553],[-89.558818,41.635119],[-89.56033,41.633869],[-89.560921,41.633381],[-89.561134,41.633289],[-89.56342,41.6313],[-89.565187,41.629928],[-89.566862,41.628542],[-89.568174,41.627458],[-89.568844,41.626933],[-89.568966,41.626704],[-89.570002,41.625995],[-89.570248,41.625697],[-89.570459,41.625444],[-89.570554,41.625033],[-89.570495,41.623876],[-89.570648,41.623396],[-89.571013,41.622527],[-89.571775,41.621339],[-89.571875,41.621216],[-89.57281,41.620081],[-89.572871,41.619921],[-89.573117,41.619806],[-89.573855,41.619464],[-89.574102,41.61935],[-89.575101,41.618432],[-89.57727,41.616443],[-89.578099,41.615681],[-89.579099,41.614765],[-89.579249,41.614626],[-89.579297,41.614583],[-89.579482,41.614394],[-89.579642,41.614208],[-89.579664,41.614178],[-89.579788,41.614016],[-89.57974,41.614016],[-89.579597,41.614016],[-89.57955,41.614016],[-89.580365,41.613472],[-89.582301,41.612753],[-89.582649,41.612625],[-89.583716,41.61203],[-89.584964,41.610956],[-89.5867,41.609721],[-89.587644,41.609288],[-89.59021,41.60836],[-89.590812,41.608143],[-89.592975,41.607572],[-89.593134,41.607517],[-89.595625,41.607113],[-89.596969,41.606973],[-89.598275,41.606838],[-89.602053,41.606698],[-89.608586,41.606616],[-89.609731,41.606602],[-89.612462,41.606577],[-89.615254,41.606553],[-89.621002,41.606504],[-89.62219,41.606412],[-89.62357,41.60601],[-89.6251,41.605566],[-89.62625,41.605225],[-89.627321,41.604781],[-89.6303,41.603552],[-89.630545,41.60348],[-89.631323,41.603254],[-89.631652,41.603134],[-89.631641,41.602253],[-89.631605,41.599504],[-89.631604,41.599363],[-89.631594,41.598589],[-89.631576,41.597263],[-89.631525,41.593285],[-89.631511,41.592157],[-89.631511,41.591959],[-89.631507,41.590557],[-89.631497,41.586351],[-89.631494,41.584949],[-89.631822,41.584939],[-89.632199,41.584936],[-89.632285,41.584933],[-89.633109,41.584936],[-89.633126,41.584931],[-89.633434,41.584987],[-89.635807,41.584965],[-89.638675,41.58495],[-89.639448,41.584952],[-89.640623,41.584946],[-89.641427,41.584934],[-89.642419,41.584929],[-89.643843,41.584935],[-89.644469,41.58494],[-89.645249,41.584938],[-89.646291,41.584926],[-89.648114,41.584921],[-89.649161,41.584911],[-89.650646,41.584907],[-89.650941,41.584911],[-89.650982,41.584911],[-89.652814,41.584927],[-89.654845,41.584923],[-89.656593,41.584932],[-89.657731,41.584936],[-89.657869,41.584931],[-89.65821,41.584919],[-89.658676,41.584912],[-89.66067,41.584898],[-89.661689,41.584883],[-89.664551,41.584863],[-89.665091,41.584856],[-89.665155,41.584856],[-89.665336,41.584855],[-89.667413,41.584862],[-89.668189,41.584857],[-89.672078,41.584867],[-89.672437,41.584867],[-89.673115,41.584862],[-89.67389,41.58485],[-89.675862,41.584837],[-89.677956,41.584816],[-89.678754,41.584787],[-89.679026,41.58478],[-89.679047,41.584782],[-89.679065,41.584783],[-89.679441,41.584774],[-89.679964,41.584771],[-89.680996,41.584759],[-89.683846,41.584753],[-89.686598,41.584741],[-89.687528,41.584723],[-89.687827,41.584723],[-89.688082,41.584714],[-89.688385,41.584709],[-89.689292,41.584709],[-89.694077,41.58466],[-89.696971,41.584638],[-89.697521,41.584633],[-89.698899,41.58462],[-89.700768,41.584593],[-89.703574,41.584573],[-89.703621,41.584575],[-89.704623,41.584576],[-89.705418,41.584583],[-89.706461,41.584577],[-89.707486,41.584588],[-89.708365,41.584616],[-89.708431,41.584619],[-89.709388,41.584628],[-89.710332,41.584628],[-89.712137,41.58461],[-89.714998,41.584599],[-89.716826,41.584589],[-89.722568,41.584568],[-89.72362,41.58456],[-89.730159,41.584543],[-89.732247,41.584552],[-89.734079,41.584554],[-89.735122,41.584551],[-89.735899,41.584556],[-89.738,41.584544],[-89.738661,41.584538],[-89.738692,41.584589],[-89.738662,41.584724],[-89.738297,41.584881],[-89.734413,41.584928],[-89.730603,41.584975],[-89.730452,41.58518],[-89.730331,41.585406],[-89.73045,41.586111],[-89.730506,41.588633],[-89.730517,41.594512],[-89.730521,41.596154],[-89.730556,41.598992],[-89.731991,41.598966],[-89.732338,41.59896],[-89.73397,41.59894],[-89.734793,41.598923],[-89.735596,41.598921],[-89.736105,41.598904],[-89.736298,41.598905],[-89.736406,41.598907],[-89.737168,41.598885],[-89.737734,41.59888],[-89.738681,41.598872],[-89.739571,41.598873],[-89.739631,41.598872],[-89.74469,41.59883],[-89.745324,41.598832],[-89.746627,41.598837],[-89.747221,41.598863],[-89.747226,41.599101],[-89.747225,41.599148],[-89.747223,41.599685],[-89.747226,41.600005],[-89.74723,41.600291],[-89.747242,41.601385],[-89.747253,41.602278],[-89.747242,41.603554],[-89.747246,41.603795],[-89.747257,41.604669],[-89.747269,41.60559],[-89.747276,41.605764],[-89.747287,41.606034],[-89.7473,41.607197],[-89.747318,41.607972],[-89.74732,41.609502],[-89.747363,41.611884],[-89.747366,41.612627],[-89.747394,41.613306],[-89.747374,41.613469],[-89.739733,41.613523],[-89.73813,41.613523],[-89.737855,41.613508],[-89.7377,41.613484],[-89.73762,41.613466],[-89.736173,41.613457],[-89.735689,41.61346],[-89.735221,41.613464],[-89.734325,41.613457],[-89.733407,41.613468],[-89.729896,41.613469],[-89.729402,41.61347],[-89.7285,41.613459],[-89.728308,41.613467],[-89.728192,41.613482],[-89.7281,41.613475],[-89.728063,41.613461],[-89.727993,41.6134],[-89.727996,41.613608],[-89.728,41.613841],[-89.728026,41.615032],[-89.728026,41.615165],[-89.728026,41.61519],[-89.728027,41.615607],[-89.728027,41.615646],[-89.728027,41.615767],[-89.728027,41.615807],[-89.728037,41.616133],[-89.728049,41.616521],[-89.728065,41.618238],[-89.728066,41.618259],[-89.728073,41.618581],[-89.728085,41.619056],[-89.728125,41.623348],[-89.728135,41.623907],[-89.728141,41.624275],[-89.728148,41.625464],[-89.728149,41.625534],[-89.728163,41.626343],[-89.728186,41.627592],[-89.728198,41.627966],[-89.728217,41.629584],[-89.728221,41.629951],[-89.728222,41.630073],[-89.728295,41.636395],[-89.72832,41.638503],[-89.728209,41.638491],[-89.727971,41.638477],[-89.727356,41.638458],[-89.726365,41.638436],[-89.72445,41.638385],[-89.719097,41.638243],[-89.717957,41.638205],[-89.714104,41.638096],[-89.712838,41.638062],[-89.711114,41.638018],[-89.710482,41.638011],[-89.710193,41.638026],[-89.709068,41.638133],[-89.708973,41.638146],[-89.708999,41.639014],[-89.709035,41.640143],[-89.709052,41.641619],[-89.709056,41.641958],[-89.709045,41.642488],[-89.709041,41.642545],[-89.709016,41.642614],[-89.709002,41.642839],[-89.709001,41.643028],[-89.708998,41.64377],[-89.709011,41.644665],[-89.70902,41.645211],[-89.709033,41.646117],[-89.709075,41.648838],[-89.709089,41.649745],[-89.709097,41.650379],[-89.709099,41.651194],[-89.709103,41.652316],[-89.709117,41.652946],[-89.709176,41.65549],[-89.709177,41.655543],[-89.709213,41.656993],[-89.709234,41.657896],[-89.709236,41.658297],[-89.709262,41.662211],[-89.709268,41.663086],[-89.709251,41.66335],[-89.709231,41.663514],[-89.709221,41.663599],[-89.709217,41.663653],[-89.709209,41.663792],[-89.70921,41.664075],[-89.709211,41.664216],[-89.709221,41.665497],[-89.709222,41.665601],[-89.709257,41.667754],[-89.709263,41.668571],[-89.709302,41.669755],[-89.70931,41.669968],[-89.709336,41.670954],[-89.709332,41.67114],[-89.709329,41.671258],[-89.713389,41.671256],[-89.728628,41.671244],[-89.728624,41.671363],[-89.728617,41.671561],[-89.72859,41.674224],[-89.728537,41.679522],[-89.728529,41.682],[-89.728524,41.68281],[-89.728509,41.685672],[-89.729964,41.685673],[-89.730433,41.685671],[-89.736206,41.685653],[-89.736855,41.685651],[-89.738131,41.685647],[-89.738128,41.688608],[-89.738124,41.69293],[-89.742688,41.692934],[-89.745651,41.692937],[-89.745691,41.692937],[-89.745813,41.692937],[-89.745854,41.692937],[-89.746225,41.692925],[-89.746312,41.692923],[-89.7464,41.692921],[-89.746536,41.692693],[-89.746583,41.692631],[-89.746683,41.692469],[-89.746768,41.692341],[-89.746805,41.692276],[-89.746872,41.692181],[-89.746887,41.692147],[-89.747112,41.691792],[-89.747177,41.691699],[-89.747213,41.691634],[-89.747355,41.691408],[-89.747401,41.691346],[-89.747432,41.691279],[-89.747428,41.691243],[-89.747411,41.69121],[-89.747402,41.691172],[-89.747438,41.691163],[-89.74749,41.691169],[-89.747545,41.69113],[-89.747735,41.690899],[-89.747826,41.690817],[-89.747881,41.690803],[-89.747903,41.690777],[-89.747905,41.69068],[-89.747906,41.690584],[-89.747908,41.690487],[-89.747919,41.689777],[-89.747924,41.689453],[-89.747932,41.688961],[-89.747934,41.688686],[-89.747944,41.687685],[-89.74794,41.687496],[-89.747954,41.686386],[-89.747962,41.685848],[-89.747964,41.68562],[-89.748392,41.685618],[-89.749241,41.685617],[-89.749676,41.685615],[-89.749998,41.685615],[-89.750105,41.685615],[-89.75017,41.685614],[-89.750368,41.685614],[-89.750434,41.685614],[-89.750605,41.685612],[-89.75112,41.685608],[-89.751154,41.685608],[-89.751292,41.685607],[-89.751344,41.685606],[-89.751425,41.685606],[-89.7515,41.685605],[-89.751553,41.685605],[-89.751966,41.685601],[-89.752704,41.685595],[-89.753208,41.685591],[-89.753623,41.685589],[-89.756338,41.685587],[-89.757927,41.685587],[-89.762039,41.685578],[-89.764486,41.685565],[-89.767202,41.685551],[-89.76718,41.686836],[-89.767174,41.687403],[-89.767163,41.688523],[-89.767152,41.689132],[-89.767148,41.690194],[-89.767128,41.691271],[-89.767133,41.692629],[-89.767127,41.692959],[-89.767108,41.694119],[-89.767103,41.694812],[-89.768892,41.694757],[-89.774258,41.694595],[-89.776048,41.694541],[-89.77811,41.69449],[-89.784298,41.694337],[-89.786361,41.694287],[-89.796177,41.694299],[-89.796181,41.694075],[-89.796202,41.693297],[-89.796218,41.691145],[-89.79623,41.690759],[-89.796252,41.689299],[-89.796249,41.688975],[-89.796257,41.687505],[-89.796275,41.686996],[-89.796298,41.685637],[-89.798864,41.685656],[-89.802036,41.685672],[-89.806371,41.685688],[-89.809573,41.685711],[-89.812494,41.685722],[-89.813872,41.685744],[-89.815717,41.685758],[-89.817022,41.685766],[-89.825379,41.685813],[-89.825395,41.684348],[-89.825445,41.679953],[-89.825462,41.678489],[-89.825475,41.67746],[-89.825478,41.677278],[-89.8255,41.676533],[-89.825527,41.674377],[-89.825541,41.673349],[-89.825547,41.67293],[-89.825549,41.672857],[-89.825573,41.672047],[-89.825574,41.671674],[-89.825575,41.671371],[-89.825568,41.671256],[-89.825449,41.671254],[-89.825092,41.671251],[-89.824973,41.671251],[-89.824973,41.671229],[-89.824944,41.669005],[-89.82486,41.662446],[-89.824856,41.662335],[-89.824831,41.661588],[-89.824821,41.660749],[-89.82482,41.660113],[-89.824373,41.660123],[-89.824019,41.660125],[-89.823004,41.660126],[-89.821411,41.660119],[-89.820623,41.660125],[-89.816536,41.660119],[-89.815894,41.660111],[-89.815503,41.660114],[-89.815194,41.660112],[-89.814985,41.66011],[-89.812502,41.660124],[-89.810154,41.660128],[-89.807856,41.660121],[-89.806056,41.660126],[-89.805679,41.660151],[-89.805548,41.66018],[-89.805547,41.660169],[-89.805547,41.660053],[-89.805571,41.660045],[-89.805644,41.660008],[-89.805668,41.660004],[-89.805717,41.660003],[-89.805763,41.659997],[-89.805804,41.659981],[-89.805897,41.659965],[-89.80608,41.659923],[-89.807087,41.659663],[-89.8074,41.659577],[-89.807626,41.659522],[-89.80776,41.659483],[-89.807851,41.659463],[-89.808075,41.659402],[-89.808345,41.659334],[-89.808433,41.659307],[-89.808525,41.659287],[-89.808703,41.659237],[-89.809196,41.659108],[-89.809916,41.658924],[-89.810004,41.658897],[-89.811352,41.65855],[-89.811439,41.658523],[-89.812024,41.658375],[-89.813099,41.658091],[-89.81319,41.658071],[-89.813818,41.657908],[-89.81404,41.657846],[-89.814399,41.657752],[-89.814491,41.657733],[-89.814985,41.657604],[-89.815342,41.657503],[-89.816151,41.657297],[-89.816239,41.657271],[-89.816331,41.657251],[-89.81669,41.657158],[-89.816778,41.657131],[-89.817406,41.656968],[-89.817497,41.656949],[-89.817991,41.656821],[-89.818079,41.656794],[-89.818572,41.656666],[-89.818663,41.656647],[-89.819292,41.656482],[-89.819428,41.65645],[-89.819516,41.656423],[-89.820191,41.656254],[-89.820467,41.656195],[-89.820561,41.656183],[-89.820698,41.65615],[-89.820931,41.656106],[-89.821068,41.656074],[-89.821162,41.65606],[-89.821301,41.656033],[-89.821391,41.656008],[-89.821437,41.655999],[-89.821532,41.655988],[-89.8216,41.655969],[-89.821695,41.655954],[-89.822066,41.655882],[-89.822248,41.65584],[-89.822759,41.655745],[-89.822803,41.655731],[-89.822897,41.655717],[-89.823589,41.655574],[-89.823682,41.655559],[-89.823773,41.655536],[-89.823821,41.65553],[-89.824006,41.655493],[-89.82405,41.655479],[-89.824238,41.655449],[-89.824327,41.655424],[-89.824464,41.655395],[-89.824512,41.655391],[-89.824697,41.655352],[-89.824745,41.655344],[-89.824791,41.655335],[-89.82488,41.655311],[-89.824928,41.655306],[-89.825527,41.655184],[-89.825575,41.655179],[-89.826266,41.65504],[-89.826311,41.655027],[-89.826452,41.655003],[-89.826682,41.654956],[-89.826725,41.654942],[-89.827004,41.654892],[-89.827325,41.654824],[-89.82742,41.65481],[-89.827834,41.654724],[-89.827969,41.654691],[-89.828293,41.654633],[-89.82838,41.654608],[-89.828568,41.654577],[-89.828612,41.654564],[-89.828753,41.654542],[-89.828844,41.654524],[-89.828932,41.654499],[-89.829023,41.654479],[-89.829255,41.654438],[-89.829393,41.654408],[-89.829484,41.654386],[-89.829532,41.654382],[-89.829626,41.654367],[-89.829763,41.654337],[-89.829902,41.654313],[-89.829993,41.654288],[-89.830271,41.654238],[-89.830407,41.654205],[-89.830734,41.654147],[-89.830822,41.654122],[-89.831149,41.65406],[-89.831332,41.654021],[-89.831376,41.654008],[-89.831565,41.653977],[-89.831608,41.653963],[-89.83198,41.653895],[-89.83207,41.653871],[-89.832118,41.653865],[-89.832255,41.653839],[-89.83239,41.653806],[-89.832484,41.653792],[-89.832622,41.653763],[-89.832715,41.653751],[-89.8329,41.653709],[-89.833221,41.653643],[-89.833453,41.653603],[-89.83354,41.653576],[-89.833727,41.653546],[-89.833815,41.653522],[-89.834001,41.653488],[-89.834044,41.653475],[-89.834181,41.653447],[-89.834368,41.653415],[-89.834687,41.653346],[-89.83478,41.65333],[-89.835005,41.653279],[-89.835468,41.653194],[-89.835511,41.653181],[-89.835878,41.653109],[-89.835972,41.653097],[-89.836059,41.65307],[-89.836107,41.653064],[-89.836336,41.653017],[-89.836569,41.652977],[-89.836614,41.652965],[-89.8368,41.65293],[-89.837028,41.652877],[-89.837076,41.652875],[-89.83735,41.65282],[-89.837491,41.652797],[-89.837585,41.652787],[-89.837678,41.652771],[-89.837769,41.652749],[-89.83781,41.652734],[-89.837998,41.652703],[-89.838182,41.652667],[-89.838277,41.652655],[-89.838366,41.65263],[-89.838413,41.652625],[-89.838553,41.652599],[-89.838643,41.652578],[-89.838691,41.652575],[-89.838778,41.652548],[-89.839007,41.652501],[-89.839182,41.652483],[-89.839223,41.652465],[-89.839359,41.652432],[-89.839453,41.65242],[-89.839635,41.652378],[-89.839822,41.652344],[-89.84005,41.652292],[-89.84014,41.652277],[-89.840285,41.652253],[-89.84033,41.652241],[-89.840517,41.65221],[-89.840604,41.652182],[-89.840789,41.652149],[-89.84088,41.652125],[-89.840975,41.652115],[-89.841067,41.652099],[-89.841205,41.652068],[-89.841344,41.652042],[-89.841438,41.652029],[-89.841573,41.651992],[-89.841667,41.651978],[-89.842412,41.651834],[-89.842501,41.65181],[-89.842733,41.651761],[-89.842874,41.651741],[-89.843013,41.651715],[-89.843026,41.651709],[-89.843055,41.651698],[-89.843197,41.65168],[-89.84338,41.651636],[-89.843475,41.651623],[-89.843751,41.651564],[-89.843989,41.651522],[-89.843988,41.651464],[-89.843965,41.650157],[-89.843951,41.649351],[-89.843946,41.648612],[-89.843937,41.648221],[-89.843916,41.647103],[-89.843904,41.646928],[-89.843914,41.646326],[-89.843905,41.646065],[-89.843887,41.645538],[-89.843886,41.644732],[-89.843889,41.644702],[-89.843884,41.644657],[-89.843874,41.644159],[-89.843858,41.643348],[-89.843856,41.642621],[-89.843854,41.64253],[-89.843843,41.641987],[-89.843822,41.640816],[-89.843821,41.640589],[-89.843821,41.640204],[-89.843762,41.636394],[-89.843741,41.634997],[-89.843737,41.63486],[-89.843736,41.634701],[-89.843733,41.633815],[-89.843732,41.63352],[-89.843711,41.63231],[-89.843692,41.63115],[-89.843675,41.62868],[-89.843667,41.62747],[-89.84367,41.626937],[-89.843662,41.626697],[-89.843644,41.626132],[-89.843636,41.625003],[-89.843627,41.624378],[-89.843618,41.623606],[-89.844548,41.623375],[-89.84463,41.623363],[-89.844688,41.623343],[-89.84474,41.623336],[-89.844835,41.623315],[-89.844917,41.623304],[-89.84494,41.623297],[-89.845021,41.623286],[-89.845213,41.623242],[-89.845298,41.623233],[-89.845391,41.623214],[-89.84549,41.623199],[-89.845664,41.623156],[-89.845822,41.623124],[-89.846075,41.623085],[-89.846219,41.623051],[-89.846325,41.62304],[-89.84635,41.623032],[-89.846371,41.623026],[-89.846481,41.623015],[-89.846511,41.623001],[-89.84663,41.622989],[-89.846706,41.622969],[-89.846941,41.622944],[-89.847005,41.622928],[-89.847106,41.622917],[-89.847322,41.622864],[-89.847968,41.622727],[-89.848075,41.622711],[-89.84831,41.622654],[-89.848816,41.622545],[-89.848923,41.622529],[-89.849084,41.62249],[-89.849197,41.622474],[-89.849352,41.622435],[-89.849468,41.622412],[-89.849624,41.622387],[-89.84981,41.622339],[-89.84991,41.622328],[-89.849956,41.622312],[-89.850051,41.622301],[-89.850182,41.622266],[-89.850362,41.622246],[-89.850553,41.622198],[-89.850697,41.622187],[-89.850761,41.622166],[-89.850861,41.622155],[-89.850974,41.622125],[-89.851038,41.622118],[-89.851249,41.622066],[-89.851669,41.621974],[-89.851764,41.621963],[-89.852017,41.621901],[-89.852145,41.621874],[-89.852233,41.621863],[-89.852498,41.621796],[-89.852687,41.621755],[-89.852822,41.621733],[-89.85362,41.621545],[-89.854163,41.621427],[-89.854552,41.621337],[-89.854681,41.621308],[-89.854788,41.621292],[-89.855187,41.621194],[-89.855906,41.621034],[-89.856172,41.621005],[-89.856617,41.62095],[-89.856824,41.620927],[-89.857242,41.620898],[-89.857296,41.620861],[-89.857217,41.620802],[-89.856998,41.620737],[-89.856974,41.620724],[-89.856894,41.620696],[-89.85687,41.620682],[-89.856778,41.62065],[-89.856754,41.620637],[-89.856724,41.620627],[-89.856687,41.620608],[-89.856663,41.620605],[-89.856553,41.620554],[-89.85651,41.62054],[-89.856486,41.620527],[-89.856443,41.620513],[-89.856419,41.620499],[-89.856376,41.620485],[-89.856352,41.620472],[-89.856322,41.620462],[-89.856279,41.62044],[-89.856254,41.620435],[-89.85623,41.620421],[-89.8562,41.620412],[-89.855962,41.620302],[-89.855779,41.620201],[-89.855667,41.620128],[-89.854978,41.619656],[-89.854961,41.619644],[-89.852603,41.61799],[-89.849249,41.615645],[-89.848459,41.615057],[-89.848135,41.614816],[-89.847971,41.61467],[-89.847958,41.614647],[-89.847733,41.614395],[-89.847709,41.614354],[-89.847678,41.614322],[-89.84766,41.61429],[-89.847618,41.614244],[-89.847587,41.61418],[-89.847447,41.613956],[-89.847423,41.61391],[-89.847304,41.613718],[-89.847283,41.613672],[-89.847265,41.613649],[-89.847253,41.613622],[-89.847234,41.613599],[-89.847216,41.613562],[-89.847198,41.613539],[-89.847192,41.613521],[-89.847173,41.613498],[-89.847155,41.613462],[-89.847137,41.613443],[-89.847131,41.613416],[-89.8471,41.613379],[-89.847094,41.613352],[-89.847062,41.613314],[-89.847048,41.613282],[-89.847033,41.613267],[-89.847015,41.613228],[-89.846991,41.613201],[-89.846948,41.613114],[-89.846928,41.613094],[-89.846912,41.613059],[-89.846869,41.613004],[-89.846864,41.612991],[-89.846851,41.612954],[-89.846827,41.612926],[-89.846802,41.612876],[-89.846753,41.61283],[-89.846747,41.612803],[-89.846728,41.612783],[-89.846711,41.612748],[-89.846693,41.612725],[-89.846687,41.612706],[-89.846672,41.612691],[-89.846656,41.612656],[-89.846636,41.612633],[-89.846632,41.612615],[-89.846595,41.612578],[-89.846571,41.612519],[-89.846535,41.612464],[-89.846522,41.612436],[-89.846504,41.612413],[-89.846486,41.612372],[-89.846468,41.612354],[-89.846461,41.612331],[-89.846425,41.612285],[-89.846413,41.612253],[-89.846389,41.612229],[-89.846382,41.612221],[-89.846352,41.612157],[-89.84616,41.611841],[-89.846151,41.611818],[-89.846115,41.611768],[-89.846109,41.61175],[-89.846084,41.611709],[-89.846066,41.61169],[-89.846054,41.611654],[-89.846036,41.61164],[-89.846023,41.611603],[-89.846005,41.61159],[-89.845993,41.611553],[-89.845975,41.611535],[-89.845969,41.611512],[-89.845944,41.611484],[-89.845932,41.611452],[-89.845914,41.611439],[-89.845908,41.611411],[-89.84589,41.611395],[-89.845883,41.61137],[-89.845859,41.611342],[-89.845841,41.611301],[-89.845823,41.611288],[-89.845811,41.611251],[-89.845792,41.611237],[-89.845786,41.61121],[-89.845768,41.611194],[-89.845762,41.611169],[-89.845738,41.611141],[-89.845719,41.6111],[-89.845701,41.611086],[-89.845689,41.61105],[-89.845658,41.611013],[-89.845652,41.610985],[-89.845628,41.610958],[-89.845622,41.61094],[-89.845604,41.610921],[-89.845579,41.610857],[-89.845547,41.610746],[-89.845531,41.610528],[-89.845571,41.610214],[-89.845651,41.609759],[-89.845724,41.609418],[-89.845831,41.609165],[-89.845947,41.608931],[-89.845953,41.608904],[-89.846194,41.608739],[-89.847289,41.608022],[-89.847707,41.607743],[-89.848138,41.607463],[-89.848237,41.6074],[-89.849326,41.606682],[-89.849533,41.606524],[-89.849661,41.606367],[-89.849716,41.606307],[-89.849728,41.606271],[-89.849777,41.606216],[-89.849808,41.606147],[-89.849936,41.605433],[-89.849967,41.605287],[-89.850053,41.604802],[-89.850071,41.604724],[-89.850227,41.603871],[-89.850304,41.603489],[-89.850322,41.603448],[-89.850322,41.60343],[-89.850442,41.602796],[-89.850521,41.602412],[-89.850558,41.602183],[-89.850585,41.600519],[-89.850587,41.600428],[-89.8506,41.600108],[-89.850658,41.59979],[-89.850685,41.599715],[-89.850746,41.599555],[-89.850771,41.599532],[-89.850844,41.599376],[-89.850881,41.599335],[-89.850887,41.599312],[-89.85092,41.599266],[-89.850978,41.599198],[-89.851055,41.599126],[-89.851161,41.599001],[-89.851448,41.598759],[-89.85164,41.598631],[-89.851695,41.598599],[-89.851801,41.598555],[-89.851934,41.598494],[-89.850208,41.5985],[-89.847593,41.59851],[-89.846618,41.598524],[-89.845031,41.598532],[-89.843459,41.59854],[-89.843306,41.598538],[-89.843261,41.595638],[-89.843249,41.594836],[-89.843245,41.593646],[-89.843184,41.589602],[-89.843164,41.58694],[-89.843153,41.585294],[-89.843127,41.584281],[-89.843136,41.584041],[-89.84322,41.584041],[-89.843274,41.584041],[-89.845572,41.584055],[-89.848963,41.584052],[-89.850618,41.584059],[-89.852893,41.584058],[-89.853931,41.584055],[-89.85775,41.584054],[-89.862013,41.584012],[-89.862275,41.584006],[-89.862351,41.584005],[-89.861848,41.573941],[-89.861552,41.569247],[-89.861618,41.569247],[-89.862068,41.569242],[-89.863418,41.569229],[-89.863869,41.569226],[-89.866754,41.569202],[-89.875162,41.569135],[-89.87541,41.569131],[-89.878296,41.569095],[-89.878785,41.569091],[-89.880255,41.56908],[-89.880387,41.56908],[-89.880745,41.569078],[-89.880728,41.568933],[-89.880656,41.567773],[-89.880579,41.566531],[-89.880539,41.565988],[-89.880536,41.565725],[-89.88048,41.564624],[-89.880427,41.563858],[-89.880422,41.563784],[-89.88035,41.562553],[-89.880348,41.562511],[-89.880284,41.561064],[-89.880246,41.560537],[-89.880214,41.559714],[-89.88017,41.558938],[-89.880132,41.558078],[-89.880105,41.557443],[-89.880059,41.556782],[-89.88004,41.555909],[-89.879962,41.554796],[-89.879924,41.554368],[-89.879893,41.553272],[-89.879843,41.552507],[-89.879805,41.551601],[-89.879757,41.55089],[-89.879718,41.550166],[-89.879592,41.548181],[-89.879462,41.545546],[-89.879415,41.544827],[-89.879407,41.544659],[-89.879373,41.543843],[-89.879359,41.543761],[-89.879261,41.541151],[-89.879233,41.540392],[-89.879205,41.540186],[-89.875977,41.540266],[-89.860108,41.540375],[-89.85999,41.538269],[-89.859945,41.53684],[-89.859775,41.533531],[-89.859759,41.533221],[-89.859755,41.533136],[-89.859737,41.532626],[-89.859788,41.532435],[-89.859776,41.532057],[-89.859761,41.531809],[-89.859724,41.531044],[-89.859685,41.530371],[-89.859654,41.529237],[-89.859576,41.527474],[-89.859554,41.527084],[-89.85953,41.5265],[-89.859424,41.524346],[-89.859363,41.522778],[-89.859335,41.5222],[-89.859265,41.521057],[-89.859205,41.519626],[-89.859195,41.518937],[-89.8592,41.518827],[-89.859197,41.518725],[-89.859164,41.518551],[-89.859123,41.51848],[-89.859068,41.518425],[-89.858925,41.518369],[-89.858845,41.518359],[-89.858685,41.518352],[-89.858006,41.518369],[-89.857855,41.518387],[-89.857715,41.518391],[-89.857585,41.51837],[-89.857574,41.518365],[-89.857369,41.51837],[-89.857356,41.517057],[-89.857359,41.5169],[-89.857354,41.516197],[-89.857351,41.515713],[-89.857345,41.514769],[-89.857322,41.511452],[-89.857318,41.511081],[-89.857317,41.510947],[-89.857264,41.502882],[-89.857248,41.500437],[-89.857248,41.500361],[-89.857247,41.500311],[-89.857224,41.496822],[-89.857224,41.496765],[-89.857244,41.496766],[-89.857349,41.496677],[-89.857444,41.496676],[-89.857731,41.496676],[-89.857827,41.496676],[-89.857802,41.494701],[-89.857728,41.488779],[-89.857707,41.487022],[-89.857706,41.486923],[-89.857622,41.486841],[-89.857715,41.486823],[-89.857763,41.48682],[-89.858339,41.48685],[-89.858772,41.486866],[-89.859398,41.486875],[-89.859976,41.486865],[-89.860409,41.486845],[-89.860456,41.486841],[-89.86084,41.486815],[-89.861126,41.48679],[-89.86184,41.486705],[-89.86203,41.486679],[-89.862696,41.4866],[-89.863075,41.486549],[-89.864454,41.486384],[-89.865215,41.486288],[-89.866546,41.48613],[-89.866735,41.486103],[-89.867258,41.486037],[-89.86849,41.485866],[-89.868905,41.485793],[-89.869006,41.485776],[-89.86948,41.48571],[-89.869573,41.485693],[-89.869669,41.485686],[-89.869809,41.485659],[-89.87014,41.485613],[-89.870327,41.48558],[-89.870989,41.485483],[-89.871602,41.485389],[-89.871712,41.48537],[-89.871993,41.485323],[-89.873033,41.485174],[-89.873694,41.485072],[-89.874262,41.48499],[-89.874278,41.484987],[-89.874781,41.484908],[-89.874876,41.484898],[-89.875068,41.484886],[-89.875347,41.484831],[-89.876197,41.484702],[-89.876529,41.484658],[-89.877002,41.484588],[-89.877574,41.484521],[-89.878339,41.484452],[-89.879251,41.484398],[-89.879877,41.484381],[-89.880791,41.484399],[-89.881271,41.484419],[-89.881798,41.484464],[-89.882019,41.484486],[-89.882466,41.484533],[-89.882753,41.484559],[-89.882942,41.484587],[-89.883133,41.484608],[-89.883702,41.484684],[-89.883988,41.484717],[-89.884595,41.484795],[-89.885262,41.484877],[-89.885593,41.484922],[-89.885832,41.484947],[-89.88683,41.485077],[-89.886971,41.485099],[-89.887731,41.485197],[-89.888252,41.48527],[-89.889392,41.485415],[-89.890008,41.485499],[-89.890472,41.485556],[-89.892228,41.485786],[-89.892941,41.485874],[-89.893083,41.485895],[-89.896548,41.486342],[-89.896692,41.486356],[-89.897159,41.486383],[-89.897601,41.48641],[-89.897697,41.486411],[-89.897745,41.486416],[-89.897984,41.486422],[-89.898032,41.486427],[-89.898752,41.486442],[-89.899903,41.486439],[-89.900325,41.486431],[-89.900326,41.48649],[-89.900328,41.48655],[-89.900335,41.48686],[-89.900333,41.487774],[-89.900342,41.488458],[-89.900344,41.488543],[-89.900338,41.48865],[-89.900364,41.490329],[-89.900389,41.491935],[-89.900395,41.492945],[-89.900417,41.494542],[-89.900445,41.496426],[-89.90046,41.49657],[-89.900585,41.496572],[-89.901494,41.496557],[-89.901708,41.496557],[-89.903343,41.496557],[-89.904692,41.496541],[-89.905453,41.496538],[-89.906506,41.496536],[-89.906702,41.496535],[-89.905805,41.497241],[-89.905394,41.497559],[-89.90533,41.497582],[-89.905294,41.4976],[-89.905257,41.497609],[-89.905172,41.497646],[-89.905148,41.49765],[-89.905032,41.497691],[-89.905002,41.497705],[-89.904977,41.49771],[-89.904813,41.497774],[-89.904789,41.497778],[-89.904576,41.49786],[-89.904551,41.497865],[-89.904521,41.497879],[-89.904497,41.497883],[-89.904357,41.497938],[-89.904292,41.497959],[-89.904272,41.49797],[-89.904247,41.497975],[-89.904083,41.498034],[-89.904059,41.498048],[-89.904022,41.498057],[-89.903986,41.498075],[-89.903961,41.49808],[-89.903858,41.498121],[-89.903833,41.498125],[-89.903754,41.498157],[-89.90373,41.498162],[-89.903651,41.498194],[-89.903627,41.498199],[-89.903487,41.498253],[-89.903462,41.498258],[-89.903395,41.498285],[-89.903371,41.49829],[-89.903243,41.49834],[-89.903219,41.498345],[-89.903128,41.498381],[-89.903103,41.498386],[-89.902927,41.498454],[-89.902902,41.498459],[-89.902866,41.498477],[-89.902842,41.498482],[-89.902805,41.4985],[-89.902781,41.498505],[-89.902677,41.498546],[-89.902653,41.49855],[-89.902501,41.498614],[-89.902476,41.498619],[-89.902452,41.49863],[-89.902428,41.498633],[-89.902397,41.498651],[-89.902343,41.49867],[-89.902318,41.498674],[-89.901685,41.498902],[-89.901594,41.498943],[-89.90157,41.498948],[-89.901539,41.498962],[-89.901515,41.498966],[-89.901375,41.499021],[-89.901351,41.499025],[-89.901284,41.499053],[-89.901259,41.499057],[-89.901156,41.499099],[-89.901132,41.499103],[-89.901028,41.499144],[-89.900943,41.499167],[-89.90073,41.499249],[-89.900706,41.499254],[-89.900566,41.499309],[-89.900541,41.499313],[-89.900438,41.499354],[-89.900414,41.499359],[-89.900304,41.4994],[-89.90028,41.499405],[-89.900225,41.499428],[-89.900146,41.49945],[-89.900121,41.499464],[-89.900032,41.499494],[-89.900012,41.499505],[-89.899988,41.49951],[-89.899896,41.499546],[-89.899872,41.499551],[-89.899799,41.499581],[-89.899276,41.49977],[-89.89913,41.49983],[-89.899099,41.499836],[-89.899032,41.499857],[-89.89885,41.499921],[-89.898746,41.499976],[-89.898661,41.500008],[-89.898618,41.500021],[-89.898615,41.500068],[-89.898578,41.500114],[-89.898456,41.500214],[-89.898444,41.500237],[-89.898395,41.500296],[-89.898389,41.500319],[-89.898369,41.500338],[-89.898365,41.500356],[-89.898335,41.500383],[-89.898213,41.500667],[-89.898152,41.500899],[-89.898143,41.500916],[-89.898125,41.50101],[-89.898112,41.501031],[-89.898097,41.501115],[-89.89807,41.501177],[-89.897969,41.501591],[-89.897951,41.501696],[-89.89793,41.501744],[-89.897826,41.502284],[-89.897756,41.502766],[-89.897708,41.503246],[-89.897695,41.503942],[-89.897695,41.504248],[-89.897717,41.504804],[-89.897735,41.504964],[-89.897777,41.505229],[-89.897838,41.505531],[-89.897939,41.505958],[-89.898042,41.50626],[-89.89831,41.506887],[-89.898374,41.507072],[-89.89845,41.507408],[-89.898501,41.507977],[-89.898532,41.508146],[-89.898608,41.508469],[-89.898614,41.508583],[-89.898583,41.508835],[-89.898523,41.508981],[-89.898303,41.50948],[-89.898279,41.509502],[-89.898139,41.509827],[-89.898115,41.509896],[-89.897555,41.511195],[-89.897433,41.511487],[-89.897409,41.511556],[-89.897165,41.512137],[-89.897025,41.512443],[-89.897019,41.51248],[-89.896937,41.51267],[-89.896922,41.512727],[-89.896906,41.512761],[-89.896888,41.512834],[-89.896849,41.513088],[-89.896842,41.51323],[-89.896858,41.513561],[-89.896903,41.513797],[-89.896964,41.513975],[-89.897086,41.514254],[-89.89711,41.514286],[-89.897122,41.514355],[-89.89711,41.514373],[-89.897159,41.51441],[-89.897189,41.514442],[-89.897201,41.514474],[-89.89722,41.514492],[-89.897226,41.514519],[-89.897256,41.514552],[-89.897287,41.514602],[-89.897305,41.51462],[-89.897326,41.514656],[-89.89734,41.514673],[-89.902505,41.514678],[-89.90671,41.514705],[-89.909288,41.514705],[-89.910021,41.514713],[-89.910242,41.514711],[-89.910246,41.515414],[-89.910259,41.517524],[-89.910264,41.518228],[-89.911032,41.518225],[-89.911454,41.518224],[-89.913123,41.518218],[-89.916208,41.518226],[-89.920993,41.518227],[-89.921116,41.521629],[-89.921117,41.52167],[-89.921123,41.521793],[-89.921125,41.521835],[-89.921537,41.521834],[-89.922775,41.521833],[-89.923188,41.521833],[-89.925663,41.52183],[-89.933091,41.521825],[-89.934687,41.521824],[-89.935567,41.521809],[-89.935405,41.518503],[-89.935389,41.518218],[-89.935231,41.515218],[-89.935178,41.514066],[-89.934838,41.507448],[-89.934654,41.503859],[-89.934651,41.503817],[-89.934645,41.503691],[-89.934643,41.50365],[-89.934516,41.503648],[-89.934411,41.50365],[-89.933716,41.503664],[-89.933485,41.503669],[-89.933414,41.503585],[-89.933371,41.503546],[-89.933353,41.503512],[-89.933219,41.503352],[-89.933189,41.503324],[-89.933176,41.503297],[-89.933122,41.503233],[-89.933091,41.503206],[-89.933079,41.503178],[-89.932909,41.502972],[-89.932738,41.502794],[-89.932659,41.502723],[-89.932651,41.502705],[-89.932525,41.502566],[-89.932452,41.502502],[-89.932419,41.502456],[-89.932342,41.502385],[-89.932329,41.502361],[-89.932251,41.502273],[-89.932044,41.502054],[-89.931962,41.501977],[-89.931904,41.501907],[-89.931484,41.501459],[-89.931411,41.501377],[-89.931387,41.501336],[-89.931292,41.501222],[-89.931259,41.50119],[-89.931247,41.501162],[-89.931216,41.50113],[-89.931198,41.501098],[-89.931165,41.501057],[-89.931131,41.501025],[-89.931119,41.500998],[-89.93107,41.500943],[-89.931052,41.500911],[-89.931022,41.500879],[-89.931003,41.500847],[-89.930955,41.500787],[-89.930839,41.500664],[-89.930705,41.500563],[-89.930669,41.500522],[-89.930662,41.500504],[-89.930635,41.500486],[-89.930571,41.500456],[-89.930109,41.500207],[-89.930036,41.500161],[-89.930005,41.500157],[-89.92989,41.500093],[-89.929866,41.500091],[-89.929823,41.50007],[-89.929783,41.500033],[-89.929684,41.499897],[-89.929592,41.499817],[-89.92955,41.499764],[-89.929518,41.499685],[-89.929507,41.49964],[-89.92951,41.49957],[-89.929498,41.499387],[-89.929486,41.499044],[-89.929489,41.499026],[-89.92948,41.498856],[-89.929483,41.498836],[-89.929468,41.498397],[-89.929467,41.498379],[-89.929426,41.496626],[-89.929421,41.496426],[-89.929413,41.49608],[-89.929403,41.495747],[-89.929374,41.494692],[-89.929374,41.494486],[-89.929362,41.494153],[-89.929362,41.49402],[-89.929371,41.493958],[-89.929398,41.493892],[-89.929429,41.493851],[-89.929435,41.493832],[-89.929484,41.493782],[-89.929587,41.493693],[-89.929721,41.493569],[-89.929812,41.493471],[-89.92983,41.493439],[-89.92985,41.493415],[-89.929873,41.493366],[-89.929882,41.493308],[-89.929894,41.493231],[-89.929916,41.493032],[-89.929934,41.49279],[-89.929879,41.492675],[-89.92987,41.492637],[-89.929849,41.492589],[-89.929855,41.492571],[-89.929849,41.492451],[-89.929897,41.492438],[-89.931716,41.492438],[-89.931776,41.492433],[-89.931789,41.492433],[-89.931844,41.492436],[-89.933772,41.492433],[-89.933864,41.492429],[-89.933979,41.492434],[-89.934636,41.492429],[-89.93477,41.492415],[-89.934861,41.492392],[-89.93491,41.492369],[-89.934959,41.49236],[-89.935001,41.492328],[-89.935035,41.492312],[-89.935092,41.492276],[-89.935172,41.492203],[-89.935184,41.492187],[-89.935322,41.492069],[-89.935342,41.492059],[-89.935344,41.492041],[-89.935421,41.491871],[-89.935448,41.491777],[-89.93547,41.491725],[-89.935506,41.49156],[-89.935518,41.491537],[-89.935521,41.491517],[-89.935543,41.491469],[-89.935567,41.4914],[-89.935683,41.491158],[-89.935731,41.491043],[-89.935746,41.490977],[-89.935762,41.490865],[-89.935762,41.490732],[-89.935744,41.490591],[-89.935743,41.490495],[-89.935771,41.490373],[-89.935789,41.490314],[-89.935835,41.490206],[-89.935907,41.490066],[-89.935932,41.490019],[-89.936029,41.489795],[-89.936045,41.489738],[-89.936115,41.489566],[-89.936151,41.489493],[-89.936197,41.489354],[-89.936224,41.489292],[-89.936242,41.489269],[-89.936285,41.489182],[-89.936328,41.489081],[-89.936346,41.489059],[-89.936352,41.48904],[-89.93637,41.489017],[-89.936553,41.488656],[-89.936557,41.488638],[-89.936718,41.488322],[-89.936723,41.488313],[-89.936796,41.488194],[-89.936826,41.488153],[-89.936832,41.488135],[-89.936863,41.488103],[-89.936948,41.487966],[-89.937045,41.487746],[-89.937054,41.487707],[-89.937064,41.48769],[-89.937103,41.487538],[-89.937111,41.487472],[-89.937125,41.487362],[-89.937106,41.486992],[-89.937118,41.486635],[-89.937131,41.486589],[-89.937124,41.486502],[-89.937164,41.48629],[-89.937158,41.486244],[-89.937164,41.486134],[-89.937176,41.48607],[-89.937185,41.486049],[-89.937235,41.485861],[-89.937289,41.485706],[-89.937298,41.485668],[-89.937313,41.485533],[-89.93731,41.485389],[-89.93728,41.485128],[-89.937255,41.485009],[-89.937216,41.484906],[-89.937191,41.484865],[-89.937173,41.484847],[-89.937125,41.484689],[-89.937118,41.484664],[-89.937091,41.484624],[-89.936999,41.484535],[-89.936951,41.484458],[-89.93693,41.484408],[-89.9369,41.484367],[-89.936802,41.484193],[-89.93676,41.484101],[-89.936677,41.483866],[-89.936673,41.483853],[-89.936596,41.483656],[-89.936583,41.483621],[-89.936547,41.483443],[-89.936547,41.483415],[-89.936535,41.48336],[-89.936516,41.483305],[-89.936516,41.483287],[-89.936504,41.483264],[-89.936504,41.483251],[-89.936444,41.483002],[-89.936424,41.482918],[-89.936404,41.482852],[-89.936383,41.482787],[-89.937085,41.482551],[-89.937783,41.482311],[-89.938259,41.482139],[-89.938304,41.482126],[-89.93873,41.481961],[-89.938852,41.481916],[-89.938903,41.481898],[-89.938943,41.481878],[-89.939201,41.481782],[-89.939834,41.481525],[-89.940492,41.48123],[-89.940613,41.481172],[-89.9407,41.481141],[-89.940819,41.481081],[-89.941023,41.480987],[-89.941102,41.480946],[-89.94163,41.480698],[-89.941907,41.480556],[-89.94263,41.480205],[-89.943199,41.479939],[-89.943283,41.479903],[-89.943526,41.479788],[-89.944066,41.479554],[-89.944229,41.479479],[-89.944523,41.479357],[-89.945685,41.478851],[-89.94593,41.478738],[-89.946015,41.478696],[-89.94703,41.478208],[-89.947227,41.478106],[-89.947388,41.478029],[-89.947466,41.477987],[-89.947829,41.477814],[-89.948156,41.477666],[-89.948379,41.477569],[-89.948404,41.477558],[-89.948741,41.47742],[-89.948991,41.477313],[-89.949337,41.477187],[-89.94972,41.477038],[-89.949808,41.47701],[-89.949979,41.476945],[-89.950112,41.476902],[-89.950192,41.476871],[-89.950283,41.476837],[-89.951273,41.476504],[-89.951941,41.476303],[-89.952347,41.476194],[-89.952981,41.47603],[-89.953483,41.475908],[-89.953709,41.475849],[-89.954035,41.475785],[-89.95408,41.475773],[-89.954266,41.475736],[-89.954643,41.475676],[-89.954689,41.475666],[-89.955444,41.475555],[-89.955538,41.475538],[-89.955775,41.475508],[-89.955846,41.475497],[-89.956435,41.475409],[-89.957146,41.475316],[-89.957383,41.475291],[-89.957527,41.475281],[-89.957776,41.475272],[-89.958008,41.475264],[-89.958352,41.475262],[-89.959981,41.475254],[-89.960083,41.475252],[-89.960661,41.475246],[-89.960709,41.475248],[-89.962054,41.475238],[-89.962247,41.47524],[-89.962919,41.475232],[-89.963024,41.475234],[-89.964072,41.475227],[-89.965129,41.475225],[-89.965225,41.475222],[-89.967434,41.475211],[-89.968586,41.475199],[-89.969258,41.475197],[-89.969498,41.475192],[-89.969546,41.475195],[-89.969642,41.475192],[-89.969978,41.475193],[-89.970074,41.475189],[-89.970115,41.475188],[-89.970697,41.475187],[-89.971177,41.47518],[-89.971849,41.475178],[-89.972377,41.47516],[-89.972479,41.475154],[-89.972474,41.475178],[-89.972478,41.475246],[-89.972478,41.475277],[-89.972498,41.475761],[-89.972489,41.47629],[-89.972489,41.476351],[-89.972481,41.476899],[-89.972405,41.481835],[-89.972404,41.481991],[-89.972404,41.482],[-89.972403,41.482049],[-89.972415,41.489186],[-89.972449,41.492362],[-89.972449,41.492406],[-89.97245,41.492509],[-89.972453,41.492742],[-89.972454,41.492851],[-89.972489,41.496229],[-89.972579,41.496229],[-89.973945,41.496229],[-89.974301,41.496229],[-89.974325,41.496229],[-89.974508,41.49623],[-89.974851,41.496229],[-89.974937,41.496229],[-89.977599,41.49623],[-89.981091,41.49623],[-89.981201,41.49623],[-89.981777,41.496231],[-89.982469,41.496231],[-89.984825,41.496234],[-89.98786,41.496238],[-89.991214,41.496242],[-89.991723,41.496242],[-89.991853,41.496242],[-89.994311,41.496247],[-89.999033,41.496254],[-89.99985,41.496256],[-89.999921,41.496256],[-90.000156,41.496256],[-90.000395,41.496262],[-90.000532,41.496263],[-90.001724,41.496272],[-90.002882,41.496282],[-90.005303,41.496301],[-90.006496,41.496311],[-90.007336,41.496317],[-90.009856,41.496338],[-90.010696,41.496345],[-90.010705,41.497804],[-90.010719,41.499891],[-90.010721,41.501784],[-90.010723,41.502184],[-90.010732,41.503644],[-90.010726,41.503882],[-90.010727,41.504219],[-90.010719,41.504868],[-90.010729,41.505761],[-90.01073,41.505814],[-90.010724,41.508617],[-90.010731,41.511408],[-90.010753,41.512112],[-90.010764,41.512442],[-90.010835,41.514228],[-90.010936,41.516402],[-90.011016,41.518099],[-90.011036,41.51879],[-90.011173,41.521473],[-90.011237,41.52278],[-90.011243,41.522927],[-90.011307,41.524352],[-90.011334,41.525103],[-90.011346,41.52544],[-90.011383,41.526451],[-90.011386,41.526524],[-90.011391,41.526789],[-90.01151,41.52934],[-90.011867,41.536993],[-90.011987,41.539544],[-90.014603,41.539545],[-90.015224,41.539541],[-90.016918,41.539533],[-90.021335,41.539528],[-90.021975,41.539504],[-90.023003,41.539487],[-90.024922,41.539471],[-90.024935,41.53947],[-90.027088,41.539465],[-90.028173,41.539467],[-90.028293,41.539463],[-90.029138,41.539458],[-90.032351,41.539504],[-90.033284,41.539504],[-90.033359,41.539498],[-90.03348,41.539489],[-90.033584,41.539454],[-90.033797,41.539343],[-90.033953,41.53924],[-90.03422,41.539037],[-90.034823,41.538542],[-90.035687,41.537859],[-90.038097,41.535898],[-90.039254,41.534978],[-90.040616,41.533858],[-90.042379,41.532436],[-90.042982,41.531924],[-90.044848,41.530378],[-90.045511,41.529834],[-90.04781,41.527954],[-90.048505,41.527368],[-90.048629,41.527276],[-90.048841,41.527134],[-90.049061,41.527008],[-90.049385,41.526875],[-90.049669,41.526795],[-90.049727,41.528839],[-90.049902,41.534974],[-90.049961,41.537019],[-90.049392,41.537397],[-90.04926,41.537468],[-90.049189,41.537518],[-90.048661,41.537896],[-90.047887,41.538401],[-90.047296,41.538829],[-90.046911,41.539069],[-90.046762,41.539163],[-90.0462,41.539558],[-90.046149,41.53958],[-90.045272,41.540189],[-90.043092,41.54168],[-90.042884,41.541824],[-90.041686,41.542669],[-90.041174,41.543074],[-90.040546,41.543656],[-90.039655,41.544303],[-90.039479,41.544457],[-90.039319,41.544638],[-90.039173,41.544841],[-90.038829,41.545565],[-90.038778,41.545724],[-90.038244,41.547019],[-90.037791,41.548242],[-90.037063,41.550526],[-90.037045,41.550585],[-90.036943,41.550826],[-90.036774,41.551424],[-90.036738,41.551463],[-90.036708,41.551627],[-90.03654,41.552143],[-90.036182,41.553366],[-90.035966,41.55406],[-90.040392,41.554108],[-90.04951,41.554215],[-90.050479,41.554209],[-90.050501,41.554673],[-90.050532,41.555817],[-90.050847,41.565122],[-90.05085,41.565189],[-90.050929,41.565187],[-90.05129,41.565219],[-90.051584,41.565254],[-90.05189,41.565285],[-90.052859,41.565371],[-90.054515,41.565531],[-90.055215,41.56559],[-90.055975,41.565651],[-90.057276,41.565754],[-90.057832,41.565822],[-90.058166,41.565855],[-90.058438,41.565904],[-90.058536,41.565913],[-90.058735,41.565919],[-90.058875,41.565918],[-90.059015,41.56591],[-90.059124,41.565895],[-90.059342,41.565857],[-90.059591,41.565831],[-90.059713,41.565829],[-90.059835,41.565834],[-90.059999,41.565847],[-90.060161,41.565868],[-90.060291,41.565892],[-90.060909,41.566033],[-90.061092,41.56607],[-90.061441,41.566123],[-90.061856,41.566173],[-90.06206,41.566202],[-90.062234,41.566221],[-90.062582,41.56625],[-90.063075,41.566301],[-90.063322,41.56632],[-90.06368,41.566334],[-90.064219,41.566363],[-90.064411,41.56637],[-90.064552,41.566381],[-90.064618,41.56639],[-90.064672,41.566411],[-90.064703,41.56643],[-90.064729,41.566452],[-90.064749,41.56648],[-90.064763,41.56651],[-90.064783,41.566593],[-90.064786,41.566853],[-90.064782,41.567714],[-90.064794,41.56828],[-90.064791,41.568507],[-90.064794,41.568562],[-90.064817,41.568657],[-90.064847,41.568716],[-90.064886,41.568764],[-90.06495,41.568815],[-90.064995,41.568838],[-90.065096,41.568873],[-90.065199,41.568899],[-90.065304,41.56892],[-90.065529,41.568953],[-90.065643,41.568965],[-90.065826,41.568977],[-90.06711,41.569011],[-90.069504,41.569055],[-90.069611,41.569053],[-90.070221,41.56905],[-90.071674,41.569046],[-90.072053,41.569049],[-90.072664,41.569056],[-90.072716,41.568983],[-90.072745,41.568924],[-90.072766,41.568865],[-90.072744,41.56838],[-90.072738,41.568338],[-90.072696,41.567996],[-90.07257,41.567336],[-90.072385,41.566625],[-90.072335,41.566374],[-90.072323,41.566268],[-90.072331,41.566145],[-90.072339,41.566032],[-90.07236,41.565935],[-90.072405,41.565809],[-90.072499,41.565641],[-90.072612,41.565522],[-90.072648,41.5655],[-90.072714,41.565465],[-90.072881,41.565421],[-90.072962,41.565411],[-90.073422,41.565402],[-90.073808,41.565396],[-90.074018,41.565375],[-90.074146,41.565318],[-90.074193,41.565272],[-90.074229,41.56521],[-90.074254,41.565127],[-90.074254,41.564674],[-90.074215,41.563862],[-90.07421,41.56372],[-90.074186,41.562931],[-90.074182,41.562813],[-90.074171,41.56246],[-90.074168,41.562343],[-90.074161,41.560769],[-90.07416,41.560312],[-90.074116,41.557104],[-90.074097,41.55605],[-90.074069,41.554477],[-90.076298,41.554501],[-90.082986,41.554576],[-90.085216,41.554601],[-90.085354,41.554602],[-90.085768,41.554606],[-90.085906,41.554608],[-90.086849,41.554617],[-90.089678,41.554647],[-90.090622,41.554657],[-90.094183,41.554691],[-90.104866,41.554795],[-90.108427,41.55483],[-90.109447,41.55484],[-90.109789,41.554844],[-90.111536,41.554862],[-90.113875,41.554893],[-90.114707,41.554897],[-90.115244,41.5549],[-90.112978,41.556801],[-90.10543,41.56323],[-90.105178,41.563495],[-90.104779,41.563965],[-90.104495,41.56434],[-90.10428,41.564676],[-90.104101,41.564963],[-90.104013,41.565121],[-90.102586,41.567837],[-90.102149,41.568647],[-90.101938,41.569054],[-90.10178,41.569374],[-90.101735,41.56945],[-90.101641,41.569628],[-90.101362,41.570163],[-90.101269,41.570342],[-90.101257,41.570364],[-90.101222,41.570431],[-90.101211,41.570454],[-90.10011,41.572561],[-90.096809,41.578884],[-90.096355,41.579755],[-90.095724,41.581],[-90.096738,41.581041],[-90.098324,41.581078],[-90.103539,41.581203],[-90.106129,41.581249],[-90.108731,41.581296],[-90.108721,41.581011],[-90.108735,41.580594],[-90.108705,41.579305],[-90.108697,41.577505],[-90.108667,41.577346],[-90.108661,41.576187],[-90.108651,41.574103],[-90.108664,41.573039],[-90.108693,41.572797],[-90.108693,41.572518],[-90.108766,41.572101],[-90.108941,41.571727],[-90.109087,41.571541],[-90.109204,41.571431],[-90.109584,41.571157],[-90.110007,41.57097],[-90.110066,41.57097],[-90.110344,41.570893],[-90.110884,41.57086],[-90.114085,41.570798],[-90.119495,41.570835],[-90.124607,41.570871],[-90.125118,41.570875],[-90.12768,41.57091],[-90.136902,41.571038],[-90.139976,41.571081],[-90.140026,41.572649],[-90.140136,41.576003],[-90.14018,41.57691],[-90.140205,41.577127],[-90.140261,41.577345],[-90.140295,41.577473],[-90.140368,41.577661],[-90.140481,41.577889],[-90.14077,41.578323],[-90.140934,41.578517],[-90.141037,41.57862],[-90.141072,41.578669],[-90.141136,41.578714],[-90.14137,41.578896],[-90.141744,41.57915],[-90.141907,41.57925],[-90.142427,41.57957],[-90.143947,41.580472],[-90.14427,41.580686],[-90.1445,41.580866],[-90.144548,41.580904],[-90.14476,41.5811],[-90.14496,41.581318],[-90.145141,41.581545],[-90.145196,41.581608],[-90.145253,41.581592],[-90.145339,41.581584],[-90.145456,41.581585],[-90.146396,41.581668],[-90.148967,41.581896],[-90.150003,41.581978],[-90.151207,41.582074],[-90.151211,41.58257],[-90.151219,41.583441],[-90.151224,41.584058],[-90.151228,41.584649],[-90.151825,41.58465],[-90.151851,41.58465],[-90.15191,41.58465],[-90.15197,41.58465],[-90.156737,41.58466],[-90.15674,41.585374],[-90.15674,41.5854],[-90.156768,41.587571],[-90.156851,41.593877],[-90.156865,41.595887],[-90.156859,41.596514],[-90.156858,41.596685],[-90.156902,41.599495],[-90.157022,41.599528],[-90.157226,41.599593],[-90.157403,41.599658],[-90.157905,41.599861],[-90.158197,41.6],[-90.158934,41.600353],[-90.15985,41.600784],[-90.160237,41.600941],[-90.160502,41.60104],[-90.16103,41.601224],[-90.161381,41.601336],[-90.161662,41.601418],[-90.16199,41.601501],[-90.162078,41.601519],[-90.162861,41.60168],[-90.163447,41.601777],[-90.163707,41.60182],[-90.164487,41.60195],[-90.164748,41.601994],[-90.164887,41.602017],[-90.165307,41.602087],[-90.165447,41.602111],[-90.165455,41.602093],[-90.165494,41.601948],[-90.165578,41.601637],[-90.165599,41.601306],[-90.165613,41.601089],[-90.165385,41.599678],[-90.165155,41.598884],[-90.165039,41.598484],[-90.164913,41.597903],[-90.164842,41.597322],[-90.164919,41.596839],[-90.164943,41.59646],[-90.164973,41.596298],[-90.16502,41.596041],[-90.165129,41.595744],[-90.165259,41.595486],[-90.165411,41.595092],[-90.165593,41.594799],[-90.165702,41.594626],[-90.166037,41.59416],[-90.166522,41.593711],[-90.166704,41.593502],[-90.166733,41.593485],[-90.166951,41.593358],[-90.167198,41.593173],[-90.167746,41.592829],[-90.168593,41.592438],[-90.169248,41.592175],[-90.169604,41.59205],[-90.170427,41.591761],[-90.17167,41.591484],[-90.173381,41.591285],[-90.174476,41.591157],[-90.175836,41.591147],[-90.177131,41.591096],[-90.178276,41.591115],[-90.178436,41.591118],[-90.179528,41.591106],[-90.18032,41.591094],[-90.18077,41.591071],[-90.180869,41.591059],[-90.181035,41.591039],[-90.181201,41.591019],[-90.181412,41.590993],[-90.181916,41.59081],[-90.182559,41.59066],[-90.183053,41.590453],[-90.183675,41.59019],[-90.183897,41.59005],[-90.184212,41.589853],[-90.18476,41.589429],[-90.185426,41.588948],[-90.185814,41.588466],[-90.186149,41.587726],[-90.186258,41.587008],[-90.18626,41.586993],[-90.186253,41.58634],[-90.186192,41.586146],[-90.186032,41.585638],[-90.185609,41.584653],[-90.185536,41.584574],[-90.184768,41.583746],[-90.184749,41.583731],[-90.184436,41.583479],[-90.183681,41.582871],[-90.182968,41.582175],[-90.182107,41.581156],[-90.182068,41.581085],[-90.181725,41.580453],[-90.181385,41.580033],[-90.181034,41.579548],[-90.180715,41.579305],[-90.180052,41.578716],[-90.179868,41.577423],[-90.17969,41.576737],[-90.179287,41.576083],[-90.179204,41.575608],[-90.179173,41.57543],[-90.179134,41.575076],[-90.179091,41.574688],[-90.179091,41.574641],[-90.179098,41.573487],[-90.179328,41.572367],[-90.179546,41.571587],[-90.179872,41.570629],[-90.17992,41.569759],[-90.180051,41.569243],[-90.180313,41.568213],[-90.180652,41.5669],[-90.180938,41.566119],[-90.181043,41.56583],[-90.181584,41.564607],[-90.182278,41.562829],[-90.182973,41.560825],[-90.182981,41.560794],[-90.183278,41.55977],[-90.183561,41.558941],[-90.183864,41.558225],[-90.184222,41.557235],[-90.184769,41.555969],[-90.184991,41.555457],[-90.185292,41.554955],[-90.186556,41.552853],[-90.187116,41.552053],[-90.187773,41.551117],[-90.187876,41.550954],[-90.187979,41.55079],[-90.188118,41.55057],[-90.18869,41.549613],[-90.189057,41.549075],[-90.189423,41.548456],[-90.189651,41.54778],[-90.189848,41.547409],[-90.190094,41.546951],[-90.190796,41.545697],[-90.191765,41.544355],[-90.192498,41.543213],[-90.193133,41.542555],[-90.193605,41.542122],[-90.194185,41.541673],[-90.194572,41.541231],[-90.194862,41.541014],[-90.195285,41.540714],[-90.195324,41.540686],[-90.195868,41.540415],[-90.195967,41.540366],[-90.196535,41.540126],[-90.19783,41.539946],[-90.199189,41.539707],[-90.199489,41.539655],[-90.200409,41.539586],[-90.201858,41.539423],[-90.202003,41.539407],[-90.2022,41.539388],[-90.203336,41.539279],[-90.203431,41.53927],[-90.203798,41.539235],[-90.204282,41.53919],[-90.204902,41.539154],[-90.205271,41.539133],[-90.205605,41.539114],[-90.205699,41.539116],[-90.206316,41.539096],[-90.207773,41.539052],[-90.20917,41.539032],[-90.209453,41.539014],[-90.210399,41.538957],[-90.210497,41.53894],[-90.212894,41.538562],[-90.214241,41.538389],[-90.214843,41.538312],[-90.216737,41.537916],[-90.217744,41.537566],[-90.219018,41.5372],[-90.219493,41.53702],[-90.220261,41.536729],[-90.221217,41.536334],[-90.221418,41.536251],[-90.222459,41.53557],[-90.223415,41.534509],[-90.223737,41.533663],[-90.223831,41.533414],[-90.223859,41.533342],[-90.223949,41.532312],[-90.224167,41.531418],[-90.224209,41.531369],[-90.224877,41.530591],[-90.225421,41.530211],[-90.225842,41.529917],[-90.226635,41.529637],[-90.226872,41.529573],[-90.227652,41.529376],[-90.228214,41.529289],[-90.228476,41.52925],[-90.229306,41.529273],[-90.230112,41.529297],[-90.230748,41.52918],[-90.231545,41.529036],[-90.232402,41.528733],[-90.233431,41.528164],[-90.234543,41.527675],[-90.235156,41.527405],[-90.235891,41.527121],[-90.236516,41.526878],[-90.236645,41.526832],[-90.238294,41.526256],[-90.239405,41.525735],[-90.239762,41.525568],[-90.24078,41.525088],[-90.241089,41.524995],[-90.241473,41.52488],[-90.241657,41.524826],[-90.243242,41.524606],[-90.244568,41.524433],[-90.245599,41.524329],[-90.245649,41.524324],[-90.246484,41.524085],[-90.247405,41.523581],[-90.247974,41.523401],[-90.248594,41.523206],[-90.250123,41.522755],[-90.250381,41.522742],[-90.251158,41.522707],[-90.251417,41.522695],[-90.251829,41.522676],[-90.251947,41.52267],[-90.252241,41.522656],[-90.253083,41.522617],[-90.253537,41.522577],[-90.254067,41.522531],[-90.256486,41.522319],[-90.258425,41.521941],[-90.258589,41.52191],[-90.259184,41.521794],[-90.259778,41.521679],[-90.260523,41.521534],[-90.260701,41.521565],[-90.261216,41.521656],[-90.262803,41.521686],[-90.263841,41.52174],[-90.265244,41.52193],[-90.266297,41.522121],[-90.267472,41.522152],[-90.268324,41.522134],[-90.271257,41.521557],[-90.271497,41.521519],[-90.275545,41.520893],[-90.27585,41.520848],[-90.276068,41.520816],[-90.276285,41.520784],[-90.276321,41.520778],[-90.277247,41.520642],[-90.277737,41.520569],[-90.278209,41.520499],[-90.278354,41.520478],[-90.278496,41.520457],[-90.278573,41.520446],[-90.279324,41.520334],[-90.28023,41.520323],[-90.282119,41.520298],[-90.282196,41.520298],[-90.284162,41.520273],[-90.28583,41.520252],[-90.287886,41.520302],[-90.289224,41.520334],[-90.290209,41.519992],[-90.291613,41.519489],[-90.293666,41.518925],[-90.294086,41.51881],[-90.295154,41.518619],[-90.297076,41.518207],[-90.297508,41.518141],[-90.298541,41.51813],[-90.301644,41.518098],[-90.302678,41.518088],[-90.30294,41.518048],[-90.303727,41.517932],[-90.30399,41.517894],[-90.304461,41.517827],[-90.304716,41.517791],[-90.305636,41.51736],[-90.305763,41.517268],[-90.30615,41.51699],[-90.306185,41.516964],[-90.30629,41.516888],[-90.306326,41.516863],[-90.30643,41.516788],[-90.307422,41.515598],[-90.307749,41.515229],[-90.310168,41.512508],[-90.310625,41.512034],[-90.310718,41.511943],[-90.312094,41.510591],[-90.312223,41.510512],[-90.312678,41.510239],[-90.314178,41.509576],[-90.314621,41.509446],[-90.315059,41.509204],[-90.316073,41.509056],[-90.316568,41.508932],[-90.316844,41.50888],[-90.316964,41.508858],[-90.317608,41.508709],[-90.317884,41.508755],[-90.318733,41.508898],[-90.319192,41.509576],[-90.31951,41.509705],[-90.320214,41.50999],[-90.325573,41.511377],[-90.330455,41.513203],[-90.331271,41.513634],[-90.332657,41.514001],[-90.333889,41.514085],[-90.33669,41.513528],[-90.337502,41.51325],[-90.340349,41.511685],[-90.34078,41.511537],[-90.340877,41.511504],[-90.341245,41.511379],[-90.34261,41.511039],[-90.343976,41.510698],[-90.344407,41.510563],[-90.346927,41.509963],[-90.347522,41.509836],[-90.347905,41.509754],[-90.348289,41.509673],[-90.352231,41.508832],[-90.352297,41.508805],[-90.358727,41.506134],[-90.360571,41.505027],[-90.364227,41.502834],[-90.365624,41.501195],[-90.365646,41.501168],[-90.366333,41.500364],[-90.367042,41.499532],[-90.36755,41.498937],[-90.368057,41.498342],[-90.368435,41.497898],[-90.368694,41.497595],[-90.369331,41.496847],[-90.369427,41.496734],[-90.369827,41.493734],[-90.370633,41.49203],[-90.371312,41.490598],[-90.371432,41.490344],[-90.371553,41.49009],[-90.371571,41.490052],[-90.371578,41.490036],[-90.371604,41.489982],[-90.371627,41.489934],[-90.371778,41.489364],[-90.371921,41.488822],[-90.372108,41.488116],[-90.372438,41.486867],[-90.372935,41.484985],[-90.373028,41.484634],[-90.373228,41.484134],[-90.373322,41.483939],[-90.373366,41.483847],[-90.37341,41.483755],[-90.373442,41.483688],[-90.373481,41.48361],[-90.373511,41.483546],[-90.37352,41.483527],[-90.373542,41.483482],[-90.373624,41.483312],[-90.373706,41.483141],[-90.373804,41.482938],[-90.373902,41.482734],[-90.374043,41.482439],[-90.374528,41.481434],[-90.374754,41.481129],[-90.37593,41.47954],[-90.376528,41.478734],[-90.376663,41.478662],[-90.37756,41.478184],[-90.378027,41.477934],[-90.37831,41.477784],[-90.379061,41.477383],[-90.380382,41.476675],[-90.382351,41.476621],[-90.383898,41.47658],[-90.384155,41.476589],[-90.384926,41.476616],[-90.385184,41.476626],[-90.38575,41.476576],[-90.386316,41.476525],[-90.386563,41.476502],[-90.387328,41.476434],[-90.390011,41.474368],[-90.390605,41.473911],[-90.390856,41.473717],[-90.391108,41.473523],[-90.391144,41.473494],[-90.391254,41.47341],[-90.391291,41.473382],[-90.391896,41.472916],[-90.393711,41.471517],[-90.394316,41.471052],[-90.394761,41.470709],[-90.396028,41.469734],[-90.396102,41.469689],[-90.396585,41.469401],[-90.396461,41.46935],[-90.396337,41.469299],[-90.396312,41.469288],[-90.395911,41.469123],[-90.395485,41.468948],[-90.395354,41.468894],[-90.395223,41.46884],[-90.395209,41.468763],[-90.395136,41.468719],[-90.39491,41.468664],[-90.394669,41.468642],[-90.394421,41.468648],[-90.394012,41.468768],[-90.393802,41.468869],[-90.393647,41.468944],[-90.393239,41.469075],[-90.39264,41.469305],[-90.392056,41.469448],[-90.391794,41.469481],[-90.391589,41.469481],[-90.391254,41.469442],[-90.390772,41.469288],[-90.390641,41.469211],[-90.390364,41.468992],[-90.390277,41.468871],[-90.390189,41.468673],[-90.39016,41.468487],[-90.390248,41.468091],[-90.390254,41.468077],[-90.390306,41.467971],[-90.390504,41.467378],[-90.390562,41.46729],[-90.390592,41.467082],[-90.390577,41.467016],[-90.39049,41.466934],[-90.390344,41.466868],[-90.390206,41.466876],[-90.386667,41.469013],[-90.386276,41.469061],[-90.385945,41.468945],[-90.379668,41.464729],[-90.378663,41.463593],[-90.378592,41.46353],[-90.378438,41.46345],[-90.376637,41.462916],[-90.376562,41.462904],[-90.376487,41.462912],[-90.374647,41.46327],[-90.36787,41.464644],[-90.367427,41.464734],[-90.367427,41.464903],[-90.367427,41.464973],[-90.36712,41.465049],[-90.365798,41.465375],[-90.365445,41.465387],[-90.365184,41.46533],[-90.365036,41.465297],[-90.364976,41.465267],[-90.364899,41.465229],[-90.364737,41.465408],[-90.364646,41.46536],[-90.364742,41.465263],[-90.364598,41.46518],[-90.364113,41.464685],[-90.363907,41.464448],[-90.363556,41.464231],[-90.363298,41.4642],[-90.362957,41.464159],[-90.362648,41.46418],[-90.360873,41.464221],[-90.359793,41.464341],[-90.359532,41.464352],[-90.359499,41.464352],[-90.359401,41.464354],[-90.359369,41.464355],[-90.359223,41.464356],[-90.358874,41.464359],[-90.358786,41.46436],[-90.358641,41.464362],[-90.358462,41.464342],[-90.358063,41.464298],[-90.357735,41.4642],[-90.357733,41.464106],[-90.357733,41.464083],[-90.357563,41.464035],[-90.357557,41.463811],[-90.357375,41.463694],[-90.357331,41.463655],[-90.357205,41.463507],[-90.357126,41.463414],[-90.357103,41.463379],[-90.356812,41.462942],[-90.356623,41.462657],[-90.356455,41.462525],[-90.356347,41.462469],[-90.355367,41.462444],[-90.35363,41.462412],[-90.353403,41.462408],[-90.352911,41.462395],[-90.352843,41.460394],[-90.353609,41.460417],[-90.353775,41.460421],[-90.354878,41.460445],[-90.355124,41.460451],[-90.355174,41.460452],[-90.355175,41.460407],[-90.355187,41.459904],[-90.355916,41.45992],[-90.355902,41.460388],[-90.357494,41.460428],[-90.357519,41.46044],[-90.357662,41.460507],[-90.357678,41.460515],[-90.357967,41.460522],[-90.359153,41.460657],[-90.359236,41.460668],[-90.359313,41.460472],[-90.359415,41.46034],[-90.359342,41.460186],[-90.359349,41.460104],[-90.359386,41.460011],[-90.359473,41.459912],[-90.359524,41.459862],[-90.359991,41.459528],[-90.360103,41.459473],[-90.360217,41.459418],[-90.360319,41.459319],[-90.360399,41.459149],[-90.360458,41.45911],[-90.360531,41.459088],[-90.360633,41.459033],[-90.36072,41.459011],[-90.360837,41.459011],[-90.361012,41.459132],[-90.3611,41.459154],[-90.361231,41.459132],[-90.361975,41.458731],[-90.362237,41.458632],[-90.362463,41.458638],[-90.362544,41.458599],[-90.362544,41.458401],[-90.362587,41.458347],[-90.36266,41.458303],[-90.362806,41.458259],[-90.362864,41.458204],[-90.362937,41.457896],[-90.36301,41.457809],[-90.363054,41.457776],[-90.363156,41.457732],[-90.363462,41.457666],[-90.36355,41.457622],[-90.363637,41.457611],[-90.363776,41.457534],[-90.363768,41.457408],[-90.363732,41.457271],[-90.36379,41.457183],[-90.363834,41.457139],[-90.363862,41.457129],[-90.363936,41.457106],[-90.364191,41.457084],[-90.364315,41.457172],[-90.364447,41.457171],[-90.364746,41.456968],[-90.364826,41.456897],[-90.364993,41.456787],[-90.365147,41.456661],[-90.365296,41.456502],[-90.364543,41.456405],[-90.363913,41.45631],[-90.363388,41.456231],[-90.362315,41.456061],[-90.359964,41.455652],[-90.359784,41.455624],[-90.358994,41.455503],[-90.358405,41.455416],[-90.358309,41.455401],[-90.358023,41.455359],[-90.357928,41.455346],[-90.357747,41.455332],[-90.357206,41.455291],[-90.357026,41.455278],[-90.356839,41.455275],[-90.356085,41.455229],[-90.355758,41.45521],[-90.354186,41.455148],[-90.35326,41.455128],[-90.352318,41.455108],[-90.351508,41.45509],[-90.350813,41.455076],[-90.349285,41.455027],[-90.349078,41.455022],[-90.348269,41.455003],[-90.348265,41.454782],[-90.348255,41.454119],[-90.348252,41.453898],[-90.348249,41.4537],[-90.348224,41.452935],[-90.348228,41.452675],[-90.348238,41.452154],[-90.348245,41.451287],[-90.34824,41.450514],[-90.348246,41.449769],[-90.34822,41.449007],[-90.348193,41.448168],[-90.348187,41.447785],[-90.348184,41.44761],[-90.348177,41.447086],[-90.348176,41.446989],[-90.348177,41.446912],[-90.348205,41.445421],[-90.348204,41.444809],[-90.3482,41.444704],[-90.34823,41.444365],[-90.348232,41.441157],[-90.348143,41.441155],[-90.338511,41.440966],[-90.338514,41.44136],[-90.337987,41.441352],[-90.338015,41.440801],[-90.338026,41.440602],[-90.337958,41.440601],[-90.337627,41.440597],[-90.336432,41.440586],[-90.336034,41.440583],[-90.335795,41.44058],[-90.33546,41.440577],[-90.33508,41.44057],[-90.334842,41.440566],[-90.334714,41.440563],[-90.334333,41.440557],[-90.334206,41.440555],[-90.333583,41.440538],[-90.333127,41.440527],[-90.331716,41.440506],[-90.331094,41.440498],[-90.33089,41.440495],[-90.33028,41.440486],[-90.330077,41.440484],[-90.330015,41.440282],[-90.329994,41.440214],[-90.329848,41.439674],[-90.329794,41.439471],[-90.329725,41.439214],[-90.329396,41.437779],[-90.329306,41.437097],[-90.329295,41.437021],[-90.329148,41.436043],[-90.329125,41.435601],[-90.329123,41.435574],[-90.329118,41.435495],[-90.329117,41.435469],[-90.329115,41.435438],[-90.32911,41.435345],[-90.329109,41.435315],[-90.329087,41.434941],[-90.329062,41.434494],[-90.329048,41.433818],[-90.329041,41.433444],[-90.329037,41.433225],[-90.329033,41.432772],[-90.32902,41.430758],[-90.329016,41.430087],[-90.32901,41.429258],[-90.328993,41.426772],[-90.328991,41.426323],[-90.328989,41.425944],[-90.328985,41.425727],[-90.328993,41.42442],[-90.328997,41.423969],[-90.328973,41.42235],[-90.328969,41.419848],[-90.328969,41.419044],[-90.328977,41.418325],[-90.328982,41.41782],[-90.328986,41.417448],[-90.328981,41.416307],[-90.328979,41.415803],[-90.328909,41.41493],[-90.328699,41.412312],[-90.328637,41.411538],[-90.328637,41.41144],[-90.328637,41.411394],[-90.328142,41.411382],[-90.323344,41.411257],[-90.323074,41.41125],[-90.32181,41.411217],[-90.31929,41.411135],[-90.319227,41.411133],[-90.319228,41.41108],[-90.319238,41.410616],[-90.319218,41.409831],[-90.319217,41.409808],[-90.319203,41.409008],[-90.319196,41.408658],[-90.319213,41.408164],[-90.319216,41.407823],[-90.319182,41.406211],[-90.319189,41.405834],[-90.31921,41.404868],[-90.319205,41.40451],[-90.318822,41.404479],[-90.318808,41.404478],[-90.318786,41.404467],[-90.318633,41.404302],[-90.318545,41.404291],[-90.318487,41.404335],[-90.318341,41.404489],[-90.318268,41.4045],[-90.318181,41.404489],[-90.318108,41.404456],[-90.318021,41.404456],[-90.317948,41.404467],[-90.317862,41.404536],[-90.317773,41.404609],[-90.317649,41.404648],[-90.31751,41.404653],[-90.317452,41.404527],[-90.317394,41.404461],[-90.317503,41.404357],[-90.317467,41.404275],[-90.317481,41.40422],[-90.317569,41.404143],[-90.317816,41.404154],[-90.31786,41.404105],[-90.317831,41.403978],[-90.317773,41.403913],[-90.3177,41.403902],[-90.317656,41.403869],[-90.317656,41.403814],[-90.317813,41.403577],[-90.317882,41.403474],[-90.317926,41.403375],[-90.317948,41.403194],[-90.31794,41.403133],[-90.317984,41.403056],[-90.318057,41.40298],[-90.318101,41.40287],[-90.318101,41.402804],[-90.318071,41.402727],[-90.318006,41.402672],[-90.317897,41.402672],[-90.317765,41.402716],[-90.317678,41.402705],[-90.317488,41.402563],[-90.31743,41.402486],[-90.317357,41.402321],[-90.317299,41.402244],[-90.317211,41.402179],[-90.317109,41.402146],[-90.316964,41.402008],[-90.316818,41.401943],[-90.316614,41.401778],[-90.316585,41.401734],[-90.316497,41.401668],[-90.31641,41.40169],[-90.3163,41.401679],[-90.316264,41.401657],[-90.316235,41.401558],[-90.316089,41.401416],[-90.315972,41.401306],[-90.315943,41.401218],[-90.316031,41.401043],[-90.316074,41.400905],[-90.316067,41.400834],[-90.31598,41.400779],[-90.315848,41.400768],[-90.315717,41.400691],[-90.315717,41.400626],[-90.315834,41.400527],[-90.315878,41.400428],[-90.315873,41.400411],[-90.315863,41.400373],[-90.315819,41.400318],[-90.315717,41.400115],[-90.315666,41.399605],[-90.315513,41.398831],[-90.315418,41.398826],[-90.315294,41.398798],[-90.31512,41.398688],[-90.314945,41.398633],[-90.314689,41.398595],[-90.314478,41.398546],[-90.314212,41.398529],[-90.313931,41.398513],[-90.313487,41.398398],[-90.313203,41.398348],[-90.312642,41.398211],[-90.312569,41.398178],[-90.312146,41.398057],[-90.311373,41.397799],[-90.310776,41.397525],[-90.31063,41.397448],[-90.310499,41.397404],[-90.310441,41.397393],[-90.310355,41.397346],[-90.31028,41.397305],[-90.310047,41.397207],[-90.30985,41.397086],[-90.309777,41.397059],[-90.309632,41.396982],[-90.30921,41.396643],[-90.307872,41.396623],[-90.307156,41.396621],[-90.304494,41.396618],[-90.303864,41.39661],[-90.302718,41.396603],[-90.300995,41.396587],[-90.300216,41.39658],[-90.298942,41.39655],[-90.29896,41.396673],[-90.298979,41.396993],[-90.299059,41.398326],[-90.299086,41.398771],[-90.299054,41.39871],[-90.298961,41.398527],[-90.29893,41.398466],[-90.296816,41.398474],[-90.290477,41.3985],[-90.288364,41.39851],[-90.286856,41.398515],[-90.282821,41.398532],[-90.282813,41.398044],[-90.282792,41.396537],[-90.282666,41.396535],[-90.282292,41.39653],[-90.282167,41.396529],[-90.281816,41.396529],[-90.280763,41.396531],[-90.280413,41.396532],[-90.279337,41.396532],[-90.276109,41.396532],[-90.275193,41.396533],[-90.275034,41.396531],[-90.274212,41.39652],[-90.272005,41.396491],[-90.271747,41.396489],[-90.270926,41.396486],[-90.270762,41.396485],[-90.27027,41.396482],[-90.270106,41.396482],[-90.268246,41.396473],[-90.267059,41.396468],[-90.264211,41.396466],[-90.262669,41.396471],[-90.261988,41.396474],[-90.261045,41.396474],[-90.260811,41.396466],[-90.260367,41.396471],[-90.259839,41.396479],[-90.259245,41.396494],[-90.259038,41.396502],[-90.258851,41.396511],[-90.258596,41.396518],[-90.258574,41.396546],[-90.258369,41.396738],[-90.258296,41.396831],[-90.258238,41.396963],[-90.258194,41.397139],[-90.258077,41.39738],[-90.257979,41.397533],[-90.257917,41.397632],[-90.257917,41.39772],[-90.257975,41.397808],[-90.257975,41.397846],[-90.257829,41.397918],[-90.257763,41.398093],[-90.257683,41.398088],[-90.25761,41.398099],[-90.257552,41.398148],[-90.257464,41.398378],[-90.257413,41.398614],[-90.25734,41.398647],[-90.257216,41.398735],[-90.257092,41.398718],[-90.257034,41.398768],[-90.256997,41.399037],[-90.257019,41.399218],[-90.256982,41.3993],[-90.256982,41.399388],[-90.257092,41.399481],[-90.257091,41.39958],[-90.257048,41.399624],[-90.257048,41.399728],[-90.25715,41.399745],[-90.257208,41.399712],[-90.257237,41.399723],[-90.257223,41.399854],[-90.257193,41.399909],[-90.257135,41.399964],[-90.257062,41.400008],[-90.257018,41.400052],[-90.257018,41.40017],[-90.257018,41.400195],[-90.257076,41.400249],[-90.257237,41.400315],[-90.257258,41.400354],[-90.257237,41.400425],[-90.257186,41.40048],[-90.257142,41.400623],[-90.2572,41.400667],[-90.257506,41.400634],[-90.25755,41.400689],[-90.257506,41.40082],[-90.257302,41.40082],[-90.2572,41.400864],[-90.257171,41.400908],[-90.257112,41.400952],[-90.257039,41.400963],[-90.256952,41.400963],[-90.256908,41.40093],[-90.256908,41.400809],[-90.25685,41.400765],[-90.256617,41.400776],[-90.256558,41.400809],[-90.256486,41.400831],[-90.256384,41.400842],[-90.256165,41.40082],[-90.256063,41.400765],[-90.25599,41.400765],[-90.255917,41.400776],[-90.255869,41.400803],[-90.255786,41.400852],[-90.255669,41.400852],[-90.255596,41.400737],[-90.255524,41.400688],[-90.255436,41.400677],[-90.255371,41.400726],[-90.255349,41.400819],[-90.255254,41.400852],[-90.255144,41.40094],[-90.255072,41.400984],[-90.25486,41.400978],[-90.254693,41.401011],[-90.254605,41.401011],[-90.254459,41.400989],[-90.254314,41.400934],[-90.254299,41.400912],[-90.254372,41.400682],[-90.254387,41.400495],[-90.254358,41.400484],[-90.254212,41.400489],[-90.254073,41.400467],[-90.253964,41.400561],[-90.253906,41.40055],[-90.253716,41.400396],[-90.253513,41.400264],[-90.253221,41.400044],[-90.253192,41.399748],[-90.253149,41.399704],[-90.25312,41.399556],[-90.253142,41.399282],[-90.25304,41.399227],[-90.252865,41.399194],[-90.252661,41.399128],[-90.252267,41.399051],[-90.25202,41.398952],[-90.252008,41.398951],[-90.251845,41.398941],[-90.251772,41.398919],[-90.251685,41.398831],[-90.251626,41.398754],[-90.251561,41.398716],[-90.251393,41.398644],[-90.251138,41.398693],[-90.250985,41.398671],[-90.250869,41.398616],[-90.250606,41.398463],[-90.250519,41.398342],[-90.250403,41.398243],[-90.250446,41.398188],[-90.250592,41.398067],[-90.250585,41.397985],[-90.250519,41.397925],[-90.250578,41.397683],[-90.25052,41.397574],[-90.25052,41.397409],[-90.250491,41.397305],[-90.25052,41.397233],[-90.25071,41.39708],[-90.250771,41.39673],[-90.250585,41.396734],[-90.250097,41.39674],[-90.249923,41.396745],[-90.249775,41.396751],[-90.248791,41.396766],[-90.24738,41.396797],[-90.246533,41.396817],[-90.246492,41.396818],[-90.245702,41.396829],[-90.243774,41.396873],[-90.241642,41.396922],[-90.240408,41.396938],[-90.238739,41.396975],[-90.23745,41.396994],[-90.236799,41.396997],[-90.236047,41.397014],[-90.235497,41.397022],[-90.235284,41.397026],[-90.233665,41.397073],[-90.232853,41.39709],[-90.232739,41.397092],[-90.232544,41.397094],[-90.231962,41.397102],[-90.231768,41.397106],[-90.231481,41.397123],[-90.230733,41.397124],[-90.229218,41.397139],[-90.228468,41.397154],[-90.227628,41.397156],[-90.227472,41.397157],[-90.226593,41.397164],[-90.226169,41.397167],[-90.225636,41.397175],[-90.22511,41.397184],[-90.222768,41.397204],[-90.222323,41.397208],[-90.221914,41.397207],[-90.221812,41.397203],[-90.22171,41.397207],[-90.220949,41.397215],[-90.220796,41.397217],[-90.218362,41.397225],[-90.217812,41.397228],[-90.2175,41.397224],[-90.217344,41.397222],[-90.216457,41.397229],[-90.215999,41.397228],[-90.215579,41.397234],[-90.215371,41.397237],[-90.21297,41.397238],[-90.212328,41.397245],[-90.211708,41.397243],[-90.209816,41.397258],[-90.209375,41.397262],[-90.208172,41.397261],[-90.20801,41.397261],[-90.207896,41.397262],[-90.20691,41.39727],[-90.205685,41.397265],[-90.204187,41.397275],[-90.202537,41.397295],[-90.202364,41.397305],[-90.202245,41.39733],[-90.202141,41.397373],[-90.20222,41.392728],[-90.202272,41.390482],[-90.202278,41.39023],[-90.202312,41.386576],[-90.202302,41.385888],[-90.202377,41.382859],[-90.202382,41.382631],[-90.202408,41.379239],[-90.202435,41.375611],[-90.20249,41.372043],[-90.202547,41.368358],[-90.202638,41.368352],[-90.203093,41.368336],[-90.203801,41.368328],[-90.205801,41.368326],[-90.208222,41.368324],[-90.209714,41.36833],[-90.212895,41.368323],[-90.21409,41.36832],[-90.21598,41.368324],[-90.217085,41.368327],[-90.218574,41.368313],[-90.219374,41.368317],[-90.220086,41.36832],[-90.22028,41.368322],[-90.221715,41.36832],[-90.222224,41.368312],[-90.222937,41.368302],[-90.222922,41.369253],[-90.222897,41.371818],[-90.222871,41.374679],[-90.222867,41.37532],[-90.229313,41.372725],[-90.229384,41.372794],[-90.231905,41.375247],[-90.232873,41.375251],[-90.235777,41.375264],[-90.236746,41.375269],[-90.238897,41.375264],[-90.241649,41.375259],[-90.241668,41.371555],[-90.24168,41.369404],[-90.241688,41.369124],[-90.241713,41.368284],[-90.241722,41.368005],[-90.241604,41.368003],[-90.240754,41.368016],[-90.239886,41.36803],[-90.238502,41.368044],[-90.237851,41.368056],[-90.237283,41.368067],[-90.236884,41.36807],[-90.235997,41.368077],[-90.23591,41.368078],[-90.234434,41.3681],[-90.23333,41.368112],[-90.232991,41.368109],[-90.232768,41.368108],[-90.232111,41.368124],[-90.232018,41.368122],[-90.232024,41.368025],[-90.232009,41.367011],[-90.232007,41.366744],[-90.232002,41.365962],[-90.231986,41.365102],[-90.231966,41.362612],[-90.231966,41.362517],[-90.23196,41.361235],[-90.231956,41.360327],[-90.231958,41.360052],[-90.231969,41.358723],[-90.231971,41.356797],[-90.231973,41.356503],[-90.231982,41.355321],[-90.232849,41.355323],[-90.234614,41.355329],[-90.234607,41.35449],[-90.2346,41.353623],[-90.234894,41.353618],[-90.235776,41.353606],[-90.236071,41.353602],[-90.237207,41.353585],[-90.240617,41.353536],[-90.241754,41.35352],[-90.243625,41.353487],[-90.247159,41.353425],[-90.24924,41.353388],[-90.250099,41.353374],[-90.250251,41.353377],[-90.251112,41.353357],[-90.25111,41.352859],[-90.251104,41.351368],[-90.251102,41.350871],[-90.251145,41.348134],[-90.251179,41.345992],[-90.257246,41.346],[-90.259983,41.346004],[-90.260179,41.346003],[-90.260766,41.346003],[-90.260963,41.346003],[-90.260963,41.345968],[-90.260966,41.345863],[-90.260967,41.345829],[-90.260978,41.34516],[-90.261013,41.343154],[-90.261025,41.342486],[-90.261021,41.342436],[-90.261011,41.342288],[-90.26102,41.34224],[-90.261026,41.342202],[-90.261047,41.342089],[-90.261054,41.342052],[-90.261087,41.341401],[-90.26119,41.339448],[-90.261225,41.338798],[-90.261244,41.336434],[-90.261284,41.331511],[-90.263449,41.331509],[-90.265813,41.331508],[-90.268699,41.331513],[-90.277357,41.331528],[-90.280243,41.331533],[-90.280248,41.330803],[-90.280265,41.328615],[-90.28027,41.327966],[-90.28027,41.327886],[-90.280265,41.327143],[-90.280265,41.326975],[-90.280301,41.325603],[-90.280332,41.325381],[-90.280394,41.325005],[-90.280412,41.324924],[-90.28048,41.324635],[-90.280601,41.324206],[-90.280649,41.324047],[-90.280818,41.323435],[-90.280823,41.32342],[-90.280953,41.322884],[-90.281001,41.322576],[-90.281017,41.322412],[-90.281039,41.321724],[-90.281042,41.321054],[-90.281047,41.320254],[-90.281047,41.320076],[-90.281049,41.319876],[-90.281054,41.319662],[-90.281055,41.319543],[-90.281057,41.319366],[-90.281058,41.319273],[-90.281058,41.319182],[-90.281062,41.318632],[-90.281064,41.318449],[-90.281065,41.318369],[-90.281072,41.316001],[-90.281076,41.315392],[-90.281081,41.314872],[-90.28108,41.313683],[-90.281114,41.310902],[-90.281111,41.309659],[-90.281139,41.306224],[-90.281142,41.305964],[-90.281144,41.304282],[-90.281162,41.303356],[-90.281157,41.303169],[-90.281158,41.30295],[-90.281162,41.302295],[-90.281164,41.302077],[-90.281378,41.302079],[-90.282022,41.302086],[-90.282237,41.302089],[-90.283087,41.302098],[-90.283818,41.302106],[-90.285639,41.302127],[-90.28649,41.302137],[-90.286506,41.301752],[-90.286572,41.300162],[-90.286565,41.299743],[-90.286588,41.298677],[-90.286596,41.298328],[-90.286595,41.297991],[-90.28662,41.296725],[-90.286607,41.296459],[-90.286569,41.296028],[-90.286564,41.29596],[-90.286551,41.29596],[-90.285915,41.29595],[-90.285306,41.295954],[-90.284432,41.295941],[-90.284155,41.295934],[-90.283543,41.295926],[-90.282898,41.295926],[-90.281698,41.295917],[-90.28131,41.295915],[-90.281208,41.29591],[-90.281221,41.295165],[-90.281245,41.294853],[-90.281396,41.294643],[-90.281452,41.294567],[-90.281579,41.294418],[-90.281738,41.294276],[-90.281908,41.294163],[-90.281967,41.294129],[-90.282129,41.294039],[-90.282198,41.294013],[-90.282311,41.293968],[-90.282326,41.293963],[-90.282659,41.293864],[-90.282776,41.29383],[-90.282818,41.29383],[-90.282947,41.29383],[-90.28299,41.293831],[-90.283168,41.293832],[-90.283701,41.293835],[-90.28388,41.293837],[-90.283886,41.293741],[-90.283887,41.293425],[-90.28389,41.292571],[-90.283906,41.292189],[-90.283916,41.291977],[-90.2839,41.291778],[-90.283901,41.291746],[-90.283902,41.291681],[-90.283908,41.291393],[-90.283911,41.291297],[-90.283916,41.291061],[-90.283921,41.290847],[-90.283885,41.290789],[-90.283819,41.290736],[-90.283725,41.290706],[-90.283603,41.290704],[-90.281843,41.290689],[-90.281257,41.290684],[-90.281259,41.290071],[-90.28126,41.28996],[-90.281252,41.289019],[-90.281248,41.288817],[-90.281238,41.288234],[-90.281231,41.287821],[-90.281228,41.287622],[-90.281227,41.287602],[-90.281937,41.287608],[-90.283011,41.287618],[-90.283119,41.287619],[-90.283915,41.287626],[-90.286018,41.287646],[-90.286679,41.287652],[-90.288422,41.287668],[-90.289443,41.287677],[-90.290045,41.287683],[-90.290538,41.287687],[-90.291495,41.287672],[-90.292344,41.287687],[-90.292795,41.287695],[-90.29285,41.287597],[-90.293071,41.287165],[-90.293188,41.286869],[-90.293265,41.286618],[-90.29332,41.286405],[-90.293376,41.286053],[-90.29339,41.285563],[-90.293385,41.285216],[-90.293366,41.284672],[-90.293373,41.284169],[-90.293356,41.283206],[-90.293355,41.283091],[-90.293354,41.28239],[-90.293364,41.282049],[-90.293381,41.281913],[-90.293405,41.281728],[-90.293431,41.281595],[-90.293452,41.281493],[-90.293592,41.281111],[-90.293646,41.280986],[-90.293755,41.280772],[-90.293796,41.280707],[-90.293811,41.280684],[-90.293963,41.280432],[-90.29437,41.27994],[-90.294789,41.279506],[-90.294988,41.279266],[-90.295025,41.279222],[-90.295116,41.279098],[-90.295285,41.278852],[-90.295495,41.278444],[-90.295522,41.278351],[-90.295545,41.278289],[-90.295629,41.278003],[-90.295687,41.277771],[-90.295711,41.277541],[-90.295742,41.276636],[-90.295748,41.275712],[-90.295758,41.27478],[-90.295759,41.274769],[-90.295775,41.273227],[-90.29578,41.272855],[-90.295798,41.271739],[-90.2958,41.271671],[-90.295801,41.271367],[-90.295803,41.270282],[-90.295804,41.269958],[-90.29583,41.267028],[-90.295832,41.266841],[-90.295848,41.266036],[-90.29585,41.265944],[-90.295851,41.26588],[-90.295851,41.265852],[-90.295858,41.265266],[-90.29587,41.264744],[-90.295867,41.263867],[-90.295878,41.263073],[-90.295877,41.262356],[-90.295898,41.260648],[-90.29592,41.258795],[-90.29519,41.258793],[-90.294882,41.258788],[-90.294058,41.258773],[-90.292269,41.258767],[-90.291192,41.258756],[-90.290227,41.258739],[-90.288785,41.258727],[-90.287284,41.258712],[-90.287148,41.258706],[-90.285345,41.258687],[-90.284664,41.25868],[-90.284051,41.258675],[-90.284067,41.255124],[-90.284083,41.251699],[-90.287912,41.251691],[-90.287988,41.248295],[-90.288068,41.244746],[-90.288102,41.244514],[-90.288121,41.244393],[-90.287539,41.244397],[-90.287305,41.2444],[-90.283659,41.244361],[-90.272721,41.244245],[-90.269075,41.244207],[-90.267215,41.244179],[-90.267228,41.242988],[-90.26724,41.24175],[-90.267241,41.241708],[-90.26724,41.241043],[-90.267276,41.238039],[-90.267288,41.237045],[-90.267264,41.236925],[-90.267214,41.236815],[-90.267052,41.236812],[-90.266569,41.236804],[-90.266408,41.236802],[-90.266123,41.236797],[-90.265269,41.236783],[-90.264985,41.236779],[-90.265015,41.235934],[-90.265063,41.234597],[-90.265116,41.2334],[-90.265155,41.232556],[-90.265157,41.232269],[-90.265161,41.231679],[-90.265177,41.231089],[-90.265183,41.230887],[-90.265221,41.229173],[-90.265273,41.227618],[-90.265281,41.22707],[-90.265286,41.226719],[-90.265286,41.226692],[-90.265303,41.226237],[-90.265329,41.225755],[-90.265344,41.225227],[-90.265383,41.224254],[-90.265502,41.221336],[-90.265542,41.220364],[-90.265548,41.220219],[-90.265571,41.219489],[-90.265654,41.216864],[-90.265682,41.21599],[-90.26571,41.214893],[-90.265796,41.211605],[-90.265825,41.210509],[-90.265993,41.210503],[-90.266219,41.210495],[-90.266499,41.210493],[-90.266668,41.210493],[-90.266972,41.210491],[-90.267362,41.210489],[-90.267616,41.210492],[-90.267884,41.210495],[-90.268188,41.2105],[-90.268609,41.210506],[-90.268985,41.210514],[-90.269915,41.210533],[-90.271637,41.210541],[-90.281987,41.210595],[-90.283357,41.210603],[-90.285438,41.210599],[-90.285421,41.210818],[-90.285399,41.211462],[-90.285371,41.21198],[-90.285368,41.212078],[-90.285334,41.213418],[-90.285201,41.216518],[-90.285196,41.216651],[-90.285157,41.217855],[-90.285149,41.217999],[-90.285087,41.219089],[-90.285056,41.219456],[-90.285039,41.219671],[-90.28502,41.220271],[-90.285005,41.220969],[-90.284986,41.22189],[-90.284934,41.222843],[-90.284933,41.222865],[-90.284923,41.2232],[-90.284933,41.223408],[-90.284931,41.223832],[-90.284931,41.223872],[-90.284906,41.224655],[-90.284893,41.224831],[-90.284869,41.225154],[-90.284887,41.22524],[-90.284902,41.225287],[-90.284963,41.225338],[-90.285032,41.225369],[-90.285133,41.225387],[-90.285308,41.225391],[-90.285426,41.225388],[-90.288191,41.225324],[-90.288915,41.225308],[-90.296394,41.225198],[-90.298142,41.225175],[-90.29948,41.225158],[-90.30146,41.225133],[-90.302002,41.225126],[-90.30203,41.225125],[-90.30374,41.225085],[-90.30431,41.225073],[-90.304352,41.223652],[-90.304417,41.22213],[-90.304451,41.221345],[-90.30475,41.213301],[-90.30481,41.211713],[-90.30486,41.210359],[-90.312876,41.210106],[-90.314524,41.210037],[-90.314886,41.210037],[-90.316282,41.209991],[-90.316952,41.209965],[-90.320441,41.209849],[-90.321394,41.209831],[-90.32238,41.209802],[-90.322397,41.210005],[-90.322408,41.210252],[-90.322383,41.210943],[-90.322379,41.211121],[-90.322334,41.213224],[-90.322313,41.213868],[-90.32229,41.215081],[-90.322266,41.216402],[-90.322254,41.217046],[-90.322242,41.218165],[-90.322239,41.218548],[-90.322212,41.219881],[-90.322207,41.221176],[-90.322178,41.222984],[-90.322187,41.223456],[-90.322189,41.223508],[-90.32219,41.224209],[-90.322162,41.224891],[-90.322154,41.22522],[-90.322124,41.226394],[-90.322119,41.22763],[-90.322114,41.229169],[-90.322065,41.231493],[-90.322064,41.232246],[-90.322072,41.233681],[-90.322056,41.234128],[-90.322045,41.234862],[-90.322019,41.236644],[-90.322026,41.23709],[-90.322025,41.237218],[-90.322148,41.237219],[-90.322639,41.237224],[-90.324069,41.237237],[-90.325638,41.237243],[-90.330439,41.237337],[-90.330609,41.237325],[-90.33159,41.237382],[-90.331942,41.237402],[-90.334802,41.237366],[-90.33485,41.237374],[-90.33522,41.237377],[-90.335635,41.237388],[-90.336367,41.237423],[-90.336761,41.237427],[-90.338507,41.23742],[-90.339597,41.237438],[-90.339768,41.237438],[-90.340282,41.237439],[-90.340454,41.23744],[-90.342521,41.237471],[-90.347634,41.237551],[-90.348726,41.237557],[-90.349284,41.237554],[-90.350794,41.237573],[-90.350965,41.237575],[-90.351479,41.237581],[-90.351651,41.237584],[-90.351664,41.237584],[-90.351967,41.237574],[-90.352644,41.237582],[-90.353112,41.237593],[-90.353321,41.237599],[-90.35523,41.237623],[-90.35581,41.237635],[-90.357498,41.237656],[-90.358695,41.237671],[-90.358959,41.237695],[-90.359119,41.237684],[-90.359244,41.237676],[-90.359565,41.237681],[-90.359602,41.23768],[-90.359764,41.237678],[-90.359888,41.237644],[-90.359982,41.237604],[-90.360021,41.237577],[-90.360068,41.237533],[-90.360162,41.237394],[-90.360187,41.237294],[-90.360178,41.23689],[-90.360173,41.236677],[-90.360178,41.23588],[-90.36019,41.235368],[-90.360207,41.234706],[-90.360227,41.234118],[-90.360214,41.233437],[-90.360208,41.232314],[-90.360228,41.231768],[-90.360232,41.231259],[-90.360252,41.230692],[-90.360248,41.23037],[-90.360238,41.229671],[-90.360296,41.227754],[-90.360335,41.226484],[-90.360358,41.225851],[-90.360375,41.225217],[-90.360428,41.225229],[-90.360452,41.225242],[-90.360495,41.225251],[-90.360568,41.225288],[-90.360671,41.225333],[-90.360695,41.225338],[-90.360719,41.225352],[-90.360798,41.225365],[-90.360895,41.225374],[-90.360925,41.225383],[-90.361022,41.225457],[-90.361071,41.225507],[-90.361089,41.225562],[-90.361126,41.225649],[-90.36119,41.225831],[-90.361241,41.225927],[-90.361344,41.225996],[-90.361381,41.226005],[-90.361502,41.226019],[-90.361663,41.226066],[-90.361687,41.226071],[-90.361805,41.22616],[-90.361823,41.226183],[-90.361833,41.226215],[-90.36186,41.22627],[-90.36189,41.226297],[-90.361945,41.226357],[-90.362072,41.226437],[-90.362145,41.226471],[-90.3623,41.226553],[-90.362424,41.226644],[-90.362545,41.226749],[-90.362618,41.226836],[-90.362643,41.226886],[-90.362661,41.226909],[-90.362685,41.226969],[-90.362716,41.226996],[-90.362746,41.227065],[-90.362764,41.227078],[-90.362791,41.227142],[-90.362822,41.2272],[-90.36284,41.227273],[-90.362851,41.227393],[-90.362833,41.227436],[-90.362807,41.227563],[-90.362832,41.227623],[-90.362856,41.227647],[-90.362917,41.22771],[-90.362929,41.227732],[-90.363071,41.227824],[-90.363754,41.228335],[-90.363821,41.228404],[-90.363839,41.228436],[-90.363863,41.228495],[-90.363882,41.228596],[-90.36393,41.228637],[-90.363973,41.228685],[-90.364076,41.228751],[-90.364112,41.228769],[-90.36418,41.228787],[-90.364221,41.228792],[-90.364353,41.228775],[-90.364482,41.228751],[-90.364645,41.228737],[-90.364688,41.228737],[-90.364754,41.228746],[-90.364864,41.228833],[-90.364913,41.229029],[-90.364925,41.229057],[-90.364955,41.229084],[-90.364967,41.229107],[-90.36501,41.229139],[-90.365101,41.229194],[-90.365125,41.229197],[-90.365167,41.229221],[-90.365246,41.229258],[-90.36547,41.229312],[-90.365501,41.22933],[-90.365567,41.229339],[-90.365616,41.229353],[-90.365652,41.229371],[-90.365683,41.229376],[-90.36571,41.22939],[-90.365895,41.229527],[-90.365907,41.229543],[-90.365915,41.229654],[-90.365907,41.229701],[-90.365889,41.229719],[-90.365883,41.229742],[-90.365889,41.22976],[-90.365859,41.229792],[-90.365802,41.229918],[-90.365787,41.230021],[-90.365714,41.230181],[-90.365696,41.230204],[-90.36569,41.230222],[-90.365654,41.230277],[-90.365606,41.230332],[-90.365594,41.230364],[-90.365557,41.230405],[-90.365551,41.230424],[-90.365533,41.230442],[-90.365509,41.230506],[-90.365373,41.230817],[-90.365313,41.230916],[-90.365301,41.231046],[-90.365334,41.231115],[-90.365377,41.23116],[-90.365389,41.231188],[-90.365432,41.231229],[-90.36545,41.231261],[-90.365492,41.231361],[-90.365529,41.231508],[-90.365529,41.231558],[-90.365541,41.231663],[-90.365584,41.231746],[-90.365602,41.231764],[-90.365617,41.231812],[-90.36562,41.231851],[-90.365639,41.231938],[-90.365724,41.232139],[-90.365742,41.232157],[-90.365748,41.232175],[-90.365827,41.232255],[-90.366074,41.232461],[-90.366088,41.232477],[-90.366096,41.232495],[-90.366113,41.232509],[-90.366117,41.232527],[-90.366143,41.23255],[-90.366289,41.232715],[-90.366301,41.232737],[-90.366325,41.232756],[-90.366386,41.23282],[-90.36641,41.232852],[-90.366471,41.232904],[-90.366616,41.233016],[-90.366811,41.233149],[-90.366993,41.233247],[-90.367223,41.233349],[-90.367402,41.233445],[-90.367453,41.233477],[-90.36762,41.233564],[-90.367672,41.233596],[-90.367817,41.23366],[-90.368036,41.233783],[-90.368351,41.23402],[-90.368382,41.234055],[-90.368679,41.234317],[-90.368758,41.234409],[-90.368766,41.234427],[-90.368995,41.234617],[-90.369134,41.234724],[-90.36925,41.234829],[-90.36928,41.234865],[-90.369292,41.234898],[-90.369438,41.234989],[-90.369517,41.235007],[-90.369589,41.23503],[-90.369856,41.235231],[-90.369953,41.235317],[-90.370099,41.235436],[-90.370196,41.235551],[-90.370227,41.235603],[-90.370245,41.235619],[-90.370251,41.235647],[-90.370293,41.235683],[-90.370287,41.235697],[-90.370294,41.235733],[-90.370339,41.235877],[-90.370361,41.23598],[-90.37037,41.236001],[-90.370422,41.236282],[-90.370437,41.236394],[-90.370425,41.236454],[-90.370362,41.2369],[-90.370351,41.237161],[-90.370369,41.23722],[-90.370387,41.237241],[-90.370478,41.237302],[-90.370515,41.23732],[-90.370593,41.237339],[-90.370691,41.237384],[-90.370715,41.237389],[-90.370851,41.237457],[-90.371067,41.237617],[-90.371127,41.237686],[-90.371164,41.237759],[-90.371188,41.237837],[-90.371198,41.237876],[-90.371205,41.237906],[-90.371221,41.23797],[-90.371249,41.238088],[-90.371286,41.238179],[-90.37131,41.238211],[-90.371353,41.238243],[-90.371432,41.238287],[-90.371547,41.238335],[-90.371589,41.238344],[-90.371621,41.23836],[-90.37185,41.238526],[-90.371881,41.238558],[-90.371893,41.238627],[-90.371869,41.238673],[-90.371844,41.2387],[-90.37179,41.238741],[-90.371748,41.238764],[-90.371663,41.238778],[-90.371596,41.238797],[-90.371493,41.238874],[-90.371475,41.238897],[-90.371466,41.238918],[-90.371476,41.239172],[-90.371488,41.239213],[-90.371494,41.239231],[-90.371604,41.239501],[-90.371634,41.239538],[-90.371646,41.23957],[-90.37167,41.239597],[-90.371725,41.239798],[-90.371747,41.239993],[-90.371732,41.240091],[-90.37172,41.240114],[-90.37169,41.240146],[-90.371653,41.240247],[-90.371666,41.240393],[-90.371684,41.240416],[-90.37169,41.240439],[-90.371745,41.240484],[-90.371757,41.24053],[-90.371787,41.240562],[-90.371824,41.240686],[-90.371836,41.240791],[-90.371821,41.24082],[-90.3718,41.24091],[-90.371791,41.240927],[-90.371773,41.240992],[-90.371722,41.241084],[-90.371697,41.241102],[-90.371643,41.241173],[-90.371504,41.241281],[-90.371359,41.241372],[-90.371238,41.241464],[-90.37122,41.241519],[-90.371232,41.241592],[-90.371262,41.241624],[-90.371365,41.241688],[-90.371396,41.241697],[-90.37142,41.241711],[-90.371474,41.241729],[-90.371499,41.241743],[-90.371565,41.241761],[-90.371814,41.241793],[-90.371911,41.241866],[-90.371923,41.241882],[-90.371911,41.242021],[-90.371875,41.242071],[-90.371871,41.242089],[-90.371609,41.242305],[-90.371588,41.242353],[-90.371585,41.242392],[-90.3716,41.24247],[-90.371615,41.242497],[-90.371852,41.242657],[-90.371879,41.242671],[-90.372107,41.24284],[-90.372186,41.242917],[-90.372222,41.243],[-90.372241,41.243018],[-90.372271,41.243073],[-90.37232,41.243128],[-90.372398,41.243196],[-90.372496,41.24331],[-90.372504,41.243328],[-90.372575,41.243393],[-90.372647,41.243443],[-90.372714,41.243489],[-90.372817,41.243566],[-90.372884,41.243626],[-90.372914,41.243662],[-90.372927,41.243689],[-90.373048,41.243765],[-90.373115,41.243794],[-90.373284,41.243794],[-90.373557,41.243808],[-90.373606,41.243821],[-90.373727,41.243913],[-90.373788,41.243986],[-90.37383,41.244114],[-90.373846,41.244249],[-90.373861,41.24431],[-90.373885,41.244338],[-90.373887,41.244356],[-90.373922,41.244429],[-90.373949,41.244514],[-90.37394,41.24453],[-90.373989,41.244576],[-90.374007,41.244635],[-90.373995,41.244781],[-90.373993,41.244926],[-90.37402,41.245038],[-90.374087,41.245188],[-90.374117,41.245211],[-90.374245,41.245291],[-90.374354,41.245344],[-90.374492,41.245379],[-90.374657,41.245499],[-90.374718,41.245567],[-90.37473,41.245599],[-90.374748,41.245618],[-90.374755,41.245636],[-90.374773,41.245661],[-90.374815,41.245695],[-90.374825,41.245701],[-90.374949,41.245782],[-90.375127,41.245889],[-90.37515,41.24591],[-90.375226,41.246132],[-90.375254,41.246313],[-90.375272,41.246331],[-90.375278,41.246349],[-90.375303,41.246377],[-90.375309,41.246404],[-90.375351,41.246452],[-90.375454,41.246546],[-90.375527,41.246633],[-90.375546,41.246665],[-90.375576,41.246733],[-90.375594,41.246797],[-90.3756,41.246875],[-90.37557,41.247076],[-90.375459,41.24733],[-90.375438,41.247442],[-90.375438,41.247493],[-90.375459,41.247696],[-90.375505,41.247845],[-90.375566,41.247973],[-90.375663,41.248075],[-90.375742,41.248142],[-90.375772,41.248178],[-90.375797,41.248233],[-90.375845,41.248379],[-90.375858,41.248407],[-90.375894,41.248453],[-90.37594,41.248498],[-90.375991,41.248562],[-90.376049,41.248683],[-90.376107,41.248946],[-90.37615,41.249033],[-90.376414,41.249239],[-90.376429,41.249257],[-90.376481,41.249378],[-90.376493,41.249419],[-90.376508,41.249536],[-90.376521,41.249765],[-90.376556,41.249873],[-90.376575,41.249899],[-90.376594,41.249915],[-90.376598,41.249933],[-90.37666,41.250002],[-90.376745,41.250038],[-90.377202,41.250313],[-90.377319,41.250335],[-90.37742,41.250335],[-90.377493,41.250346],[-90.377609,41.250428],[-90.377653,41.250478],[-90.377718,41.250621],[-90.377805,41.250681],[-90.377854,41.25069],[-90.377872,41.250697],[-90.377867,41.25102],[-90.377855,41.251852],[-90.377854,41.25199],[-90.377851,41.252314],[-90.378364,41.25232],[-90.379904,41.252339],[-90.380418,41.252346],[-90.380371,41.25246],[-90.380342,41.252614],[-90.380371,41.252724],[-90.380458,41.252899],[-90.380436,41.253086],[-90.380377,41.253223],[-90.380287,41.253334],[-90.380276,41.253349],[-90.380232,41.253382],[-90.380217,41.253426],[-90.380174,41.253492],[-90.38029,41.253997],[-90.38034,41.254123],[-90.380369,41.254271],[-90.380435,41.254376],[-90.380515,41.254474],[-90.380863,41.254738],[-90.380863,41.254958],[-90.38082,41.255034],[-90.38079,41.255144],[-90.380797,41.255303],[-90.381132,41.255561],[-90.381197,41.25571],[-90.381233,41.255918],[-90.381277,41.255973],[-90.381302,41.256037],[-90.38132,41.256083],[-90.381451,41.256269],[-90.381443,41.256741],[-90.381516,41.256796],[-90.381691,41.256873],[-90.381723,41.256893],[-90.381089,41.257708],[-90.380914,41.257924],[-90.379323,41.259903],[-90.378471,41.261005],[-90.377924,41.261714],[-90.377661,41.262036],[-90.377642,41.262984],[-90.377587,41.265829],[-90.37757,41.266778],[-90.377569,41.266818],[-90.377566,41.266939],[-90.377566,41.26698],[-90.382086,41.267023],[-90.395648,41.267153],[-90.400169,41.267197],[-90.400077,41.267127],[-90.399946,41.267072],[-90.399844,41.266995],[-90.399772,41.266918],[-90.399684,41.266797],[-90.399612,41.266666],[-90.399568,41.266622],[-90.39951,41.266518],[-90.399256,41.266282],[-90.399008,41.266012],[-90.398979,41.265958],[-90.398749,41.265761],[-90.398645,41.265672],[-90.398601,41.265617],[-90.398456,41.26548],[-90.398427,41.265436],[-90.398122,41.26514],[-90.397925,41.264931],[-90.397853,41.264876],[-90.397838,41.264832],[-90.397664,41.264695],[-90.397562,41.264596],[-90.397111,41.264102],[-90.396835,41.263833],[-90.396595,41.263542],[-90.396581,41.263493],[-90.396464,41.263372],[-90.396384,41.263317],[-90.396217,41.26324],[-90.395679,41.263108],[-90.395366,41.263059],[-90.394995,41.262938],[-90.394574,41.262839],[-90.394319,41.262789],[-90.39389,41.262685],[-90.39375,41.262645],[-90.393323,41.262526],[-90.392581,41.262339],[-90.392457,41.262322],[-90.392203,41.262256],[-90.392079,41.26224],[-90.391753,41.26224],[-90.391814,41.260837],[-90.391898,41.260311],[-90.391936,41.26008],[-90.392042,41.256185],[-90.392089,41.254507],[-90.392143,41.252572],[-90.392363,41.252577],[-90.393113,41.252592],[-90.395636,41.252645],[-90.396026,41.252653],[-90.396998,41.252673],[-90.397068,41.250912],[-90.397104,41.250024],[-90.39722,41.247929],[-90.397322,41.245631],[-90.397336,41.24534],[-90.397368,41.24424],[-90.397371,41.244082],[-90.397374,41.24387],[-90.397391,41.242665],[-90.397397,41.242316],[-90.397413,41.241847],[-90.397425,41.241488],[-90.397433,41.240594],[-90.397457,41.239752],[-90.397467,41.239629],[-90.397533,41.239279],[-90.397552,41.239156],[-90.397574,41.239063],[-90.397578,41.239047],[-90.397656,41.238637],[-90.397707,41.238452],[-90.397755,41.238354],[-90.39783,41.238285],[-90.398007,41.238231],[-90.398187,41.23822],[-90.402536,41.238278],[-90.402971,41.238285],[-90.411161,41.23843],[-90.412918,41.238432],[-90.414074,41.23844],[-90.417119,41.238488],[-90.417324,41.23849],[-90.419173,41.23851],[-90.420152,41.23851],[-90.421946,41.238531],[-90.422109,41.238534],[-90.422271,41.238872],[-90.422338,41.238927],[-90.422405,41.238963],[-90.422428,41.23897],[-90.422533,41.239045],[-90.422557,41.239068],[-90.422569,41.239114],[-90.4226,41.239182],[-90.422636,41.239219],[-90.42264,41.239237],[-90.422666,41.239264],[-90.422679,41.239292],[-90.422733,41.239347],[-90.422785,41.239412],[-90.422861,41.239475],[-90.423073,41.239621],[-90.42317,41.239666],[-90.423352,41.239744],[-90.423419,41.239757],[-90.423486,41.239798],[-90.423674,41.239894],[-90.423771,41.23994],[-90.423826,41.239949],[-90.424062,41.239958],[-90.424244,41.240008],[-90.424326,41.240049],[-90.424621,41.240227],[-90.424912,41.240382],[-90.424942,41.240391],[-90.425203,41.240514],[-90.425689,41.240751],[-90.425786,41.240792],[-90.425877,41.24081],[-90.425899,41.240815],[-90.425977,41.240835],[-90.426059,41.240842],[-90.426294,41.240913],[-90.426453,41.241029],[-90.426496,41.241079],[-90.426508,41.241106],[-90.426539,41.241275],[-90.426569,41.241307],[-90.426636,41.241348],[-90.426715,41.241412],[-90.426709,41.24144],[-90.426691,41.241458],[-90.426715,41.241476],[-90.426758,41.241518],[-90.426818,41.241554],[-90.426867,41.241563],[-90.4272,41.241585],[-90.427297,41.241658],[-90.427322,41.241681],[-90.427334,41.241722],[-90.427358,41.241741],[-90.427425,41.241777],[-90.427474,41.241791],[-90.427558,41.241786],[-90.427595,41.241768],[-90.427864,41.241561],[-90.427946,41.241506],[-90.428,41.241497],[-90.428221,41.241504],[-90.428352,41.241488],[-90.428394,41.241515],[-90.428542,41.241625],[-90.428583,41.241656],[-90.428613,41.241691],[-90.428637,41.241711],[-90.428731,41.241766],[-90.428753,41.241775],[-90.428819,41.24172],[-90.428843,41.241693],[-90.428873,41.241633],[-90.428882,41.241576],[-90.428916,41.2415],[-90.428982,41.241441],[-90.429073,41.241386],[-90.429151,41.241367],[-90.429212,41.241363],[-90.429352,41.241367],[-90.429509,41.241481],[-90.42957,41.241508],[-90.429679,41.24154],[-90.429746,41.241549],[-90.429892,41.241659],[-90.429928,41.241695],[-90.429998,41.241746],[-90.430038,41.241764],[-90.430116,41.241755],[-90.430189,41.241704],[-90.430201,41.241681],[-90.430231,41.241654],[-90.430261,41.241576],[-90.430279,41.241553],[-90.43034,41.241494],[-90.430388,41.241393],[-90.430412,41.241365],[-90.430424,41.241342],[-90.430443,41.241324],[-90.430449,41.241306],[-90.430497,41.24126],[-90.430594,41.241196],[-90.430721,41.241186],[-90.4308,41.241173],[-90.430854,41.241159],[-90.431179,41.241174],[-90.431375,41.241121],[-90.431442,41.241098],[-90.431515,41.24108],[-90.431569,41.241052],[-90.431666,41.241025],[-90.431709,41.241002],[-90.431848,41.240965],[-90.431866,41.240951],[-90.431957,41.240928],[-90.431999,41.240933],[-90.432212,41.240928],[-90.432688,41.240971],[-90.433078,41.241],[-90.433212,41.241018],[-90.433242,41.240999],[-90.433263,41.241008],[-90.433291,41.241027],[-90.433454,41.241049],[-90.433649,41.241099],[-90.433691,41.241122],[-90.433758,41.24114],[-90.433782,41.241154],[-90.434013,41.241208],[-90.434091,41.241222],[-90.434112,41.241227],[-90.434273,41.241267],[-90.434293,41.241277],[-90.434319,41.241283],[-90.434722,41.241322],[-90.434898,41.24133],[-90.435165,41.24133],[-90.435565,41.241357],[-90.435653,41.241373],[-90.435892,41.241407],[-90.435971,41.241411],[-90.43599,41.241423],[-90.435858,41.245965],[-90.435786,41.249604],[-90.435714,41.253224],[-90.435522,41.260712],[-90.435265,41.267829],[-90.435401,41.267835],[-90.435427,41.267835],[-90.435975,41.267834],[-90.436884,41.267818],[-90.43698,41.267821],[-90.437246,41.267819],[-90.43758,41.267836],[-90.438199,41.267899],[-90.438485,41.267919],[-90.438723,41.26792],[-90.439819,41.26796],[-90.440078,41.267975],[-90.440174,41.267974],[-90.440792,41.268021],[-90.44084,41.26802],[-90.441064,41.268028],[-90.441173,41.268032],[-90.44184,41.268046],[-90.441935,41.268051],[-90.442744,41.268069],[-90.44303,41.268061],[-90.443126,41.268063],[-90.443269,41.268054],[-90.443459,41.26805],[-90.44403,41.268026],[-90.444223,41.268018],[-90.444318,41.268017],[-90.444816,41.267996],[-90.445018,41.267983],[-90.445199,41.26798],[-90.445866,41.267981],[-90.446055,41.267991],[-90.446149,41.267989],[-90.446311,41.267994],[-90.446432,41.267998],[-90.446479,41.268004],[-90.446669,41.268006],[-90.446999,41.268024],[-90.447189,41.268023],[-90.44738,41.268016],[-90.44757,41.268016],[-90.44838,41.267991],[-90.449,41.268014],[-90.44943,41.268015],[-90.449621,41.268011],[-90.449907,41.268014],[-90.450189,41.268026],[-90.450766,41.268051],[-90.451146,41.268086],[-90.451478,41.268129],[-90.45162,41.268145],[-90.452147,41.268169],[-90.45259,41.26817],[-90.452959,41.268171],[-90.453054,41.268168],[-90.453245,41.268173],[-90.45334,41.26817],[-90.453913,41.268173],[-90.454725,41.268193],[-90.455012,41.268206],[-90.455731,41.26825],[-90.455928,41.268255],[-90.456161,41.268261],[-90.457041,41.268301],[-90.45752,41.268298],[-90.457971,41.268304],[-90.458433,41.268311],[-90.458766,41.268332],[-90.459819,41.268367],[-90.460246,41.268398],[-90.46034,41.268409],[-90.460628,41.268419],[-90.46076,41.268419],[-90.460819,41.26842],[-90.461344,41.268411],[-90.461691,41.268412],[-90.462213,41.26842],[-90.46225,41.268418],[-90.462357,41.268414],[-90.462642,41.268387],[-90.462735,41.268374],[-90.462873,41.268347],[-90.463246,41.268296],[-90.463337,41.268276],[-90.463521,41.268245],[-90.463837,41.268169],[-90.463901,41.268148],[-90.463969,41.268127],[-90.464015,41.268118],[-90.464232,41.268041],[-90.464322,41.268021],[-90.464433,41.267977],[-90.464475,41.26796],[-90.464511,41.267937],[-90.464595,41.267903],[-90.464716,41.267847],[-90.46487,41.267764],[-90.464952,41.267728],[-90.465145,41.267623],[-90.465327,41.267507],[-90.465467,41.267412],[-90.46558,41.267345],[-90.465658,41.267306],[-90.465781,41.267255],[-90.465866,41.267225],[-90.466085,41.26716],[-90.466433,41.267045],[-90.466561,41.266998],[-90.466601,41.266979],[-90.46711,41.266785],[-90.467156,41.266774],[-90.467233,41.266745],[-90.467512,41.266697],[-90.467749,41.266696],[-90.467843,41.266701],[-90.46808,41.266701],[-90.468223,41.266695],[-90.468413,41.266677],[-90.46846,41.266667],[-90.468905,41.266537],[-90.469177,41.266472],[-90.469269,41.266454],[-90.469495,41.266398],[-90.469579,41.266365],[-90.469755,41.266307],[-90.469839,41.266272],[-90.470008,41.266209],[-90.470097,41.266182],[-90.47031,41.266103],[-90.470433,41.266049],[-90.470565,41.266007],[-90.470736,41.265944],[-90.471093,41.265839],[-90.471456,41.265751],[-90.47199,41.26559],[-90.472082,41.265571],[-90.472554,41.265515],[-90.472738,41.265479],[-90.472971,41.265437],[-90.47327,41.265397],[-90.473741,41.265329],[-90.473831,41.265306],[-90.474207,41.265247],[-90.474487,41.265198],[-90.474723,41.265172],[-90.474865,41.265161],[-90.474913,41.265162],[-90.47591,41.265116],[-90.476238,41.265084],[-90.476333,41.26508],[-90.476398,41.265072],[-90.476539,41.265055],[-90.476631,41.265037],[-90.476818,41.265015],[-90.477001,41.264977],[-90.477095,41.264967],[-90.477325,41.26493],[-90.477466,41.264913],[-90.477557,41.264891],[-90.477745,41.264868],[-90.478066,41.264803],[-90.478298,41.264763],[-90.478664,41.264683],[-90.478836,41.264657],[-90.479022,41.264624],[-90.479433,41.264528],[-90.479655,41.264463],[-90.479747,41.264443],[-90.479842,41.26443],[-90.480209,41.264348],[-90.48058,41.264274],[-90.480803,41.264212],[-90.480891,41.264184],[-90.481026,41.264148],[-90.481437,41.264054],[-90.482338,41.263828],[-90.482516,41.263777],[-90.482681,41.263706],[-90.48287,41.263598],[-90.483071,41.263502],[-90.483105,41.263478],[-90.483221,41.263416],[-90.483425,41.263326],[-90.48351,41.263294],[-90.483639,41.263252],[-90.48373,41.263232],[-90.483993,41.263155],[-90.484217,41.263096],[-90.48435,41.263057],[-90.484479,41.263011],[-90.484523,41.262999],[-90.484651,41.262951],[-90.484852,41.262858],[-90.485022,41.262792],[-90.48516,41.262769],[-90.485303,41.262761],[-90.485444,41.262746],[-90.48554,41.262748],[-90.485587,41.262754],[-90.48573,41.262763],[-90.485873,41.262763],[-90.486112,41.26275],[-90.486253,41.262733],[-90.486346,41.262717],[-90.486517,41.262654],[-90.486693,41.262599],[-90.486776,41.262565],[-90.486821,41.262553],[-90.486948,41.262505],[-90.487262,41.262416],[-90.4874,41.26239],[-90.487448,41.262386],[-90.487586,41.26236],[-90.48763,41.262346],[-90.487909,41.262305],[-90.488097,41.262286],[-90.48819,41.262271],[-90.488332,41.262258],[-90.488617,41.26224],[-90.489001,41.262232],[-90.489062,41.262228],[-90.489397,41.262241],[-90.489635,41.262239],[-90.489826,41.262242],[-90.490061,41.262237],[-90.490112,41.262237],[-90.49016,41.262233],[-90.490255,41.262232],[-90.490444,41.26221],[-90.49073,41.262185],[-90.491348,41.262139],[-90.491873,41.262128],[-90.492065,41.262129],[-90.492496,41.262147],[-90.492927,41.262156],[-90.493057,41.262155],[-90.493501,41.262155],[-90.493597,41.26215],[-90.494058,41.262158],[-90.494488,41.262143],[-90.494678,41.262132],[-90.494774,41.262132],[-90.495013,41.26214],[-90.495408,41.262145],[-90.495542,41.262147],[-90.496016,41.262106],[-90.496205,41.262083],[-90.49663,41.262039],[-90.496678,41.262041],[-90.497012,41.262032],[-90.497588,41.262036],[-90.498543,41.262018],[-90.498637,41.262013],[-90.498685,41.262015],[-90.498828,41.262009],[-90.499254,41.261978],[-90.499454,41.261958],[-90.499538,41.261951],[-90.499865,41.2619],[-90.500008,41.261885],[-90.500055,41.261884],[-90.500235,41.261852],[-90.500472,41.261829],[-90.500664,41.261829],[-90.500711,41.261825],[-90.500797,41.261825],[-90.500997,41.261813],[-90.50157,41.261793],[-90.501854,41.261764],[-90.502332,41.261733],[-90.502378,41.261725],[-90.502423,41.261711],[-90.502516,41.261693],[-90.502847,41.261654],[-90.503374,41.261662],[-90.503517,41.261647],[-90.503801,41.261619],[-90.503847,41.261609],[-90.503988,41.261589],[-90.504321,41.261558],[-90.504512,41.261547],[-90.50456,41.261548],[-90.5048,41.261538],[-90.505184,41.261536],[-90.505756,41.2615],[-90.506428,41.261493],[-90.506664,41.261466],[-90.506759,41.261459],[-90.507479,41.261427],[-90.507717,41.261408],[-90.508053,41.261396],[-90.5081,41.261398],[-90.508292,41.26139],[-90.508483,41.261389],[-90.509391,41.261403],[-90.509727,41.261394],[-90.510299,41.261357],[-90.510393,41.261345],[-90.510631,41.261325],[-90.511063,41.261309],[-90.511252,41.261289],[-90.511586,41.261266],[-90.511692,41.26125],[-90.511773,41.261238],[-90.511868,41.261242],[-90.511963,41.261253],[-90.512342,41.261276],[-90.512533,41.261282],[-90.512723,41.261264],[-90.512768,41.261253],[-90.512862,41.26124],[-90.51308,41.261168],[-90.51316,41.261128],[-90.513244,41.261095],[-90.513325,41.261056],[-90.51341,41.261025],[-90.513499,41.260998],[-90.513625,41.260947],[-90.513664,41.260926],[-90.513754,41.260902],[-90.513798,41.260886],[-90.513877,41.260847],[-90.513965,41.260819],[-90.514046,41.260781],[-90.514171,41.26073],[-90.514303,41.260662],[-90.514335,41.260636],[-90.514509,41.260513],[-90.514537,41.260485],[-90.514816,41.26029],[-90.515013,41.260125],[-90.515115,41.26006],[-90.515392,41.259864],[-90.515493,41.259743],[-90.515608,41.259629],[-90.515704,41.259506],[-90.515838,41.259359],[-90.516014,41.259239],[-90.516461,41.258918],[-90.516556,41.258837],[-90.516594,41.258816],[-90.516875,41.258624],[-90.517067,41.258518],[-90.51711,41.258496],[-90.517346,41.25838],[-90.517431,41.258349],[-90.517554,41.258293],[-90.517632,41.258252],[-90.517667,41.258228],[-90.517914,41.258113],[-90.517992,41.258076],[-90.518182,41.257969],[-90.518308,41.257918],[-90.518381,41.257873],[-90.518501,41.257814],[-90.518625,41.257761],[-90.518724,41.257709],[-90.518861,41.257638],[-90.519028,41.257568],[-90.519257,41.257519],[-90.519342,41.257486],[-90.519476,41.257447],[-90.519599,41.257394],[-90.519685,41.257364],[-90.520007,41.257299],[-90.520052,41.257287],[-90.520191,41.257261],[-90.520285,41.25725],[-90.520564,41.257201],[-90.520656,41.257181],[-90.520795,41.257157],[-90.520842,41.257152],[-90.521025,41.257112],[-90.521113,41.257085],[-90.52124,41.257035],[-90.521307,41.256985],[-90.521321,41.256971],[-90.521337,41.256957],[-90.521375,41.256891],[-90.521433,41.256756],[-90.521452,41.256687],[-90.521593,41.256384],[-90.521599,41.256349],[-90.521635,41.256246],[-90.521687,41.256146],[-90.521716,41.256117],[-90.521783,41.256067],[-90.521862,41.256026],[-90.521997,41.255991],[-90.52209,41.255976],[-90.522568,41.255948],[-90.522663,41.255947],[-90.522946,41.255976],[-90.523039,41.255986],[-90.52318,41.256007],[-90.523274,41.256013],[-90.523509,41.256038],[-90.523644,41.256074],[-90.523877,41.256115],[-90.524013,41.256149],[-90.524105,41.256168],[-90.524195,41.256193],[-90.524427,41.256236],[-90.52457,41.256245],[-90.524618,41.256244],[-90.524761,41.25625],[-90.524855,41.256259],[-90.524998,41.256263],[-90.525669,41.256234],[-90.525908,41.25624],[-90.526003,41.256247],[-90.526145,41.256265],[-90.526192,41.256266],[-90.526239,41.256273],[-90.526284,41.256286],[-90.526423,41.256312],[-90.526512,41.256338],[-90.526551,41.256358],[-90.526714,41.256488],[-90.526735,41.25652],[-90.526753,41.256539],[-90.526818,41.256607],[-90.526869,41.256668],[-90.526906,41.256733],[-90.526984,41.256823],[-90.527053,41.256872],[-90.527213,41.256949],[-90.527504,41.257069],[-90.527763,41.257162],[-90.527849,41.257178],[-90.527897,41.257181],[-90.528125,41.257235],[-90.52839,41.257313],[-90.528484,41.25733],[-90.528613,41.257376],[-90.528654,41.257395],[-90.528823,41.25746],[-90.528909,41.257488],[-90.528991,41.257526],[-90.529128,41.257559],[-90.529257,41.257603],[-90.529295,41.257625],[-90.529416,41.257681],[-90.529502,41.257712],[-90.529664,41.257788],[-90.529738,41.257832],[-90.529896,41.257914],[-90.530062,41.257984],[-90.530107,41.257996],[-90.530222,41.258012],[-90.530343,41.258029],[-90.530486,41.258033],[-90.530677,41.258031],[-90.530771,41.258036],[-90.530913,41.258033],[-90.531198,41.258017],[-90.531387,41.258015],[-90.531434,41.258018],[-90.531625,41.258011],[-90.53172,41.258013],[-90.531767,41.258008],[-90.532243,41.258015],[-90.532577,41.258027],[-90.53272,41.258028],[-90.533054,41.258021],[-90.533148,41.258023],[-90.533339,41.258015],[-90.533386,41.258016],[-90.533623,41.257993],[-90.53367,41.257987],[-90.533715,41.257976],[-90.533858,41.257974],[-90.534048,41.257977],[-90.534524,41.258003],[-90.534667,41.258004],[-90.534714,41.258],[-90.535096,41.258017],[-90.535144,41.258013],[-90.535287,41.258011],[-90.535334,41.258016],[-90.53543,41.258018],[-90.535666,41.258047],[-90.535894,41.258097],[-90.536034,41.25812],[-90.536272,41.258138],[-90.536508,41.258113],[-90.536648,41.258086],[-90.536837,41.258068],[-90.53698,41.25806],[-90.537123,41.258071],[-90.537176,41.258083],[-90.537269,41.258098],[-90.537411,41.258115],[-90.537504,41.25813],[-90.537786,41.258152],[-90.538031,41.258147],[-90.538219,41.258123],[-90.538312,41.258105],[-90.538357,41.258092],[-90.53844,41.258057],[-90.538513,41.25801],[-90.538591,41.25797],[-90.53872,41.257921],[-90.538997,41.257864],[-90.539284,41.257868],[-90.53957,41.257891],[-90.539666,41.257894],[-90.539899,41.257853],[-90.539988,41.257828],[-90.540162,41.257768],[-90.540246,41.257747],[-90.540331,41.257715],[-90.540736,41.257607],[-90.541016,41.25756],[-90.541206,41.257541],[-90.541397,41.257548],[-90.541491,41.257558],[-90.541581,41.257584],[-90.541667,41.257616],[-90.541957,41.25774],[-90.542095,41.257791],[-90.542173,41.257816],[-90.542309,41.25785],[-90.542401,41.257868],[-90.542497,41.257867],[-90.542927,41.257848],[-90.543165,41.257825],[-90.543787,41.257791],[-90.5446,41.25774],[-90.544838,41.257716],[-90.544979,41.257696],[-90.545116,41.257666],[-90.545199,41.257631],[-90.545283,41.257544],[-90.545306,41.257513],[-90.545328,41.257444],[-90.545373,41.257343],[-90.545404,41.25724],[-90.54548,41.257072],[-90.545592,41.256956],[-90.545628,41.256933],[-90.545714,41.256901],[-90.545761,41.256895],[-90.545809,41.256895],[-90.545892,41.256931],[-90.546005,41.256996],[-90.546111,41.257068],[-90.546142,41.257096],[-90.546278,41.257194],[-90.546423,41.257285],[-90.546577,41.257369],[-90.546871,41.257487],[-90.547052,41.257533],[-90.547125,41.257543],[-90.547171,41.257551],[-90.547244,41.257555],[-90.547362,41.257562],[-90.54741,41.25756],[-90.547642,41.257515],[-90.547728,41.257485],[-90.54781,41.257448],[-90.54792,41.25738],[-90.548087,41.257253],[-90.548244,41.257119],[-90.548291,41.257057],[-90.548321,41.257029],[-90.548405,41.256902],[-90.548504,41.256701],[-90.548547,41.256599],[-90.548567,41.256567],[-90.548626,41.256432],[-90.54865,41.256401],[-90.548673,41.256332],[-90.548735,41.256236],[-90.548814,41.256147],[-90.548845,41.25612],[-90.548963,41.256059],[-90.549007,41.256046],[-90.549148,41.256025],[-90.549197,41.256025],[-90.549387,41.256039],[-90.549575,41.25606],[-90.549767,41.256057],[-90.549862,41.256051],[-90.550002,41.256031],[-90.550079,41.255989],[-90.550112,41.255963],[-90.55017,41.255867],[-90.550182,41.255832],[-90.550262,41.255268],[-90.550292,41.255164],[-90.550332,41.255062],[-90.550365,41.254995],[-90.550469,41.254835],[-90.550493,41.254804],[-90.550537,41.254759],[-90.550578,41.254695],[-90.550721,41.254553],[-90.550815,41.254472],[-90.550903,41.254387],[-90.551029,41.25428],[-90.551266,41.254105],[-90.551411,41.254012],[-90.55155,41.253914],[-90.551774,41.253781],[-90.551908,41.253685],[-90.552733,41.253038],[-90.554195,41.252058],[-90.555719,41.251669],[-90.556746,41.25142],[-90.557135,41.251187],[-90.557352,41.25075],[-90.557866,41.250596],[-90.558939,41.250269],[-90.559685,41.249989],[-90.560416,41.249958],[-90.561334,41.25002],[-90.562081,41.250145],[-90.562454,41.250145],[-90.562952,41.250456],[-90.563496,41.250985],[-90.564291,41.251978],[-90.564353,41.252017],[-90.564513,41.252095],[-90.564682,41.25216],[-90.564879,41.252259],[-90.565043,41.252328],[-90.565195,41.252415],[-90.565228,41.252441],[-90.565264,41.252507],[-90.565275,41.252542],[-90.565269,41.252577],[-90.565245,41.252608],[-90.56517,41.252651],[-90.565087,41.252687],[-90.565041,41.252697],[-90.565,41.252715],[-90.56498,41.252746],[-90.564964,41.252836],[-90.564993,41.252943],[-90.56501,41.252976],[-90.565163,41.253197],[-90.565304,41.253339],[-90.565418,41.253494],[-90.565457,41.253558],[-90.565489,41.253584],[-90.565597,41.253653],[-90.565678,41.253691],[-90.56577,41.253707],[-90.565814,41.253719],[-90.566053,41.253723],[-90.566237,41.253695],[-90.566283,41.253685],[-90.566325,41.253667],[-90.566457,41.253627],[-90.566541,41.253594],[-90.566714,41.253537],[-90.566921,41.25345],[-90.56718,41.25336],[-90.56745,41.253286],[-90.567545,41.253276],[-90.567638,41.25326],[-90.567771,41.253219],[-90.568019,41.25311],[-90.568098,41.25307],[-90.568247,41.25298],[-90.568421,41.252858],[-90.568452,41.252831],[-90.568588,41.252685],[-90.56862,41.252618],[-90.568664,41.252554],[-90.568679,41.252521],[-90.568789,41.252363],[-90.56889,41.252127],[-90.568968,41.251998],[-90.56906,41.251759],[-90.56908,41.251727],[-90.569095,41.251657],[-90.569095,41.251586],[-90.56902,41.251456],[-90.568817,41.251257],[-90.56872,41.251179],[-90.568547,41.251057],[-90.568507,41.251038],[-90.568416,41.251015],[-90.568369,41.251009],[-90.568226,41.251019],[-90.56818,41.251026],[-90.568132,41.251027],[-90.568084,41.251022],[-90.567954,41.250976],[-90.567884,41.25093],[-90.567869,41.250895],[-90.567862,41.25086],[-90.567861,41.250754],[-90.567896,41.250688],[-90.568001,41.250568],[-90.568033,41.250542],[-90.568225,41.250436],[-90.568268,41.250419],[-90.568403,41.250383],[-90.568541,41.250355],[-90.569061,41.250291],[-90.569204,41.250291],[-90.569488,41.25031],[-90.569629,41.250328],[-90.569716,41.250357],[-90.5698,41.250391],[-90.570077,41.250529],[-90.570191,41.250593],[-90.57031,41.250652],[-90.570477,41.250723],[-90.570513,41.250746],[-90.570725,41.250827],[-90.570814,41.250853],[-90.571048,41.250888],[-90.57113,41.250884],[-90.57146,41.250895],[-90.571602,41.250887],[-90.571646,41.250874],[-90.571929,41.250836],[-90.572071,41.250825],[-90.572308,41.25083],[-90.572638,41.250846],[-90.572683,41.250857],[-90.572857,41.250913],[-90.573044,41.250943],[-90.57333,41.250951],[-90.573567,41.250954],[-90.573758,41.250966],[-90.573948,41.250969],[-90.574187,41.250967],[-90.574281,41.250953],[-90.574373,41.250934],[-90.574412,41.250914],[-90.574456,41.250899],[-90.574599,41.250883],[-90.574694,41.250883],[-90.574788,41.250891],[-90.574834,41.250902],[-90.574876,41.250918],[-90.574965,41.250943],[-90.575055,41.250965],[-90.575096,41.250982],[-90.575604,41.251082],[-90.575737,41.251121],[-90.575778,41.251139],[-90.575822,41.251153],[-90.576185,41.251235],[-90.576328,41.251244],[-90.576375,41.251243],[-90.57647,41.251232],[-90.576562,41.251214],[-90.576736,41.25116],[-90.576777,41.251141],[-90.576866,41.251117],[-90.576913,41.251113],[-90.577577,41.251128],[-90.577719,41.251127],[-90.577814,41.25112],[-90.578241,41.251113],[-90.579666,41.251106],[-90.579856,41.251101],[-90.579999,41.251093],[-90.58027,41.251025],[-90.580533,41.250943],[-90.580575,41.250926],[-90.580695,41.250867],[-90.580904,41.25078],[-90.58098,41.250736],[-90.58115,41.250654],[-90.581185,41.25063],[-90.581267,41.250593],[-90.581311,41.250578],[-90.581433,41.250524],[-90.581522,41.250498],[-90.581739,41.250423],[-90.581987,41.250316],[-90.582164,41.250259],[-90.582367,41.250166],[-90.582502,41.250131],[-90.582677,41.250072],[-90.582803,41.25002],[-90.582882,41.24998],[-90.583055,41.24992],[-90.583254,41.249821],[-90.583464,41.249736],[-90.5835,41.249712],[-90.583619,41.249653],[-90.583661,41.249637],[-90.583937,41.249497],[-90.584084,41.249405],[-90.584315,41.249226],[-90.584397,41.249139],[-90.584457,41.249084],[-90.584539,41.248997],[-90.584744,41.248757],[-90.5848,41.2487],[-90.584953,41.248519],[-90.585151,41.24832],[-90.585232,41.248232],[-90.585251,41.248199],[-90.585353,41.248079],[-90.585422,41.247986],[-90.585454,41.24792],[-90.585613,41.24766],[-90.585643,41.247632],[-90.58566,41.247599],[-90.585716,41.247542],[-90.585905,41.24738],[-90.585979,41.247329],[-90.58598,41.247372],[-90.585985,41.247414],[-90.585984,41.247459],[-90.586076,41.250034],[-90.586139,41.250909],[-90.586247,41.251944],[-90.586645,41.2542],[-90.58678,41.254968],[-90.586823,41.255208],[-90.586877,41.255503],[-90.586931,41.255934],[-90.586937,41.255979],[-90.586969,41.256176],[-90.587048,41.256656],[-90.587287,41.258096],[-90.587367,41.258576],[-90.587449,41.259075],[-90.587695,41.260572],[-90.587744,41.260865],[-90.587794,41.261068],[-90.587936,41.261644],[-90.588009,41.261811],[-90.588108,41.262037],[-90.588259,41.262251],[-90.588324,41.262342],[-90.588494,41.262572],[-90.589505,41.263571],[-90.590039,41.264098],[-90.590057,41.264118],[-90.590474,41.264586],[-90.59073,41.265033],[-90.59075,41.265068],[-90.590874,41.265442],[-90.590939,41.265788],[-90.590954,41.266155],[-90.590884,41.268429],[-90.59085,41.269572],[-90.59081,41.271018],[-90.590691,41.275359],[-90.590652,41.276807],[-90.590603,41.278518],[-90.590547,41.280529],[-90.590448,41.283653],[-90.590398,41.285276],[-90.590395,41.285365],[-90.590315,41.288025],[-90.590219,41.291222],[-90.59007,41.296007],[-90.589988,41.298668],[-90.589964,41.299626],[-90.589931,41.300046],[-90.589893,41.300553],[-90.589756,41.301069],[-90.589541,41.301644],[-90.589266,41.302118],[-90.588199,41.303735],[-90.58744,41.304888],[-90.587391,41.304962],[-90.587137,41.305396],[-90.587057,41.305553],[-90.586868,41.30593],[-90.586664,41.306445],[-90.586239,41.307706],[-90.586163,41.307933],[-90.58599,41.308433],[-90.585936,41.308593],[-90.585776,41.309075],[-90.585515,41.309853],[-90.585461,41.310012],[-90.584674,41.31234],[-90.584412,41.313117],[-90.586266,41.31315],[-90.587108,41.313165],[-90.58899,41.313192],[-90.591831,41.313233],[-90.593687,41.313261],[-90.603795,41.313411],[-90.608727,41.313475],[-90.608484,41.318825],[-90.608449,41.319466],[-90.608421,41.319978],[-90.60841,41.320535],[-90.608383,41.321948],[-90.608376,41.322281],[-90.608186,41.327133],[-90.608119,41.328063],[-90.609667,41.328078],[-90.61133,41.328095],[-90.612268,41.328101],[-90.613304,41.328129],[-90.613707,41.328133],[-90.614215,41.328098],[-90.61431,41.328099],[-90.614703,41.328104],[-90.615858,41.328161],[-90.616227,41.328179],[-90.616994,41.328199],[-90.617579,41.328197],[-90.617713,41.328192],[-90.618218,41.328177],[-90.62328,41.328218],[-90.624215,41.328226],[-90.625136,41.328241],[-90.625587,41.328247],[-90.626439,41.328261],[-90.626929,41.328261],[-90.626942,41.328259],[-90.627279,41.328231],[-90.627393,41.328228],[-90.627502,41.328224],[-90.627599,41.328222],[-90.627816,41.32824],[-90.627828,41.32824],[-90.627938,41.328242],[-90.628033,41.32519],[-90.628053,41.323994],[-90.628157,41.320111],[-90.628282,41.313666],[-90.637125,41.31373],[-90.638323,41.313739],[-90.640279,41.313755],[-90.643195,41.313779],[-90.64615,41.313802],[-90.647095,41.31381],[-90.648107,41.313818],[-90.648121,41.312669],[-90.648161,41.309597],[-90.648165,41.309225],[-90.64818,41.308077],[-90.648189,41.307334],[-90.648218,41.305108],[-90.648228,41.304366],[-90.648241,41.303316],[-90.648254,41.302337],[-90.648273,41.300167],[-90.648283,41.299118],[-90.649257,41.299131],[-90.651004,41.29917],[-90.651807,41.299167],[-90.65338,41.299175],[-90.654014,41.299191],[-90.654553,41.299205],[-90.657116,41.299241],[-90.657675,41.299246],[-90.658403,41.299267],[-90.660238,41.29927],[-90.667937,41.299364],[-90.66794,41.299299],[-90.66796,41.293785],[-90.667975,41.292024],[-90.667976,41.291826],[-90.667988,41.288714],[-90.667997,41.288337],[-90.668006,41.287898],[-90.668036,41.286583],[-90.668043,41.286288],[-90.668043,41.286145],[-90.668044,41.285865],[-90.668047,41.285071],[-90.668046,41.285026],[-90.668043,41.284747],[-90.666363,41.284712],[-90.661323,41.28461],[-90.659643,41.284576],[-90.658399,41.284565],[-90.65467,41.284535],[-90.653427,41.284525],[-90.652432,41.284515],[-90.649449,41.284488],[-90.648455,41.284479],[-90.64847,41.284117],[-90.648491,41.283358],[-90.648515,41.28251],[-90.648517,41.281806],[-90.648491,41.279994],[-90.648485,41.279544],[-90.648498,41.278873],[-90.648591,41.278844],[-90.648678,41.278833],[-90.648809,41.278778],[-90.648911,41.278723],[-90.649027,41.278624],[-90.649071,41.278548],[-90.649115,41.278515],[-90.649115,41.278482],[-90.649217,41.278405],[-90.649319,41.278339],[-90.64961,41.278229],[-90.649799,41.278131],[-90.649799,41.27801],[-90.649843,41.277955],[-90.650017,41.277823],[-90.650119,41.277791],[-90.650338,41.277648],[-90.650381,41.277593],[-90.650425,41.277384],[-90.650513,41.277242],[-90.650585,41.277198],[-90.65076,41.277143],[-90.651015,41.277121],[-90.651175,41.277088],[-90.651248,41.277055],[-90.65151,41.276858],[-90.651844,41.276776],[-90.651946,41.276721],[-90.651979,41.276695],[-90.652033,41.276655],[-90.65215,41.27649],[-90.652485,41.276304],[-90.65266,41.276095],[-90.652761,41.27603],[-90.652921,41.275975],[-90.653038,41.275876],[-90.653227,41.275766],[-90.653387,41.275722],[-90.653693,41.2757],[-90.654646,41.275734],[-90.65482,41.275712],[-90.654922,41.275723],[-90.655068,41.27569],[-90.655184,41.27569],[-90.655286,41.275712],[-90.655548,41.275635],[-90.655766,41.275646],[-90.656043,41.275515],[-90.656188,41.275405],[-90.656348,41.275328],[-90.656785,41.275306],[-90.657091,41.275202],[-90.657265,41.27518],[-90.657527,41.275191],[-90.657702,41.275246],[-90.657862,41.275246],[-90.657935,41.275191],[-90.657964,41.275103],[-90.657949,41.275005],[-90.658022,41.274708],[-90.658153,41.274467],[-90.658422,41.274214],[-90.658597,41.274083],[-90.659005,41.273863],[-90.659208,41.273787],[-90.659252,41.273754],[-90.659398,41.27371],[-90.659776,41.273655],[-90.6611,41.273688],[-90.661376,41.273666],[-90.661609,41.273688],[-90.662468,41.273694],[-90.66254,41.273672],[-90.662773,41.273661],[-90.662977,41.273683],[-90.663312,41.273672],[-90.663799,41.273708],[-90.663894,41.273716],[-90.664141,41.273694],[-90.664745,41.273705],[-90.664919,41.273694],[-90.66524,41.273596],[-90.665472,41.273563],[-90.665676,41.273618],[-90.665953,41.273645],[-90.666491,41.273612],[-90.666695,41.273569],[-90.66684,41.273503],[-90.666942,41.273492],[-90.667262,41.273525],[-90.667495,41.273602],[-90.667946,41.273931],[-90.667998,41.273949],[-90.667999,41.273629],[-90.667999,41.273263],[-90.667999,41.271208],[-90.668,41.271082],[-90.667978,41.270524],[-90.667973,41.270265],[-90.667958,41.269489],[-90.667954,41.269231],[-90.667984,41.269057],[-90.667996,41.268923],[-90.668034,41.268506],[-90.668023,41.267995],[-90.668017,41.267685],[-90.668991,41.26766],[-90.670009,41.267588],[-90.675982,41.267168],[-90.677973,41.267028],[-90.678967,41.266969],[-90.680639,41.266871],[-90.681951,41.266797],[-90.682946,41.266742],[-90.68295,41.265943],[-90.682966,41.263548],[-90.682967,41.263419],[-90.682966,41.26275],[-90.682983,41.262138],[-90.682983,41.262016],[-90.682983,41.261281],[-90.682957,41.26073],[-90.682955,41.260249],[-90.682965,41.259816],[-90.682974,41.25946],[-90.682979,41.259083],[-90.68298,41.259023],[-90.682973,41.258745],[-90.68296,41.258434],[-90.682961,41.258373],[-90.682966,41.258125],[-90.682991,41.257741],[-90.682991,41.257418],[-90.682986,41.257096],[-90.683007,41.256655],[-90.682985,41.256409],[-90.682965,41.256246],[-90.682955,41.256162],[-90.682923,41.255715],[-90.682937,41.255586],[-90.682964,41.255548],[-90.683039,41.25553],[-90.683332,41.255512],[-90.683734,41.255503],[-90.683755,41.255503],[-90.683987,41.255503],[-90.684684,41.255516],[-90.685727,41.255512],[-90.686052,41.255515],[-90.68649,41.25552],[-90.686825,41.255534],[-90.686959,41.25554],[-90.687293,41.255544],[-90.687639,41.255544],[-90.687914,41.255544],[-90.689357,41.255535],[-90.690083,41.255538],[-90.690898,41.255542],[-90.691178,41.255546],[-90.69201,41.255549],[-90.692083,41.25555],[-90.6931,41.255571],[-90.695347,41.255593],[-90.696276,41.255603],[-90.69646,41.255596],[-90.696788,41.255584],[-90.697198,41.255584],[-90.697669,41.255591],[-90.697868,41.255582],[-90.698319,41.255571],[-90.698576,41.255571],[-90.698969,41.255573],[-90.699734,41.255588],[-90.700442,41.255595],[-90.701077,41.255601],[-90.702143,41.255602],[-90.703753,41.255622],[-90.704927,41.255627],[-90.705491,41.25563],[-90.706511,41.255629],[-90.707045,41.255635],[-90.707055,41.257516],[-90.707085,41.263162],[-90.707096,41.265044],[-90.707099,41.266777],[-90.7071,41.267319],[-90.707081,41.269055],[-90.70708,41.269491],[-90.707112,41.270562],[-90.707103,41.271242],[-90.707098,41.271978],[-90.707098,41.272157],[-90.707046,41.273712],[-90.706992,41.273712],[-90.70689,41.27369],[-90.706687,41.273591],[-90.706628,41.273591],[-90.706527,41.273613],[-90.706418,41.273668],[-90.706359,41.273745],[-90.706243,41.273822],[-90.706039,41.273822],[-90.705923,41.273723],[-90.705879,41.273514],[-90.705835,41.27347],[-90.705712,41.273383],[-90.70553,41.273383],[-90.705472,41.273437],[-90.705457,41.273569],[-90.705486,41.273624],[-90.705632,41.273701],[-90.705632,41.273734],[-90.705603,41.273756],[-90.705428,41.273767],[-90.705355,41.273811],[-90.705297,41.273877],[-90.705239,41.274008],[-90.705137,41.274074],[-90.705079,41.274085],[-90.704744,41.274052],[-90.704642,41.274107],[-90.70457,41.274195],[-90.704555,41.274284],[-90.704541,41.274371],[-90.704468,41.274535],[-90.704308,41.274535],[-90.704235,41.27448],[-90.704148,41.274338],[-90.704046,41.274277],[-90.703958,41.274277],[-90.703697,41.274354],[-90.703537,41.274376],[-90.703202,41.274354],[-90.703173,41.274332],[-90.702998,41.2743],[-90.702925,41.274322],[-90.702824,41.274409],[-90.702795,41.274453],[-90.702795,41.274574],[-90.702765,41.274673],[-90.702678,41.274739],[-90.702635,41.27475],[-90.702474,41.274717],[-90.702169,41.274486],[-90.702096,41.274453],[-90.702009,41.274453],[-90.701907,41.274497],[-90.701834,41.274596],[-90.701812,41.274936],[-90.701754,41.274969],[-90.701565,41.27498],[-90.701507,41.275002],[-90.701405,41.275079],[-90.701405,41.275112],[-90.701318,41.275189],[-90.701289,41.275189],[-90.701085,41.275255],[-90.700969,41.275321],[-90.700867,41.27543],[-90.700823,41.275518],[-90.700867,41.275639],[-90.7011,41.275826],[-90.701027,41.275924],[-90.700911,41.275957],[-90.700838,41.276034],[-90.700809,41.276309],[-90.70078,41.276386],[-90.700721,41.27644],[-90.70062,41.276484],[-90.700518,41.276484],[-90.700329,41.276408],[-90.700212,41.27643],[-90.700139,41.276462],[-90.699965,41.276594],[-90.699899,41.276671],[-90.699899,41.276781],[-90.699958,41.276836],[-90.700059,41.276891],[-90.70019,41.276912],[-90.700219,41.276934],[-90.70022,41.277006],[-90.700118,41.277039],[-90.70003,41.277116],[-90.700001,41.277203],[-90.699972,41.277566],[-90.699929,41.277642],[-90.699827,41.277697],[-90.699638,41.277686],[-90.699259,41.277752],[-90.699128,41.277818],[-90.698997,41.277939],[-90.698968,41.27806],[-90.699012,41.278181],[-90.699201,41.2784],[-90.699245,41.278466],[-90.699245,41.27851],[-90.699216,41.278565],[-90.699172,41.278587],[-90.69891,41.278565],[-90.698794,41.278631],[-90.698707,41.278718],[-90.698612,41.279004],[-90.698596,41.279017],[-90.698437,41.279147],[-90.698248,41.279136],[-90.698219,41.279114],[-90.698161,41.279114],[-90.698088,41.279081],[-90.697826,41.278872],[-90.697477,41.278724],[-90.697186,41.278702],[-90.697113,41.27868],[-90.696822,41.27868],[-90.696604,41.278647],[-90.695556,41.278592],[-90.695163,41.278483],[-90.695076,41.278483],[-90.695018,41.278603],[-90.695047,41.27868],[-90.695105,41.278724],[-90.695294,41.278746],[-90.695338,41.27879],[-90.695323,41.278878],[-90.695221,41.278966],[-90.695207,41.279152],[-90.695149,41.279185],[-90.695061,41.279196],[-90.695033,41.279217],[-90.695018,41.279229],[-90.695018,41.279295],[-90.695119,41.279394],[-90.69512,41.279449],[-90.695105,41.279504],[-90.694989,41.27958],[-90.694872,41.279679],[-90.694858,41.279712],[-90.694887,41.279822],[-90.69493,41.279877],[-90.694945,41.279976],[-90.694836,41.280206],[-90.694763,41.28025],[-90.69469,41.28025],[-90.694618,41.280239],[-90.694516,41.280184],[-90.694428,41.280184],[-90.694297,41.280239],[-90.694036,41.280294],[-90.693963,41.280327],[-90.693803,41.280503],[-90.693759,41.280525],[-90.69357,41.280514],[-90.693424,41.280601],[-90.693322,41.28059],[-90.693119,41.280623],[-90.693002,41.280689],[-90.692886,41.280799],[-90.692866,41.280843],[-90.692813,41.280964],[-90.692857,41.28104],[-90.693075,41.281194],[-90.693148,41.281271],[-90.693323,41.281622],[-90.693323,41.281779],[-90.694594,41.281783],[-90.696757,41.28179],[-90.696755,41.28344],[-90.696754,41.284712],[-90.696038,41.284708],[-90.693889,41.284699],[-90.693174,41.284696],[-90.693271,41.284839],[-90.693337,41.284937],[-90.693628,41.285234],[-90.69373,41.285464],[-90.693701,41.285541],[-90.693716,41.285651],[-90.693774,41.285706],[-90.69389,41.285761],[-90.694021,41.285876],[-90.694065,41.286063],[-90.694313,41.28626],[-90.694414,41.286282],[-90.694502,41.286348],[-90.694502,41.286447],[-90.694444,41.286644],[-90.694575,41.286765],[-90.69456,41.286809],[-90.694633,41.286886],[-90.694622,41.28698],[-90.694618,41.287018],[-90.694706,41.287127],[-90.694691,41.287182],[-90.694531,41.287281],[-90.694531,41.287314],[-90.694545,41.287347],[-90.69472,41.287446],[-90.694793,41.287512],[-90.694808,41.287616],[-90.694698,41.287671],[-90.694698,41.287704],[-90.6948,41.287813],[-90.694844,41.287923],[-90.694829,41.287978],[-90.694786,41.288],[-90.69464,41.287978],[-90.694596,41.288],[-90.694553,41.288088],[-90.694611,41.288187],[-90.694815,41.28834],[-90.6948,41.288461],[-90.694989,41.288571],[-90.694989,41.288659],[-90.694931,41.28879],[-90.694902,41.289021],[-90.694931,41.289262],[-90.694771,41.289416],[-90.694742,41.28957],[-90.694684,41.289614],[-90.694597,41.289614],[-90.694553,41.289647],[-90.694495,41.289723],[-90.694437,41.289888],[-90.694204,41.289976],[-90.694124,41.290119],[-90.693934,41.290207],[-90.693847,41.290294],[-90.693833,41.290371],[-90.693862,41.290448],[-90.694065,41.290607],[-90.694095,41.290673],[-90.694095,41.29109],[-90.693978,41.291167],[-90.693774,41.2912],[-90.693702,41.291244],[-90.693673,41.291299],[-90.693687,41.291463],[-90.693658,41.291529],[-90.693527,41.291617],[-90.693207,41.291606],[-90.693134,41.291628],[-90.693061,41.291705],[-90.693047,41.291793],[-90.69309,41.292001],[-90.693163,41.292089],[-90.693382,41.292221],[-90.693403,41.292309],[-90.693331,41.292375],[-90.693258,41.292375],[-90.693229,41.292396],[-90.693287,41.292517],[-90.693287,41.292583],[-90.693258,41.292693],[-90.693214,41.292759],[-90.6932,41.29311],[-90.693112,41.293165],[-90.693013,41.293173],[-90.692981,41.293176],[-90.692923,41.293231],[-90.692894,41.29333],[-90.692894,41.293417],[-90.692938,41.293577],[-90.692967,41.29361],[-90.692967,41.293697],[-90.692909,41.293851],[-90.692952,41.294016],[-90.692952,41.294136],[-90.692756,41.29485],[-90.692683,41.295004],[-90.692639,41.295048],[-90.69261,41.295168],[-90.692348,41.295454],[-90.692319,41.295596],[-90.692319,41.29575],[-90.692273,41.295891],[-90.693992,41.295888],[-90.695508,41.295885],[-90.69732,41.295883],[-90.697308,41.298262],[-90.697283,41.30311],[-90.696614,41.303114],[-90.693379,41.303138],[-90.693001,41.30314],[-90.692761,41.303142],[-90.692756,41.304035],[-90.692755,41.304413],[-90.692752,41.305958],[-90.692747,41.310594],[-90.692747,41.310832],[-90.691439,41.310833],[-90.690661,41.310832],[-90.688327,41.310829],[-90.68755,41.310828],[-90.687543,41.311477],[-90.687524,41.313427],[-90.687519,41.314077],[-90.687571,41.314077],[-90.687729,41.314079],[-90.687782,41.31408],[-90.689648,41.314088],[-90.691935,41.314099],[-90.69525,41.314095],[-90.696484,41.314094],[-90.697117,41.314087],[-90.698972,41.314101],[-90.699087,41.314102],[-90.704539,41.314107],[-90.706395,41.31411],[-90.706417,41.312643],[-90.706484,41.308242],[-90.706507,41.306776],[-90.709681,41.306772],[-90.71418,41.306767],[-90.718227,41.306769],[-90.719203,41.306773],[-90.720231,41.306779],[-90.721844,41.306767],[-90.722378,41.306765],[-90.723955,41.306759],[-90.72557,41.306754],[-90.728687,41.306771],[-90.729525,41.306776],[-90.729745,41.30677],[-90.72996,41.306759],[-90.730259,41.306704],[-90.730841,41.306683],[-90.731264,41.306678],[-90.731351,41.306677],[-90.734282,41.306703],[-90.735289,41.306713],[-90.735255,41.306831],[-90.735146,41.30744],[-90.735101,41.308148],[-90.735074,41.308582],[-90.735059,41.310302],[-90.744715,41.310518],[-90.744701,41.311112],[-90.744694,41.311274],[-90.744683,41.311504],[-90.744675,41.311697],[-90.744672,41.311842],[-90.744664,41.312194],[-90.744659,41.312425],[-90.744658,41.312438],[-90.744657,41.31248],[-90.744657,41.312494],[-90.744651,41.312761],[-90.744647,41.313541],[-90.744656,41.314065],[-90.744692,41.315414],[-90.744731,41.317521],[-90.744753,41.318338],[-90.744778,41.319049],[-90.744838,41.321687],[-90.744838,41.32382],[-90.744846,41.324986],[-90.74484,41.325349],[-90.744845,41.325461],[-90.744855,41.325945],[-90.744826,41.327057],[-90.74482,41.32754],[-90.744822,41.327844],[-90.744829,41.328808],[-90.745891,41.328813],[-90.746886,41.328818],[-90.749039,41.328829],[-90.749077,41.328829],[-90.75014,41.328834],[-90.75041,41.328837],[-90.751224,41.328849],[-90.751495,41.328853],[-90.751487,41.328073],[-90.751466,41.325733],[-90.751459,41.324954],[-90.751453,41.324912],[-90.751435,41.324786],[-90.75143,41.324745],[-90.752025,41.324754],[-90.753811,41.324783],[-90.754407,41.324793],[-90.754404,41.324352],[-90.754395,41.323029],[-90.754392,41.322589],[-90.754419,41.32168],[-90.756682,41.32168],[-90.756682,41.319487],[-90.763657,41.319447],[-90.763753,41.315659],[-90.763776,41.314302],[-90.764025,41.314306],[-90.764018,41.313115],[-90.764033,41.311205],[-90.764027,41.310528],[-90.764018,41.310299],[-90.763982,41.309041],[-90.763899,41.306706],[-90.763894,41.30619],[-90.763898,41.305673],[-90.76391,41.305047],[-90.763936,41.304421],[-90.76397,41.303916],[-90.763972,41.303785],[-90.763967,41.303392],[-90.763949,41.302897],[-90.763937,41.302402],[-90.763967,41.301767],[-90.763982,41.301463],[-90.763986,41.301418],[-90.764204,41.301391],[-90.764248,41.301358],[-90.764292,41.301227],[-90.764335,41.301172],[-90.764496,41.301051],[-90.764547,41.300908],[-90.764576,41.300886],[-90.764605,41.300755],[-90.764721,41.300689],[-90.765027,41.300667],[-90.765449,41.300513],[-90.766046,41.300371],[-90.766323,41.300256],[-90.76676,41.300223],[-90.766934,41.300179],[-90.766978,41.300212],[-90.766978,41.300355],[-90.767109,41.300454],[-90.767138,41.300607],[-90.767196,41.300651],[-90.767283,41.300662],[-90.767807,41.300635],[-90.767851,41.300668],[-90.767851,41.300745],[-90.767909,41.300767],[-90.767968,41.300767],[-90.768128,41.30069],[-90.768157,41.30069],[-90.768259,41.300756],[-90.768317,41.300756],[-90.76839,41.300701],[-90.768419,41.300591],[-90.768463,41.30057],[-90.76855,41.300613],[-90.768783,41.300614],[-90.76887,41.30057],[-90.768899,41.300416],[-90.768987,41.300361],[-90.76903,41.300372],[-90.769089,41.300438],[-90.769103,41.300526],[-90.76922,41.300603],[-90.769321,41.300564],[-90.769336,41.3004],[-90.769402,41.300345],[-90.769474,41.300323],[-90.769707,41.300334],[-90.769897,41.300301],[-90.769969,41.300279],[-90.770188,41.300148],[-90.770261,41.300137],[-90.770363,41.300137],[-90.770435,41.300159],[-90.770697,41.300269],[-90.770785,41.300258],[-90.77093,41.300181],[-90.771367,41.300077],[-90.771469,41.300132],[-90.771483,41.300219],[-90.771527,41.300252],[-90.771876,41.300187],[-90.771905,41.300209],[-90.771905,41.300362],[-90.771993,41.300417],[-90.772473,41.300406],[-90.77259,41.300368],[-90.772764,41.300346],[-90.772895,41.300291],[-90.772997,41.300204],[-90.77307,41.300182],[-90.773128,41.300215],[-90.773157,41.300379],[-90.773259,41.300467],[-90.77339,41.300467],[-90.773492,41.300412],[-90.773681,41.300292],[-90.773696,41.300259],[-90.773681,41.300171],[-90.773521,41.30005],[-90.773449,41.299962],[-90.773449,41.299885],[-90.773492,41.299765],[-90.773558,41.299688],[-90.77382,41.299534],[-90.773951,41.299479],[-90.773995,41.29949],[-90.774126,41.299589],[-90.77414,41.299655],[-90.774184,41.299688],[-90.774373,41.299666],[-90.774548,41.299705],[-90.774679,41.299639],[-90.774694,41.299485],[-90.774664,41.299364],[-90.774548,41.29926],[-90.774359,41.299172],[-90.774388,41.298985],[-90.774476,41.298909],[-90.774563,41.298876],[-90.774694,41.298766],[-90.774934,41.298711],[-90.774992,41.298717],[-90.775029,41.29875],[-90.774912,41.298848],[-90.774898,41.298903],[-90.774941,41.298936],[-90.775043,41.298925],[-90.775334,41.298783],[-90.775444,41.298761],[-90.775546,41.298761],[-90.775706,41.298794],[-90.775851,41.298794],[-90.776128,41.298739],[-90.776273,41.298728],[-90.776448,41.298805],[-90.776586,41.29892],[-90.776848,41.298964],[-90.777074,41.298942],[-90.777234,41.298899],[-90.7777,41.298855],[-90.777918,41.298789],[-90.778006,41.2988],[-90.778093,41.298882],[-90.778151,41.298882],[-90.778253,41.298817],[-90.77834,41.298696],[-90.778472,41.298619],[-90.778588,41.298685],[-90.778617,41.29874],[-90.778588,41.298926],[-90.778675,41.298992],[-90.778719,41.299003],[-90.778821,41.299003],[-90.779083,41.298828],[-90.779199,41.298784],[-90.779287,41.298795],[-90.779447,41.298894],[-90.779549,41.298916],[-90.779621,41.298905],[-90.779913,41.298801],[-90.780102,41.29879],[-90.780204,41.298812],[-90.780335,41.298878],[-90.780393,41.298889],[-90.780451,41.298823],[-90.780451,41.298713],[-90.780378,41.298592],[-90.780349,41.298493],[-90.780451,41.298362],[-90.780582,41.298296],[-90.780743,41.298285],[-90.780815,41.298263],[-90.780866,41.29823],[-90.780983,41.298054],[-90.781143,41.297912],[-90.781318,41.297868],[-90.781609,41.297923],[-90.781638,41.297901],[-90.781652,41.297835],[-90.78158,41.297725],[-90.78158,41.29767],[-90.781682,41.297583],[-90.781798,41.297528],[-90.781915,41.297517],[-90.782118,41.297676],[-90.782191,41.297698],[-90.782322,41.297698],[-90.782453,41.297654],[-90.782599,41.297709],[-90.782686,41.297698],[-90.78273,41.297665],[-90.782759,41.297577],[-90.782744,41.297523],[-90.782555,41.297391],[-90.782541,41.297358],[-90.782555,41.297281],[-90.782621,41.297204],[-90.782694,41.297149],[-90.782723,41.297072],[-90.782723,41.29693],[-90.782752,41.296897],[-90.78281,41.296886],[-90.782868,41.296842],[-90.78281,41.296732],[-90.782708,41.296611],[-90.782694,41.296567],[-90.782723,41.296534],[-90.782825,41.296491],[-90.782912,41.296491],[-90.78297,41.296535],[-90.78297,41.296699],[-90.783029,41.296754],[-90.783087,41.296765],[-90.783247,41.296655],[-90.783407,41.296601],[-90.783464,41.296561],[-90.783427,41.29781],[-90.78332,41.301557],[-90.783284,41.302807],[-90.783283,41.302916],[-90.783225,41.303631],[-90.783224,41.303934],[-90.783238,41.304158],[-90.78323,41.304304],[-90.783185,41.304606],[-90.783173,41.304815],[-90.783173,41.305155],[-90.783176,41.305232],[-90.783187,41.305489],[-90.78318,41.306002],[-90.783197,41.306328],[-90.783173,41.306857],[-90.783155,41.307075],[-90.783169,41.307243],[-90.783193,41.307445],[-90.78319,41.307576],[-90.783167,41.307939],[-90.783178,41.308304],[-90.783194,41.309001],[-90.783195,41.309138],[-90.783168,41.309887],[-90.78314,41.310837],[-90.783086,41.311757],[-90.783039,41.312518],[-90.783021,41.312828],[-90.782965,41.314184],[-90.782915,41.314947],[-90.784891,41.31499],[-90.790805,41.315122],[-90.79082,41.315122],[-90.792796,41.315186],[-90.794646,41.315245],[-90.799487,41.315402],[-90.800199,41.315425],[-90.80205,41.315485],[-90.802285,41.315483],[-90.803358,41.31551],[-90.8039,41.315525],[-90.805035,41.315549],[-90.806342,41.315571],[-90.807284,41.315606],[-90.807376,41.31561],[-90.808442,41.315641],[-90.808593,41.315644],[-90.80866,41.315585],[-90.808777,41.315497],[-90.808893,41.315448],[-90.809097,41.315426],[-90.809126,41.315404],[-90.809316,41.315371],[-90.809723,41.315349],[-90.809854,41.315261],[-90.809912,41.315173],[-90.809971,41.315129],[-90.810109,41.315075],[-90.810211,41.315075],[-90.810378,41.315151],[-90.810539,41.315173],[-90.81075,41.315069],[-90.810852,41.315036],[-90.81091,41.315036],[-90.811026,41.315069],[-90.811073,41.315069],[-90.811201,41.315069],[-90.811303,41.315124],[-90.811449,41.315157],[-90.811638,41.315179],[-90.811842,41.315179],[-90.811973,41.315157],[-90.812089,41.315058],[-90.812177,41.315036],[-90.812453,41.315097],[-90.812643,41.315042],[-90.812745,41.315053],[-90.812992,41.314998],[-90.813109,41.315075],[-90.81321,41.315064],[-90.813269,41.315031],[-90.8134,41.315031],[-90.813574,41.315129],[-90.813647,41.315129],[-90.813851,41.315091],[-90.814099,41.315113],[-90.8142,41.315036],[-90.814404,41.315058],[-90.814637,41.314872],[-90.814666,41.314872],[-90.814754,41.314926],[-90.814827,41.314937],[-90.814972,41.314751],[-90.81506,41.314696],[-90.815351,41.314652],[-90.815409,41.314608],[-90.815409,41.314553],[-90.815445,41.314531],[-90.81546,41.314454],[-90.815547,41.314454],[-90.815678,41.314493],[-90.816079,41.314701],[-90.816355,41.314679],[-90.816443,41.314712],[-90.816603,41.314734],[-90.81696,41.314624],[-90.81712,41.314592],[-90.817411,41.314597],[-90.817571,41.314674],[-90.817644,41.314685],[-90.817906,41.314641],[-90.818052,41.314652],[-90.818459,41.314784],[-90.818557,41.314803],[-90.818809,41.314855],[-90.819078,41.315042],[-90.81918,41.315063],[-90.819486,41.315064],[-90.819719,41.315151],[-90.819865,41.315173],[-90.82001,41.315157],[-90.820294,41.315036],[-90.820454,41.315003],[-90.820629,41.314762],[-90.820774,41.314674],[-90.820876,41.314641],[-90.820997,41.314651],[-90.821138,41.314663],[-90.82124,41.31463],[-90.821328,41.314553],[-90.821401,41.314246],[-90.821473,41.314147],[-90.821612,41.314059],[-90.821888,41.313949],[-90.821961,41.313894],[-90.821976,41.31385],[-90.821932,41.313741],[-90.821961,41.313719],[-90.822019,41.313708],[-90.822136,41.31373],[-90.822165,41.313708],[-90.822165,41.313554],[-90.822238,41.313488],[-90.822267,41.313323],[-90.822238,41.313192],[-90.822136,41.313093],[-90.822077,41.313049],[-90.821961,41.313049],[-90.821932,41.313027],[-90.821954,41.312763],[-90.82191,41.312401],[-90.821954,41.312149],[-90.821997,41.312094],[-90.822187,41.311973],[-90.822274,41.311962],[-90.822347,41.311995],[-90.82239,41.312028],[-90.82239,41.31205],[-90.822492,41.312116],[-90.822725,41.31205],[-90.8229,41.31205],[-90.822935,41.312041],[-90.823045,41.312017],[-90.823162,41.311962],[-90.823329,41.31183],[-90.823431,41.311814],[-90.823752,41.311858],[-90.82381,41.311847],[-90.823926,41.311759],[-90.823999,41.311737],[-90.824188,41.311759],[-90.824378,41.311583],[-90.824378,41.311561],[-90.824581,41.311386],[-90.8248,41.311265],[-90.824916,41.311265],[-90.824945,41.311243],[-90.825004,41.311166],[-90.825033,41.311023],[-90.825127,41.310935],[-90.8252,41.310903],[-90.825287,41.310903],[-90.82536,41.310924],[-90.825593,41.311062],[-90.825855,41.311084],[-90.825892,41.311106],[-90.826183,41.311138],[-90.826292,41.311095],[-90.826452,41.31093],[-90.826525,41.310908],[-90.826714,41.310919],[-90.826816,41.310798],[-90.826889,41.310743],[-90.827297,41.310661],[-90.827413,41.310595],[-90.827515,41.310562],[-90.827588,41.310551],[-90.827719,41.310595],[-90.827865,41.310617],[-90.828418,41.310595],[-90.828607,41.310639],[-90.828854,41.310666],[-90.828942,41.310666],[-90.828986,41.310644],[-90.829131,41.310611],[-90.829379,41.310589],[-90.829655,41.310424],[-90.829801,41.310424],[-90.830034,41.310501],[-90.830383,41.310523],[-90.830616,41.310627],[-90.831184,41.310682],[-90.831577,41.310803],[-90.831752,41.310825],[-90.831956,41.310962],[-90.832101,41.311017],[-90.832291,41.311182],[-90.832393,41.311203],[-90.832582,41.311324],[-90.832786,41.311412],[-90.832888,41.311511],[-90.833281,41.311791],[-90.833616,41.311824],[-90.833725,41.311966],[-90.833827,41.311966],[-90.834002,41.312098],[-90.834235,41.312125],[-90.834307,41.312147],[-90.834351,41.31218],[-90.834351,41.312356],[-90.834409,41.312422],[-90.834672,41.312597],[-90.834672,41.31263],[-90.834817,41.312751],[-90.834977,41.312828],[-90.835196,41.312872],[-90.83537,41.312887],[-90.835502,41.312899],[-90.835749,41.313042],[-90.836099,41.312965],[-90.836288,41.313053],[-90.836681,41.313074],[-90.836827,41.313124],[-90.836929,41.313179],[-90.837089,41.313212],[-90.837249,41.31331],[-90.837511,41.313343],[-90.837861,41.313486],[-90.838188,41.313568],[-90.838254,41.313568],[-90.838596,41.313689],[-90.838785,41.313788],[-90.839018,41.313788],[-90.839339,41.313941],[-90.839749,41.314052],[-90.839807,41.314067],[-90.839781,41.314495],[-90.839773,41.314645],[-90.839781,41.31507],[-90.83983,41.315325],[-90.839964,41.315583],[-90.840071,41.315703],[-90.840149,41.315791],[-90.840273,41.31591],[-90.840384,41.315995],[-90.840617,41.316131],[-90.840835,41.316225],[-90.841036,41.316289],[-90.841256,41.316339],[-90.84152,41.316366],[-90.842066,41.316391],[-90.842681,41.316421],[-90.843881,41.316468],[-90.845864,41.316555],[-90.847301,41.316602],[-90.847329,41.316603],[-90.848042,41.316639],[-90.848262,41.31666],[-90.84848,41.316703],[-90.848767,41.316789],[-90.849038,41.316917],[-90.849209,41.31703],[-90.849352,41.317144],[-90.849397,41.317187],[-90.849454,41.317253],[-90.849554,41.31737],[-90.84962,41.317462],[-90.849676,41.317557],[-90.849713,41.31764],[-90.849764,41.317828],[-90.849779,41.317933],[-90.849783,41.31829],[-90.849773,41.318777],[-90.849763,41.319315],[-90.849745,41.320229],[-90.849723,41.321378],[-90.849717,41.322397],[-90.849703,41.322672],[-90.849706,41.32281],[-90.849719,41.322928],[-90.849727,41.322972],[-90.849742,41.323045],[-90.849781,41.323177],[-90.849835,41.323305],[-90.84994,41.323487],[-90.849978,41.323541],[-90.850188,41.323739],[-90.850244,41.323772],[-90.850544,41.323968],[-90.850836,41.324091],[-90.851025,41.324152],[-90.851232,41.324187],[-90.851466,41.324212],[-90.852379,41.324262],[-90.852712,41.324272],[-90.852952,41.324293],[-90.853227,41.324348],[-90.853476,41.324423],[-90.853713,41.32453],[-90.85408,41.324768],[-90.854136,41.32511],[-90.854316,41.325338],[-90.854489,41.326068],[-90.85454,41.330699],[-90.854547,41.331256],[-90.854568,41.331986],[-90.854597,41.332903],[-90.854627,41.334233],[-90.854633,41.33447],[-90.854657,41.334928],[-90.854656,41.334982],[-90.854638,41.335694],[-90.854631,41.336008],[-90.85466,41.337833],[-90.854672,41.338547],[-90.853791,41.338538],[-90.853765,41.338538],[-90.853679,41.338536],[-90.850701,41.338492],[-90.849709,41.338478],[-90.849699,41.341382],[-90.849697,41.342125],[-90.849697,41.34845],[-90.849674,41.350094],[-90.849659,41.351186],[-90.849685,41.352998],[-90.853528,41.353089],[-90.864045,41.353339],[-90.865058,41.353354],[-90.868903,41.353411],[-90.868903,41.353335],[-90.868904,41.353108],[-90.868905,41.353033],[-90.868918,41.350212],[-90.868938,41.346208],[-90.868938,41.346151],[-90.868927,41.341749],[-90.868921,41.338929],[-90.870841,41.338975],[-90.87385,41.339048],[-90.876602,41.339156],[-90.878522,41.339233],[-90.878514,41.338353],[-90.878531,41.337759],[-90.878566,41.336602],[-90.878719,41.335171],[-90.878787,41.334556],[-90.87892,41.33336],[-90.87909,41.331768],[-90.879313,41.331778],[-90.887888,41.331958],[-90.894359,41.332151],[-90.894753,41.332163],[-90.895553,41.332164],[-90.897074,41.332166],[-90.897955,41.332168],[-90.898756,41.332171],[-90.899693,41.332174],[-90.902505,41.332183],[-90.903443,41.332186],[-90.90441,41.332191],[-90.907311,41.332208],[-90.908279,41.332214],[-90.908356,41.332212],[-90.908587,41.332208],[-90.908665,41.332207],[-90.910283,41.332215],[-90.915137,41.332239],[-90.916755,41.332248],[-90.917123,41.33225],[-90.918228,41.332256],[-90.918597,41.332258],[-90.918689,41.332258],[-90.919329,41.332256],[-90.92056,41.332253],[-90.921526,41.332257],[-90.922259,41.332261],[-90.923315,41.332266],[-90.923978,41.33227],[-90.926485,41.332277],[-90.927542,41.332281],[-90.927575,41.329068],[-90.927618,41.325052],[-90.927618,41.324401],[-90.927565,41.324248],[-90.927444,41.324111],[-90.926159,41.323169],[-90.925819,41.322913],[-90.925698,41.322755],[-90.925674,41.322664],[-90.925688,41.320916],[-90.92568,41.320349],[-90.925635,41.317137],[-90.927862,41.317191],[-90.928126,41.317197],[-90.929786,41.317237],[-90.933677,41.317269],[-90.935604,41.31728],[-90.938097,41.317296],[-90.938696,41.317299],[-90.939131,41.317302],[-90.940493,41.317316],[-90.941093,41.317323],[-90.942416,41.317337],[-90.943355,41.317347],[-90.946384,41.317431],[-90.946549,41.317436],[-90.947334,41.317432],[-90.947707,41.317405],[-90.948491,41.317386],[-90.948881,41.317378],[-90.950846,41.317403],[-90.951631,41.317413],[-90.952153,41.31742],[-90.954016,41.317464],[-90.956786,41.317531],[-90.95833,41.317526],[-90.960255,41.317497],[-90.961173,41.31747],[-90.961607,41.317458],[-90.963559,41.317433],[-90.964273,41.317424],[-90.965091,41.317393],[-90.966616,41.317337],[-90.967305,41.317338],[-90.968739,41.317363],[-90.969062,41.31736],[-90.969691,41.317362],[-90.970473,41.317365],[-90.971225,41.317353],[-90.972008,41.318533],[-90.972284,41.319042],[-90.972546,41.319713],[-90.972641,41.320089],[-90.972661,41.320166],[-90.972734,41.320679],[-90.972705,41.321628],[-90.972329,41.329384],[-90.97218,41.332485],[-90.980639,41.332507],[-90.983941,41.332532],[-90.983962,41.332533],[-90.991477,41.332613],[-90.992164,41.332618],[-90.996112,41.332648],[-91.000458,41.332679],[-91.001343,41.333353],[-91.001922,41.334102],[-91.002192,41.334616],[-91.002548,41.335023],[-91.003096,41.335429],[-91.003454,41.335746],[-91.003644,41.33603],[-91.004393,41.336098],[-91.00664,41.336305],[-91.00739,41.336374],[-91.007403,41.336517],[-91.007444,41.336948],[-91.007458,41.337092],[-91.007655,41.339183],[-91.007668,41.339315],[-91.007854,41.340319],[-91.008225,41.342326],[-91.008445,41.34339],[-91.008883,41.344849],[-91.008932,41.344994],[-91.009042,41.345323],[-91.009414,41.346429],[-91.009623,41.34734],[-91.014701,41.347389],[-91.015442,41.347397],[-91.019554,41.347425],[-91.02812,41.347484],[-91.029938,41.347491],[-91.035017,41.347514],[-91.037745,41.347507],[-91.045931,41.347488],[-91.04866,41.347482],[-91.048886,41.347481],[-91.049567,41.347479],[-91.049794,41.347479],[-91.049881,41.347479],[-91.049927,41.347479],[-91.049968,41.347479],[-91.050215,41.347478],[-91.050328,41.347478],[-91.050462,41.347478],[-91.051083,41.347476],[-91.052947,41.347472],[-91.053569,41.347471],[-91.053496,41.348265],[-91.053469,41.348563],[-91.05347,41.349083],[-91.053584,41.350651],[-91.053601,41.350874],[-91.05371,41.351438],[-91.053841,41.352118],[-91.054236,41.354158],[-91.054241,41.354181],[-91.054329,41.354845],[-91.054319,41.356317],[-91.054292,41.360732],[-91.054283,41.362205],[-91.054592,41.362213],[-91.055237,41.362231],[-91.055519,41.362248],[-91.055601,41.362253],[-91.055827,41.36228],[-91.056002,41.362093],[-91.056089,41.361973],[-91.056111,41.361962],[-91.056148,41.361918],[-91.05692,41.361336],[-91.057321,41.360996],[-91.057751,41.360584],[-91.057774,41.360555],[-91.057904,41.360403],[-91.058006,41.360222],[-91.05802,41.360134],[-91.058057,41.36009],[-91.058283,41.359338],[-91.058319,41.359267],[-91.058385,41.358932],[-91.058385,41.357746],[-91.058356,41.357214],[-91.05829,41.356637],[-91.05829,41.356374],[-91.058254,41.355473],[-91.058225,41.355386],[-91.058225,41.355023],[-91.058196,41.354727],[-91.058174,41.354677],[-91.058058,41.353986],[-91.057977,41.353261],[-91.057911,41.352893],[-91.057905,41.352855],[-91.057876,41.3528],[-91.057868,41.352663],[-91.057694,41.351807],[-91.057664,41.351763],[-91.057335,41.350355],[-91.057286,41.350143],[-91.057249,41.35005],[-91.057045,41.349062],[-91.056929,41.348667],[-91.056878,41.34854],[-91.056776,41.348112],[-91.056813,41.347212],[-91.056836,41.346856],[-91.056871,41.346345],[-91.056842,41.346114],[-91.056769,41.345796],[-91.056733,41.345582],[-91.05674,41.344868],[-91.056653,41.344319],[-91.056638,41.344066],[-91.056595,41.343732],[-91.056536,41.343496],[-91.056194,41.342656],[-91.05618,41.342568],[-91.05615,41.342524],[-91.056027,41.341997],[-91.056019,41.34186],[-91.055976,41.341552],[-91.055939,41.340998],[-91.055947,41.340762],[-91.055932,41.34063],[-91.055932,41.340202],[-91.055918,41.340158],[-91.055954,41.339412],[-91.055991,41.339186],[-91.056107,41.338714],[-91.056217,41.338385],[-91.056559,41.337589],[-91.056574,41.337523],[-91.056617,41.337468],[-91.057076,41.336524],[-91.057083,41.336499],[-91.057164,41.33625],[-91.057207,41.336184],[-91.057375,41.335756],[-91.05747,41.335443],[-91.05755,41.335273],[-91.057695,41.334834],[-91.057754,41.334608],[-91.057841,41.334081],[-91.057892,41.333714],[-91.057921,41.3335],[-91.057951,41.333456],[-91.057998,41.333119],[-91.060418,41.333162],[-91.062379,41.333195],[-91.063303,41.333214],[-91.065339,41.333246],[-91.0661,41.333262],[-91.066792,41.333271],[-91.07207,41.333361],[-91.07206,41.33282],[-91.072051,41.332279],[-91.072038,41.331546],[-91.072113,41.32957],[-91.07218,41.328537],[-91.072316,41.326465],[-91.072667,41.322997],[-91.072784,41.321417],[-91.072871,41.319941],[-91.072876,41.319829],[-91.073009,41.317094],[-91.073147,41.314924],[-91.073194,41.314092],[-91.073232,41.31344],[-91.073553,41.310481],[-91.073795,41.309308],[-91.073952,41.308543],[-91.074149,41.307594],[-91.074841,41.305578],[-91.075545,41.304433],[-91.075992,41.303715],[-91.077505,41.301828],[-91.079689,41.300079],[-91.081553,41.2987],[-91.082991,41.29755],[-91.084036,41.296717],[-91.086379,41.294854],[-91.08688,41.294371],[-91.087753,41.293129],[-91.089212,41.291209],[-91.090703,41.289097],[-91.092034,41.286911],[-91.093503,41.284],[-91.094162,41.282605],[-91.094652,41.281411],[-91.095365,41.279661],[-91.096426,41.277251],[-91.098035,41.273597],[-91.09894,41.271524],[-91.100099,41.26904],[-91.101142,41.267169],[-91.103153,41.264008],[-91.104462,41.262104],[-91.107325,41.258943],[-91.107448,41.258828],[-91.109368,41.257056],[-91.110304,41.256088],[-91.112783,41.252531],[-91.113832,41.25066],[-91.114186,41.250029],[-91.114182,41.249474],[-91.114177,41.248814],[-91.114172,41.248155],[-91.114162,41.24695],[-91.114153,41.245744],[-91.114137,41.24504],[-91.114074,41.244439],[-91.114008,41.243808],[-91.113934,41.243099],[-91.113657,41.241401],[-91.113331,41.240617],[-91.113062,41.239968],[-91.112348,41.239002],[-91.111871,41.238573],[-91.111836,41.238541],[-91.110743,41.237555],[-91.110422,41.237281],[-91.109582,41.236566],[-91.108782,41.235964],[-91.107813,41.235434],[-91.106215,41.234558],[-91.105832,41.234269],[-91.104426,41.233272],[-91.102997,41.232147],[-91.100856,41.230539],[-91.100845,41.230531],[-91.099993,41.229831],[-91.098937,41.228964],[-91.097477,41.2275],[-91.095675,41.225513],[-91.094718,41.224491],[-91.09399,41.223712],[-91.09303,41.222634],[-91.090186,41.220431],[-91.087076,41.218222],[-91.083497,41.215851],[-91.081452,41.214429],[-91.079529,41.212776],[-91.077767,41.211268],[-91.076005,41.209759],[-91.075725,41.209518],[-91.075445,41.209276],[-91.073979,41.20801],[-91.072984,41.207151],[-91.067832,41.2016],[-91.066866,41.200558],[-91.065899,41.199517],[-91.064819,41.198056],[-91.063758,41.19662],[-91.061475,41.193756],[-91.060343,41.192336],[-91.060306,41.19229],[-91.060268,41.192243],[-91.059847,41.19172],[-91.059841,41.191712],[-91.059414,41.191181],[-91.058362,41.189873],[-91.057981,41.1894],[-91.057866,41.189259],[-91.055068,41.185789],[-91.054349,41.184731],[-91.05151,41.180553],[-91.049815,41.178057],[-91.047991,41.175337],[-91.046392,41.172954],[-91.044756,41.170446],[-91.043894,41.169123],[-91.041875,41.166484],[-91.041557,41.166162],[-91.041196,41.166041],[-91.038592,41.165551],[-91.038408,41.165506],[-91.036923,41.165139],[-91.036464,41.165009],[-91.03588,41.164843],[-91.034424,41.164431],[-91.032192,41.164004],[-91.030045,41.163553],[-91.027231,41.163383],[-91.025446,41.163464],[-91.024086,41.163625],[-91.022365,41.164036],[-91.020196,41.164646],[-91.020021,41.164687],[-91.019825,41.164732],[-91.01905,41.164912],[-91.017839,41.165163],[-91.016554,41.165315],[-91.015076,41.165516],[-91.01445,41.165616],[-91.013451,41.165779],[-91.01257,41.165924],[-91.011463,41.166044],[-91.010441,41.166154],[-91.009607,41.166245],[-91.009435,41.16624],[-91.008112,41.166201],[-91.007594,41.166187],[-91.006486,41.165913],[-91.005505,41.165624],[-91.004326,41.165108],[-91.003475,41.164736],[-91.003105,41.164602],[-91.001718,41.164084],[-91.000813,41.163687],[-91.000149,41.163396],[-90.997905,41.162562],[-90.997054,41.162003],[-90.994963,41.16063],[-90.994391,41.160119],[-90.992551,41.158475],[-90.992193,41.158156],[-90.990867,41.156872],[-90.990612,41.156625],[-90.989662,41.155707],[-90.987878,41.15327],[-90.986069,41.150608],[-90.986057,41.15058],[-90.985863,41.150174],[-90.985526,41.149466],[-90.984996,41.148353],[-90.984958,41.148274],[-90.984657,41.147785],[-90.983268,41.145529],[-90.983064,41.145229],[-90.981597,41.143073],[-90.981327,41.142675],[-90.979077,41.139775],[-90.977542,41.138242],[-90.977275,41.137976],[-90.977009,41.137711],[-90.976429,41.137131],[-90.97493,41.13527],[-90.97333,41.133285],[-90.970856,41.130109],[-90.970721,41.12988],[-90.970384,41.129306],[-90.969347,41.127388],[-90.968999,41.126382],[-90.968851,41.125653],[-90.968662,41.125254],[-90.968607,41.125138],[-90.968552,41.125022],[-90.967949,41.123778],[-90.967412,41.12267],[-90.967346,41.122533],[-90.966627,41.121046],[-90.965908,41.119559],[-90.965218,41.118912],[-90.964528,41.118266],[-90.963526,41.117327],[-90.962708,41.116561],[-90.962523,41.116387],[-90.961662,41.11558],[-90.960802,41.114774],[-90.959502,41.11341],[-90.958643,41.11251],[-90.958201,41.112047],[-90.957265,41.111067],[-90.954444,41.107426],[-90.952739,41.105227],[-90.952324,41.104691],[-90.950844,41.10274],[-90.950453,41.102214],[-90.949752,41.101271],[-90.949316,41.100611],[-90.949178,41.100403],[-90.949066,41.100234],[-90.948955,41.100065],[-90.948815,41.09986],[-90.948395,41.099245],[-90.948256,41.099041],[-90.947722,41.098246],[-90.946625,41.096628],[-90.946444,41.095687],[-90.94626,41.09473],[-90.946328,41.094448],[-90.946731,41.092768],[-90.947476,41.090507],[-90.9479,41.088106],[-90.948027,41.087392],[-90.948161,41.085574],[-90.948162,41.085563],[-90.948178,41.085203],[-90.948217,41.084411],[-90.948309,41.082693],[-90.948397,41.081075],[-90.948715,41.078364],[-90.948871,41.07737],[-90.949064,41.07614],[-90.949208,41.075212],[-90.949256,41.074909],[-90.949322,41.074484],[-90.949328,41.074346],[-90.94939,41.072783],[-90.949381,41.07271],[-90.949322,41.072212],[-90.949147,41.070721],[-90.949135,41.07061],[-90.948989,41.07025],[-90.947139,41.065713],[-90.946024,41.063644],[-90.945549,41.06173],[-90.945613,41.060336],[-90.945933,41.057594],[-90.945999,41.056336],[-90.944577,41.052255],[-90.943652,41.048637],[-90.94395,41.045154],[-90.943739,41.043101],[-90.94297,41.040747],[-90.94232,41.038472],[-90.942253,41.034702],[-90.943232,41.029581],[-90.943826,41.026473],[-90.943893,41.026121],[-90.943947,41.025842],[-90.945324,41.019279],[-90.945427,41.015548],[-90.945054,41.011917],[-90.945949,41.006495],[-90.947859,41.001499],[-90.948453,41.000036],[-90.948763,40.998779],[-90.949634,40.995248],[-90.951811,40.991407],[-90.955201,40.986805],[-90.95546,40.986185],[-90.958142,40.979767],[-90.958089,40.976643],[-90.956827,40.973562],[-90.955111,40.969858],[-90.952715,40.962087],[-90.951967,40.958238],[-90.95215,40.95535],[-90.952233,40.954047],[-90.952311,40.953843],[-90.953542,40.95062],[-90.953587,40.950502],[-90.953891,40.94991],[-90.957215,40.943431],[-90.957249,40.94336],[-90.959947,40.937736],[-90.960462,40.936356],[-90.961112,40.933537],[-90.961892,40.928473],[-90.96256,40.925831],[-90.962916,40.924957],[-90.965344,40.921633],[-90.968995,40.919127],[-90.973985,40.917392],[-90.97919,40.915522],[-90.985462,40.912141],[-90.992922,40.909681],[-90.995569,40.909136],[-90.9985,40.90812],[-91.000142,40.90733],[-91.001684,40.906385],[-91.003536,40.905146],[-91.005022,40.904119],[-91.007519,40.902092],[-91.009536,40.900565],[-91.011798,40.898437],[-91.011941,40.898302],[-91.012135,40.898121],[-91.01324,40.896622],[-91.013899,40.895619],[-91.015008,40.893933],[-91.01613,40.892161],[-91.0174,40.890224],[-91.01758,40.88995],[-91.018075,40.889128],[-91.019541,40.886675],[-91.020013,40.885965],[-91.02035,40.885567],[-91.02095,40.884834],[-91.021562,40.884021],[-91.022337,40.883468],[-91.023192,40.882775],[-91.024518,40.881699],[-91.026321,40.880237],[-91.026853,40.87964],[-91.027489,40.879173],[-91.027899,40.87895],[-91.028154,40.878812],[-91.029075,40.878373],[-91.030371,40.877771],[-91.031066,40.877466],[-91.032459,40.876808],[-91.034552,40.876039],[-91.036789,40.875038],[-91.039097,40.873565],[-91.041998,40.871097],[-91.044653,40.868356],[-91.047344,40.864654],[-91.050241,40.858514],[-91.051656,40.856038],[-91.052778,40.854015],[-91.054269,40.851747],[-91.05643,40.848387],[-91.058749,40.846309],[-91.062226,40.844645],[-91.067159,40.841997],[-91.071451,40.838682],[-91.077521,40.833405],[-91.078285,40.832838],[-91.081307,40.8306],[-91.08501,40.828135],[-91.090072,40.824638],[-91.091228,40.823229],[-91.091569,40.822813],[-91.092993,40.821079],[-91.093559,40.819862],[-91.095367,40.815974],[-91.096683,40.812189],[-91.096703,40.81213],[-91.096713,40.812102],[-91.096742,40.812014],[-91.096946,40.811403],[-91.097456,40.808865],[-91.097553,40.808433],[-91.097649,40.805575],[-91.097319,40.804127],[-91.097031,40.802471],[-91.095742,40.7998],[-91.095524,40.799348],[-91.094728,40.797833],[-91.094723,40.797824],[-91.094639,40.797663],[-91.094625,40.797636],[-91.09462,40.797627],[-91.094503,40.797404],[-91.094331,40.797078],[-91.094144,40.796731],[-91.093193,40.794962],[-91.093128,40.794841],[-91.092613,40.793702],[-91.092256,40.792909],[-91.091917,40.791397],[-91.091664,40.790265],[-91.091607,40.789789],[-91.091246,40.786724],[-91.091262,40.78306],[-91.091332,40.782529],[-91.091628,40.780275],[-91.091703,40.779708],[-91.092476,40.776838],[-91.093426,40.774306],[-91.093536,40.774016],[-91.094773,40.770926],[-91.096133,40.767134],[-91.098105,40.763233],[-91.100485,40.760017],[-91.102486,40.757076],[-91.105227,40.754107],[-91.105473,40.753838],[-91.10613,40.753117],[-91.107318,40.751981],[-91.1082,40.750935],[-91.108566,40.750376],[-91.108765,40.75004],[-91.110424,40.745528],[-91.114249,40.730864],[-91.115735,40.725168],[-91.11569,40.723938],[-91.115158,40.721895],[-91.114473,40.720624],[-91.113885,40.719532],[-91.111095,40.708282],[-91.110927,40.703262],[-91.11194,40.697018],[-91.112467,40.696301],[-91.113321,40.695142],[-91.115407,40.691825],[-91.117831,40.683431],[-91.119632,40.675892],[-91.12082,40.672777],[-91.122421,40.670675],[-91.123928,40.669152],[-91.125144,40.668738],[-91.128415,40.666762],[-91.133478,40.663678],[-91.138055,40.660893],[-91.144963,40.657632],[-91.154293,40.653596],[-91.15912,40.651139],[-91.163471,40.648925],[-91.1751,40.643027],[-91.185295,40.637803],[-91.18698,40.637297],[-91.192558,40.636508],[-91.195505,40.636287],[-91.197906,40.636107],[-91.202384,40.636594],[-91.211352,40.637882],[-91.218437,40.638437],[-91.2246,40.638473],[-91.228188,40.638309],[-91.23244,40.638115],[-91.247851,40.63839],[-91.250148,40.638175],[-91.251001,40.63816],[-91.251868,40.638113],[-91.253074,40.637962],[-91.255402,40.63745],[-91.256128,40.637273],[-91.256788,40.637113],[-91.258249,40.636672],[-91.259932,40.635981],[-91.262528,40.634752],[-91.26368,40.634305],[-91.263831,40.634246],[-91.264326,40.63409],[-91.264953,40.633893],[-91.26636,40.633588],[-91.268116,40.633325],[-91.269787,40.633142],[-91.271479,40.632951],[-91.273139,40.632752],[-91.276175,40.63224],[-91.279444,40.631503],[-91.282205,40.630894],[-91.284142,40.63042],[-91.28667,40.6299],[-91.290351,40.629275],[-91.293291,40.628731],[-91.295523,40.628347],[-91.296037,40.628252],[-91.296989,40.628082],[-91.297021,40.628076],[-91.297099,40.628062],[-91.297152,40.628052],[-91.297252,40.628034],[-91.297394,40.627995],[-91.298134,40.627883],[-91.300936,40.627372],[-91.303486,40.626923],[-91.305043,40.626615],[-91.306568,40.626219],[-91.307937,40.625814],[-91.309077,40.625433],[-91.310048,40.625041],[-91.339719,40.613488],[-91.34127,40.612835],[-91.348733,40.609695],[-91.353989,40.606553],[-91.354874,40.605892],[-91.357058,40.604263],[-91.359873,40.601805],[-91.364667,40.595505],[-91.364752,40.595395],[-91.369661,40.588822],[-91.37114,40.586841],[-91.374252,40.58259],[-91.375152,40.581279],[-91.379752,40.57445],[-91.381192,40.573234],[-91.381964,40.572738],[-91.385219,40.570646],[-91.388179,40.568608],[-91.401482,40.559458],[-91.405241,40.554641],[-91.406331,40.551934],[-91.406373,40.551831],[-91.406851,40.547557],[-91.406202,40.542698],[-91.404125,40.539127],[-91.403077,40.538406],[-91.400725,40.536789],[-91.394475,40.534543],[-91.388067,40.533069],[-91.384531,40.530948],[-91.381857,40.528247],[-91.377689,40.523032],[-91.375152,40.519858],[-91.369059,40.512532],[-91.368517,40.511591],[-91.367876,40.510479],[-91.366846,40.507743],[-91.366489,40.506795],[-91.364211,40.500043],[-91.363879,40.498062],[-91.363683,40.494211],[-91.363744,40.493124],[-91.363748,40.493052],[-91.36391,40.490122],[-91.364915,40.484168],[-91.366463,40.478869],[-91.36747,40.476227],[-91.368074,40.474642],[-91.369572,40.47138],[-91.371649,40.468185],[-91.371981,40.467631],[-91.373267,40.465495],[-91.373855,40.464557],[-91.374208,40.463993],[-91.375152,40.461983],[-91.376695,40.459234],[-91.378144,40.456394],[-91.379907,40.45211],[-91.380037,40.451697],[-91.381045,40.44849],[-91.381468,40.44604],[-91.381769,40.442555],[-91.38155,40.438885],[-91.381503,40.438092],[-91.381457,40.437308],[-91.380965,40.435395],[-91.380177,40.432904],[-91.379635,40.431497],[-91.378844,40.429441],[-91.377738,40.426622],[-91.377625,40.426335],[-91.376515,40.424321],[-91.375151,40.421656],[-91.373721,40.417891],[-91.37328,40.416496],[-91.372826,40.414279],[-91.37245,40.411475],[-91.372402,40.408729],[-91.372392,40.40726],[-91.372379,40.405379],[-91.372399,40.4044],[-91.372435,40.40277],[-91.372554,40.4012],[-91.372921,40.399108],[-91.372937,40.399065],[-91.374955,40.393691],[-91.375151,40.393172],[-91.375429,40.392719],[-91.375712,40.391925],[-91.376397,40.391256],[-91.37647,40.391188],[-91.376652,40.391018],[-91.376736,40.390939],[-91.376911,40.390776],[-91.377672,40.390213],[-91.378422,40.38967],[-91.379943,40.388944],[-91.381958,40.387632],[-91.384201,40.38643],[-91.38836,40.384929],[-91.390073,40.38446],[-91.391613,40.384038],[-91.392179,40.383942],[-91.396996,40.383127],[-91.402392,40.382692],[-91.411037,40.382413],[-91.413011,40.382277],[-91.414338,40.38195],[-91.415051,40.381747],[-91.415695,40.381381],[-91.417066,40.380402],[-91.418957,40.3787],[-91.419422,40.378264],[-91.419809,40.377901],[-91.420174,40.37756],[-91.421973,40.375876],[-91.422862,40.375044],[-91.426632,40.371988],[-91.428267,40.371056],[-91.429442,40.370386],[-91.431089,40.369736],[-91.43172,40.369487],[-91.433113,40.368972],[-91.433588,40.368796],[-91.434063,40.368621],[-91.434597,40.368424],[-91.435689,40.368021],[-91.436834,40.367598],[-91.437049,40.36751],[-91.439342,40.366569],[-91.441586,40.365372],[-91.443158,40.36434],[-91.44477,40.363214],[-91.444818,40.363177],[-91.444862,40.363143],[-91.444973,40.363042],[-91.445079,40.362945],[-91.445413,40.362641],[-91.446308,40.361823],[-91.447835,40.359129],[-91.448378,40.358495],[-91.449494,40.357193],[-91.45087,40.355338],[-91.452237,40.35367],[-91.454076,40.351861],[-91.455516,40.35016],[-91.456855,40.34864],[-91.457022,40.34845],[-91.45719,40.348259],[-91.4573,40.348134],[-91.458006,40.347379],[-91.458824,40.346505],[-91.46214,40.342414],[-91.462322,40.342134],[-91.46397,40.339597],[-91.465662,40.336515],[-91.466603,40.334461],[-91.466999,40.333285],[-91.467021,40.33322],[-91.467043,40.333156],[-91.467138,40.332877],[-91.468625,40.326504],[-91.469104,40.324429],[-91.469656,40.322409],[-91.470692,40.320045],[-91.470783,40.319838],[-91.471137,40.318991],[-91.471826,40.31734],[-91.473091,40.315002],[-91.475043,40.31161],[-91.477083,40.308254],[-91.479647,40.304547],[-91.481363,40.302242],[-91.48245,40.300583],[-91.483741,40.298086],[-91.484226,40.296493],[-91.486078,40.293426],[-91.487322,40.291184],[-91.48825,40.289201],[-91.488553,40.288556],[-91.489325,40.287084],[-91.489868,40.286048],[-91.490901,40.283535],[-91.490971,40.283364],[-91.491496,40.281664],[-91.49176,40.280811],[-91.492727,40.278217],[-91.493061,40.275262],[-91.493007,40.272609],[-91.492891,40.269923],[-91.49204,40.267427],[-91.490525,40.264814],[-91.489969,40.26234],[-91.490524,40.259498],[-91.490698,40.259149],[-91.490762,40.259018],[-91.490827,40.258888],[-91.491735,40.257063],[-91.49325,40.254642],[-91.494128,40.253377],[-91.494746,40.252488],[-91.495252,40.251767],[-91.495717,40.251103],[-91.496182,40.250439],[-91.496447,40.250062],[-91.496459,40.250045],[-91.496776,40.249687],[-91.496798,40.249662],[-91.496966,40.249374],[-91.497108,40.24913],[-91.497245,40.248813],[-91.497266,40.248763],[-91.497496,40.248236],[-91.497665,40.248009],[-91.498104,40.247422],[-91.498869,40.246715],[-91.499251,40.246519],[-91.499703,40.246286],[-91.500155,40.246054],[-91.500855,40.245722],[-91.501766,40.244986],[-91.502551,40.244379],[-91.503231,40.243474],[-91.503752,40.242626],[-91.503994,40.242196],[-91.50404,40.242115],[-91.504079,40.241981],[-91.504337,40.241584],[-91.504786,40.240722],[-91.504869,40.240606],[-91.50493,40.240494],[-91.505048,40.240278],[-91.505165,40.240062],[-91.505209,40.239982],[-91.505252,40.239903],[-91.505768,40.238961],[-91.505828,40.238839],[-91.505877,40.238656],[-91.506079,40.237894],[-91.506281,40.237133],[-91.506501,40.236304],[-91.506287,40.235501],[-91.505968,40.234305],[-91.504289,40.231712],[-91.504287,40.231487],[-91.504272,40.229564],[-91.504258,40.22764],[-91.504246,40.22605],[-91.504248,40.225971],[-91.504282,40.224299],[-91.504615,40.223484],[-91.504833,40.222494],[-91.505193,40.220861],[-91.506159,40.218254],[-91.506947,40.21555],[-91.507063,40.21296],[-91.507269,40.209338],[-91.507019,40.206927],[-91.506664,40.204758],[-91.506376,40.203735],[-91.505834,40.201808],[-91.505346,40.200486],[-91.505061,40.199925],[-91.504754,40.199318],[-91.504477,40.198262],[-91.504509,40.198094],[-91.504765,40.196737],[-91.504879,40.19656],[-91.505495,40.195606],[-91.507565,40.193302],[-91.509551,40.191338],[-91.511073,40.188794],[-91.512316,40.184717],[-91.512833,40.181841],[-91.512974,40.181062],[-91.513079,40.178537],[-91.512796,40.175868],[-91.512706,40.175335],[-91.512302,40.172941],[-91.511956,40.170441],[-91.509193,40.161212],[-91.508969,40.160293],[-91.508224,40.157665],[-91.508324,40.156326],[-91.509101,40.154951],[-91.509678,40.153928],[-91.510775,40.151255],[-91.510858,40.15105],[-91.51159,40.149269],[-91.511749,40.147091],[-91.511647,40.145107],[-91.511511,40.144311],[-91.511336,40.143277],[-91.511426,40.141907],[-91.51148,40.141102],[-91.511484,40.14103],[-91.511498,40.140814],[-91.511504,40.140743],[-91.51158,40.140071],[-91.511676,40.139227],[-91.511626,40.138637],[-91.511621,40.138578],[-91.511618,40.138437],[-91.511581,40.138054],[-91.511544,40.137662],[-91.51146,40.137394],[-91.511273,40.136803],[-91.511056,40.136115],[-91.510816,40.135006],[-91.510746,40.13468],[-91.510711,40.134397],[-91.510699,40.134303],[-91.510665,40.134021],[-91.510654,40.133927],[-91.510551,40.133083],[-91.51053,40.132827],[-91.510511,40.132605],[-91.510386,40.131115],[-91.510401,40.130465],[-91.510413,40.129954],[-91.510351,40.128626],[-91.510322,40.127994],[-91.510518,40.127326],[-91.510588,40.127086],[-91.510642,40.126904],[-91.510839,40.126137],[-91.510604,40.125045],[-91.510061,40.123782],[-91.509963,40.123556],[-91.509884,40.12337],[-91.509245,40.121876],[-91.508731,40.120479],[-91.50824,40.118945],[-91.508183,40.118687],[-91.507953,40.117636],[-91.507855,40.117186],[-91.507483,40.115145],[-91.507341,40.114467],[-91.507121,40.113415],[-91.506795,40.111853],[-91.506689,40.111268],[-91.506453,40.109966],[-91.506006,40.108126],[-91.505484,40.106512],[-91.505309,40.10597],[-91.505118,40.105232],[-91.505036,40.104918],[-91.504851,40.104203],[-91.504363,40.102837],[-91.504245,40.102507],[-91.504063,40.102056],[-91.503443,40.100513],[-91.503067,40.099756],[-91.502696,40.099007],[-91.502617,40.098848],[-91.502211,40.097839],[-91.50201,40.097338],[-91.501434,40.095852],[-91.501213,40.094706],[-91.501171,40.094214],[-91.501064,40.092954],[-91.501011,40.092328],[-91.500823,40.090956],[-91.500512,40.089735],[-91.500154,40.088325],[-91.500143,40.088279],[-91.498145,40.080207],[-91.497663,40.078257],[-91.497284,40.077052],[-91.495365,40.070951],[-91.492129,40.063409],[-91.491019,40.060823],[-91.490848,40.060423],[-91.490676,40.060023],[-91.490085,40.058646],[-91.489976,40.058367],[-91.489731,40.057742],[-91.489606,40.057435],[-91.489585,40.057153],[-91.489734,40.056427],[-91.491512,40.050195],[-91.49289,40.045367],[-91.493048,40.044673],[-91.493888,40.041316],[-91.49479,40.037716],[-91.494865,40.037421],[-91.494981,40.036945],[-91.494965,40.03687],[-91.494878,40.036453],[-91.49318,40.033463],[-91.491246,40.030059],[-91.488131,40.024576],[-91.488117,40.024551],[-91.488075,40.024477],[-91.488061,40.024453],[-91.487351,40.023201],[-91.487122,40.022692],[-91.486579,40.0222],[-91.485683,40.021378],[-91.485284,40.021012],[-91.484064,40.019332],[-91.479702,40.012667],[-91.479509,40.012372],[-91.477298,40.008993],[-91.476777,40.008363],[-91.476567,40.008042],[-91.47636,40.007725],[-91.476062,40.006939],[-91.476048,40.006902],[-91.475653,40.00582],[-91.474581,40.003494],[-91.474051,40.002283],[-91.473488,40.001387],[-91.472613,40.000045],[-91.471715,39.998742],[-91.470174,39.996698],[-91.469722,39.99603],[-91.469247,39.995327],[-91.46849,39.993742],[-91.467739,39.991864],[-91.467294,39.990631],[-91.467003,39.989041],[-91.466898,39.988461],[-91.466682,39.987253],[-91.466042,39.985477],[-91.465315,39.983995],[-91.464692,39.983129],[-91.464239,39.982499],[-91.463683,39.981845],[-91.463041,39.981471],[-91.462762,39.981324],[-91.46139,39.98093],[-91.460287,39.980333],[-91.459533,39.979892],[-91.458988,39.97919],[-91.458852,39.979015],[-91.457868,39.977537],[-91.457191,39.975769],[-91.455869,39.973593],[-91.454647,39.971306],[-91.453126,39.969288],[-91.451316,39.967193],[-91.449806,39.965278],[-91.448862,39.963371],[-91.447704,39.960618],[-91.447514,39.960165],[-91.447236,39.959502],[-91.445267,39.956477],[-91.443447,39.953675],[-91.44156,39.951299],[-91.439912,39.949374],[-91.439319,39.948679],[-91.439108,39.948465],[-91.43709,39.946417],[-91.436482,39.945955],[-91.435517,39.945222],[-91.435319,39.945072],[-91.432971,39.943417],[-91.43286,39.943339],[-91.430657,39.941901],[-91.430186,39.94156],[-91.430014,39.941436],[-91.429371,39.94097],[-91.429055,39.940741],[-91.427499,39.93954],[-91.427232,39.939264],[-91.426507,39.938514],[-91.425782,39.937765],[-91.425675,39.937639],[-91.424638,39.93642],[-91.424108,39.93575],[-91.423856,39.935431],[-91.423484,39.934978],[-91.42324,39.934685],[-91.423132,39.934542],[-91.423023,39.934399],[-91.421919,39.933074],[-91.421869,39.933014],[-91.42183,39.93297],[-91.421266,39.932096],[-91.420977,39.931622],[-91.420735,39.931226],[-91.420688,39.931149],[-91.420219,39.930038],[-91.419945,39.929294],[-91.41936,39.927717],[-91.419074,39.925739],[-91.419037,39.925422],[-91.418861,39.923835],[-91.418807,39.922126],[-91.41886,39.921681],[-91.418892,39.921408],[-91.418925,39.921136],[-91.419023,39.920309],[-91.419226,39.919233],[-91.419359,39.918526],[-91.41988,39.916533],[-91.420087,39.916188],[-91.420178,39.916035],[-91.420878,39.914865],[-91.421481,39.914284],[-91.421641,39.91413],[-91.421801,39.913976],[-91.42241,39.91339],[-91.42302,39.912805],[-91.423214,39.912618],[-91.423409,39.912432],[-91.423708,39.912145],[-91.427735,39.908755],[-91.428956,39.907729],[-91.431113,39.905689],[-91.431856,39.904987],[-91.434413,39.902425],[-91.436673,39.90031],[-91.438095,39.898979],[-91.441043,39.896149],[-91.441086,39.896104],[-91.443513,39.893583],[-91.443699,39.893144],[-91.444281,39.891774],[-91.445551,39.88718],[-91.446922,39.883034],[-91.44711,39.881998],[-91.447844,39.877951],[-91.447552,39.875468],[-91.447527,39.875256],[-91.447502,39.875045],[-91.446685,39.871642],[-91.443932,39.867102],[-91.441343,39.861983],[-91.439657,39.857896],[-91.439196,39.856567],[-91.437693,39.851983],[-91.437456,39.849734],[-91.437332,39.849456],[-91.437207,39.849179],[-91.437095,39.848838],[-91.436839,39.848058],[-91.436686,39.847593],[-91.436608,39.847336],[-91.436529,39.847078],[-91.435541,39.845074],[-91.433798,39.841865],[-91.432158,39.840308],[-91.430402,39.838902],[-91.428469,39.837626],[-91.421763,39.834316],[-91.415097,39.831121],[-91.411274,39.829403],[-91.407793,39.827581],[-91.406223,39.826472],[-91.40509,39.82554],[-91.401949,39.823584],[-91.400068,39.822521],[-91.397316,39.821472],[-91.393413,39.81991],[-91.390731,39.818596],[-91.389399,39.817857],[-91.386665,39.816297],[-91.383707,39.8146],[-91.381174,39.812671],[-91.379398,39.81166],[-91.377633,39.810768],[-91.376488,39.810033],[-91.374705,39.808363],[-91.372161,39.805511],[-91.370805,39.803478],[-91.369005,39.801511],[-91.368477,39.801024],[-91.367966,39.800403],[-91.36666,39.798187],[-91.363444,39.792804],[-91.362388,39.790482],[-91.361802,39.788733],[-91.361571,39.787548],[-91.361744,39.785079],[-91.362439,39.783578],[-91.363121,39.782813],[-91.363468,39.782423],[-91.364021,39.781325],[-91.364122,39.781123],[-91.364848,39.779388],[-91.365396,39.777266],[-91.365694,39.77491],[-91.365805,39.772764],[-91.365799,39.772625],[-91.365729,39.770845],[-91.36584,39.768707],[-91.365906,39.764956],[-91.365642,39.762618],[-91.365591,39.762325],[-91.365211,39.76015],[-91.365125,39.758723],[-91.36528,39.757722],[-91.366047,39.755955],[-91.367406,39.75388],[-91.367572,39.753387],[-91.367996,39.75187],[-91.368419,39.750045],[-91.368947,39.748047],[-91.369372,39.746927],[-91.369839,39.745702],[-91.369953,39.745042],[-91.369984,39.744228],[-91.3699,39.74298],[-91.369889,39.74157],[-91.36993,39.740128],[-91.369784,39.739081],[-91.369503,39.738227],[-91.369388,39.737213],[-91.369585,39.735948],[-91.369947,39.734264],[-91.370102,39.733321],[-91.370009,39.732524],[-91.369395,39.731163],[-91.368418,39.729738],[-91.367854,39.729136],[-91.367753,39.729029],[-91.362321,39.724274],[-91.362252,39.724213],[-91.358276,39.720601],[-91.358123,39.720421],[-91.358061,39.720347],[-91.358001,39.720277],[-91.356686,39.718725],[-91.355314,39.716985],[-91.354473,39.716229],[-91.354311,39.716139],[-91.352749,39.715279],[-91.351554,39.714667],[-91.350733,39.714104],[-91.350317,39.713774],[-91.349681,39.713049],[-91.349039,39.712316],[-91.348919,39.712185],[-91.347855,39.711028],[-91.347253,39.71048],[-91.3453,39.709402],[-91.343555,39.708412],[-91.341031,39.706786],[-91.339567,39.705666],[-91.337802,39.704443],[-91.335247,39.702752],[-91.331603,39.700433],[-91.330727,39.69993],[-91.330401,39.699742],[-91.325801,39.697098],[-91.325424,39.696882],[-91.317814,39.692591],[-91.311098,39.687839],[-91.306693,39.684865],[-91.305348,39.683957],[-91.304674,39.683337],[-91.304166,39.682378],[-91.303741,39.681017],[-91.303388,39.680461],[-91.302485,39.679631],[-91.301603,39.679068],[-91.299994,39.678222],[-91.298416,39.677449],[-91.29659,39.676514],[-91.295583,39.675846],[-91.293788,39.674766],[-91.289337,39.672768],[-91.285072,39.670931],[-91.283329,39.670134],[-91.281161,39.668643],[-91.278557,39.666975],[-91.27614,39.665759],[-91.274936,39.664792],[-91.273661,39.663656],[-91.270456,39.660683],[-91.267672,39.657899],[-91.266765,39.656993],[-91.266025,39.656187],[-91.265418,39.655526],[-91.264329,39.654374],[-91.263055,39.652545],[-91.261148,39.649919],[-91.260475,39.649024],[-91.259272,39.648017],[-91.25695,39.646454],[-91.256521,39.646157],[-91.254275,39.644601],[-91.251849,39.643295],[-91.250144,39.64207],[-91.249434,39.641477],[-91.248779,39.64088],[-91.248559,39.640631],[-91.248053,39.640058],[-91.247336,39.639148],[-91.246444,39.63806],[-91.245914,39.637311],[-91.245063,39.63603],[-91.244514,39.634974],[-91.24356,39.633064],[-91.242377,39.631404],[-91.241225,39.630067],[-91.23974,39.628648],[-91.235119,39.625046],[-91.232268,39.622961],[-91.230559,39.621806],[-91.229317,39.620853],[-91.227649,39.619883],[-91.225556,39.618751],[-91.223328,39.617603],[-91.22088,39.616671],[-91.218817,39.615918],[-91.21664,39.615124],[-91.214629,39.614452],[-91.211684,39.613439],[-91.208895,39.612499],[-91.20649,39.611656],[-91.204324,39.61091],[-91.201846,39.610043],[-91.199099,39.609127],[-91.195915,39.60817],[-91.192597,39.607252],[-91.189114,39.606165],[-91.185921,39.605119],[-91.183974,39.604092],[-91.181936,39.602677],[-91.180396,39.601135],[-91.179622,39.600238],[-91.178393,39.598697],[-91.178012,39.598196],[-91.177435,39.597255],[-91.176466,39.595977],[-91.175455,39.594492],[-91.174651,39.593313],[-91.174232,39.591975],[-91.173508,39.589025],[-91.171641,39.581899],[-91.171144,39.579482],[-91.170727,39.577531],[-91.17047,39.574937],[-91.170229,39.573189],[-91.17001,39.57111],[-91.16982,39.569555],[-91.169371,39.568072],[-91.168871,39.566073],[-91.168419,39.564928],[-91.167605,39.563757],[-91.166723,39.562462],[-91.166615,39.562304],[-91.163634,39.558566],[-91.162777,39.557604],[-91.160691,39.555351],[-91.158606,39.553048],[-91.156242,39.550576],[-91.153628,39.548248],[-91.152593,39.547729],[-91.150429,39.546642],[-91.149218,39.546099],[-91.148275,39.545798],[-91.146596,39.545486],[-91.144937,39.545239],[-91.143153,39.544999],[-91.14168,39.544825],[-91.139025,39.544534],[-91.136744,39.544252],[-91.135002,39.543883],[-91.133375,39.543572],[-91.13124,39.543145],[-91.128348,39.542523],[-91.126638,39.542227],[-91.125139,39.542068],[-91.122505,39.541818],[-91.118601,39.541459],[-91.115883,39.541231],[-91.114305,39.541098],[-91.109407,39.540295],[-91.102905,39.539349],[-91.100911,39.539001],[-91.100307,39.538695],[-91.098094,39.536112],[-91.097685,39.535635],[-91.096497,39.534337],[-91.092869,39.529275],[-91.089257,39.522971],[-91.086292,39.517141],[-91.082627,39.51171],[-91.079769,39.507728],[-91.07841,39.50624],[-91.075788,39.503369],[-91.075309,39.502845],[-91.071769,39.500046],[-91.06964,39.498275],[-91.066638,39.496014],[-91.064881,39.495045],[-91.064305,39.494643],[-91.064057,39.491718],[-91.063065,39.484009],[-91.062941,39.481364],[-91.062933,39.481176],[-91.062789,39.478047],[-91.062414,39.474122],[-91.061167,39.471377],[-91.059439,39.46886],[-91.057114,39.466086],[-91.053058,39.462122],[-91.050276,39.459601],[-91.0496,39.458987],[-91.047455,39.456773],[-91.046772,39.456058],[-91.04258,39.452265],[-91.042352,39.452059],[-91.03827,39.448435],[-91.035475,39.446632],[-91.033944,39.445644],[-91.033624,39.445407],[-91.033349,39.445204],[-91.029985,39.442718],[-91.029709,39.442515],[-91.027603,39.441195],[-91.024681,39.439365],[-91.024351,39.439158],[-91.02361,39.438694],[-91.017325,39.435442],[-91.011954,39.432661],[-91.007103,39.429789],[-91.003692,39.427603],[-91.002603,39.427082],[-91.000134,39.426523],[-90.999689,39.426378],[-90.99915,39.426113],[-90.998445,39.425574],[-90.9958,39.423997],[-90.994919,39.42353],[-90.993789,39.422959],[-90.992317,39.422413],[-90.989995,39.421842],[-90.985715,39.421112],[-90.984077,39.420735],[-90.98302,39.420462],[-90.98132,39.419762],[-90.979267,39.418877],[-90.977618,39.41829],[-90.976955,39.417856],[-90.97597,39.416905],[-90.974476,39.415585],[-90.972465,39.414144],[-90.969729,39.412905],[-90.96748,39.411948],[-90.964868,39.411047],[-90.962298,39.410267],[-90.957459,39.408996],[-90.953667,39.408378],[-90.951181,39.408105],[-90.950575,39.407978],[-90.949608,39.407775],[-90.948299,39.407502],[-90.944942,39.406247],[-90.942621,39.405071],[-90.940766,39.403984],[-90.939025,39.402744],[-90.938103,39.401786],[-90.937419,39.400803],[-90.936838,39.399715],[-90.936728,39.399511],[-90.936258,39.398636],[-90.935729,39.397331],[-90.935345,39.395881],[-90.934785,39.393529],[-90.934007,39.392127],[-90.933469,39.39162],[-90.932484,39.390613],[-90.93092,39.389203],[-90.928745,39.387544],[-90.926787,39.386384],[-90.924601,39.385136],[-90.923017,39.384468],[-90.920976,39.383687],[-90.918895,39.383043],[-90.918539,39.38295],[-90.916833,39.382503],[-90.914658,39.381956],[-90.913654,39.381859],[-90.912949,39.38173],[-90.91273,39.381711],[-90.91152,39.38161],[-90.910754,39.381497],[-90.909356,39.381118],[-90.907999,39.380812],[-90.906798,39.380394],[-90.905773,39.379878],[-90.904862,39.379403],[-90.903764,39.378557],[-90.903236,39.378009],[-90.902923,39.377559],[-90.902905,39.377534],[-90.902749,39.375785],[-90.902656,39.375366],[-90.902294,39.375046],[-90.900095,39.372354],[-90.896462,39.369176],[-90.895857,39.368763],[-90.893777,39.367343],[-90.890931,39.365767],[-90.89049,39.365524],[-90.887296,39.36411],[-90.882706,39.362254],[-90.878566,39.360599],[-90.87608,39.359478],[-90.87513,39.359003],[-90.870769,39.356758],[-90.868432,39.355578],[-90.866575,39.35464],[-90.859113,39.35137],[-90.85195,39.347603],[-90.8475,39.345272],[-90.842175,39.341932],[-90.840106,39.340438],[-90.834753,39.335461],[-90.821306,39.323659],[-90.816851,39.320496],[-90.814148,39.319188],[-90.807478,39.316721],[-90.799346,39.313087],[-90.798208,39.312393],[-90.793461,39.309498],[-90.79231,39.308261],[-90.792049,39.307742],[-90.791774,39.307142],[-90.791689,39.306957],[-90.791516,39.306068],[-90.791448,39.305108],[-90.791305,39.304277],[-90.790675,39.302908],[-90.789665,39.301931],[-90.788613,39.301058],[-90.78749,39.300063],[-90.78606,39.298848],[-90.784659,39.297786],[-90.783789,39.297164],[-90.779486,39.295122],[-90.77806,39.294326],[-90.776798,39.29362],[-90.775673,39.292811],[-90.774756,39.291874],[-90.773887,39.290544],[-90.770959,39.285298],[-90.768877,39.281512],[-90.767648,39.280025],[-90.76663,39.279039],[-90.759813,39.273142],[-90.758221,39.271738],[-90.757742,39.271315],[-90.756449,39.270036],[-90.754932,39.268513],[-90.75274,39.266564],[-90.751599,39.265432],[-90.750125,39.26453],[-90.748877,39.264126],[-90.747175,39.263786],[-90.74474,39.263364],[-90.742315,39.262854],[-90.740778,39.262442],[-90.739087,39.261893],[-90.737572,39.2612],[-90.736005,39.260386],[-90.733976,39.259098],[-90.732719,39.258244],[-90.731967,39.257713],[-90.72996,39.255894],[-90.728613,39.254092],[-90.727627,39.2525],[-90.726981,39.251173],[-90.726675,39.250047],[-90.725929,39.247338],[-90.723725,39.239183],[-90.723706,39.239128],[-90.723668,39.239013],[-90.723616,39.23886],[-90.722538,39.23567],[-90.72232,39.234993],[-90.721593,39.23273],[-90.721188,39.230176],[-90.721326,39.228534],[-90.721364,39.228091],[-90.721784,39.226646],[-90.721845,39.226176],[-90.721975,39.225198],[-90.721835,39.224108],[-90.721475,39.223135],[-90.720542,39.221388],[-90.719693,39.219618],[-90.718776,39.217613],[-90.7182,39.216331],[-90.717113,39.213912],[-90.716597,39.210414],[-90.716677,39.206723],[-90.717427,39.202791],[-90.717585,39.200182],[-90.717404,39.197414],[-90.716286,39.192649],[-90.715998,39.191548],[-90.715977,39.191468],[-90.71437,39.185308],[-90.713713,39.183339],[-90.712357,39.180675],[-90.711104,39.178391],[-90.71048,39.176366],[-90.709953,39.172924],[-90.70971,39.166761],[-90.709366,39.160911],[-90.709272,39.157596],[-90.709146,39.155111],[-90.708621,39.153281],[-90.708351,39.152372],[-90.708079,39.151459],[-90.707902,39.15086],[-90.707115,39.148642],[-90.706751,39.147616],[-90.705168,39.143152],[-90.702923,39.138749],[-90.700464,39.135439],[-90.697096,39.13243],[-90.695926,39.131122],[-90.694945,39.12968],[-90.693449,39.127296],[-90.692455,39.12558],[-90.692261,39.125048],[-90.690102,39.122674],[-90.68739,39.11991],[-90.686051,39.117785],[-90.68523,39.115527],[-90.684518,39.113567],[-90.681086,39.10059],[-90.681038,39.099491],[-90.681994,39.090066],[-90.682744,39.088348],[-90.685298,39.085863],[-90.686237,39.084989],[-90.690727,39.081666],[-90.693551,39.079237],[-90.696729,39.076206],[-90.698282,39.074649],[-90.700165,39.072279],[-90.701201,39.07032],[-90.701266,39.069928],[-90.701755,39.067],[-90.702136,39.065568],[-90.702556,39.065036],[-90.702943,39.064545],[-90.708437,39.060184],[-90.712541,39.057064],[-90.713585,39.055567],[-90.713629,39.053977],[-90.712726,39.049736],[-90.71158,39.046798],[-90.707885,39.042262],[-90.707326,39.041255],[-90.707059,39.040774],[-90.700595,39.029074],[-90.69277,39.017213],[-90.692403,39.016656],[-90.691929,39.015771],[-90.69,39.012169],[-90.689823,39.011542],[-90.689242,39.009479],[-90.688813,39.007342],[-90.687719,39.005374],[-90.685514,39.002277],[-90.685046,39.001708],[-90.683683,39.000049],[-90.683621,39.0],[-90.682068,38.998778],[-90.681452,38.997875],[-90.681282,38.997626],[-90.680792,38.996753],[-90.680627,38.996459],[-90.679961,38.995271],[-90.679027,38.993867],[-90.678193,38.991851],[-90.677756,38.989277],[-90.677216,38.987081],[-90.67671,38.985159],[-90.676397,38.984096],[-90.675992,38.98278],[-90.675941,38.982611],[-90.675715,38.981066],[-90.675946,38.979778],[-90.676245,38.978273],[-90.676326,38.977155],[-90.67636,38.976693],[-90.676383,38.975079]],[[-88.55291,41.60075],[-88.552286,41.601099],[-88.55225,41.60112],[-88.55173,41.60137],[-88.55114,41.60164],[-88.55062,41.60185],[-88.550328,41.60197],[-88.54997,41.60212],[-88.54967,41.602248],[-88.54941,41.60236],[-88.54875,41.60263],[-88.548591,41.602692],[-88.54832,41.6028],[-88.548306,41.602637],[-88.548303,41.602595],[-88.54829,41.60243],[-88.5483,41.6023],[-88.5483,41.60219],[-88.54832,41.60213],[-88.54835,41.601985],[-88.54836,41.60194],[-88.548425,41.601795],[-88.54844,41.60176],[-88.54856,41.60155],[-88.54872,41.60138],[-88.54883,41.60127],[-88.5499,41.600424],[-88.5503,41.60011],[-88.549548,41.599734],[-88.54896,41.59944],[-88.5486,41.59927],[-88.54818,41.59905],[-88.54788,41.5989],[-88.547475,41.598632],[-88.547333,41.598538],[-88.54673,41.59814],[-88.546699,41.598118],[-88.546798,41.598011],[-88.547072,41.597715],[-88.547644,41.5971],[-88.547753,41.597095],[-88.547851,41.597089],[-88.548047,41.597079],[-88.548559,41.596988],[-88.548689,41.596964],[-88.553491,41.596108],[-88.555541,41.595742],[-88.555815,41.595696],[-88.556002,41.595664],[-88.556063,41.595655],[-88.556028,41.595683],[-88.556378,41.595962],[-88.556731,41.596243],[-88.557431,41.596801],[-88.557782,41.597081],[-88.557603,41.597219],[-88.557065,41.597635],[-88.556887,41.597774],[-88.55666,41.59795],[-88.556478,41.598086],[-88.55572,41.59866],[-88.55535,41.59895],[-88.555252,41.599022],[-88.55484,41.59933],[-88.55487,41.59936],[-88.55487,41.59941],[-88.55482,41.59948],[-88.55469,41.59957],[-88.554542,41.599681],[-88.55415,41.59998],[-88.553387,41.600537],[-88.553,41.60082],[-88.552982,41.600806],[-88.552928,41.600764],[-88.55291,41.60075]]],[[[-90.569402,41.319521],[-90.569394,41.319829],[-90.569389,41.320014],[-90.570105,41.320052],[-90.581497,41.320324],[-90.581672,41.320063],[-90.581956,41.319639],[-90.58225,41.319087],[-90.582431,41.318646],[-90.582738,41.317784],[-90.58342,41.315936],[-90.584412,41.313117],[-90.583383,41.313097],[-90.580298,41.313039],[-90.57927,41.31302],[-90.579259,41.313226],[-90.579237,41.313693],[-90.579227,41.313772],[-90.579201,41.313827],[-90.579191,41.313834],[-90.579133,41.313879],[-90.579004,41.31391],[-90.578121,41.313894],[-90.575472,41.313848],[-90.57459,41.313824],[-90.574595,41.313643],[-90.574613,41.313104],[-90.574619,41.312924],[-90.573611,41.312906],[-90.57059,41.312852],[-90.569583,41.312835],[-90.56942,41.318714],[-90.569415,41.318991],[-90.569402,41.319521]]]]}}
]
}
