{
"type": "FeatureCollection",
"name": "mf_prospects",
"crs": { "type": "name", "properties": { "name": "urn:ogc:def:crs:OGC:1.3:CRS84" } },
"features": [
{ "type": "Feature", "properties": { "ZIP": "61761", "CITY": "Normal", "TIER": "T1 – EIEC ($500/kW MF + Full Residential)", "ACTIVITY": "Hot", "PROPERTY_TYPE": "Apartment Complex", "PROPERTY_NAME": "Brickyard Apartments", "ADDRESS": "20 Brickyard Dr, Bloomington, IL 61701, USA", "PHONE": "(309) 663-0061", "WEBSITE": "http://www.brickyardapartments.com/" }, "geometry": { "type": "Point", "coordinates": [ -88.9656448, 40.4621887 ] } },
{ "type": "Feature", "properties": { "ZIP": "61761", "CITY": "Normal", "TIER": "T1 – EIEC ($500/kW MF + Full Residential)", "ACTIVITY": "Hot", "PROPERTY_TYPE": "Apartment Complex", "PROPERTY_NAME": "BayOak", "ADDRESS": "619 Orlando Ave, Normal, IL 61761, USA", "PHONE": "(833) 690-3429", "WEBSITE": "https://www.bayoakapts.com/?switch_cls[id]=90830&utm_source=google%20-%20entratammb&utm_medium=organic&utm_campaign=gmb&utm_content=websiteclick" }, "geometry": { "type": "Point", "coordinates": [ -88.9977077, 40.526008399999988 ] } },
{ "type": "Feature", "properties": { "ZIP": "61761", "CITY": "Normal", "TIER": "T1 – EIEC ($500/kW MF + Full Residential)", "ACTIVITY": "Hot", "PROPERTY_TYPE": "Apartment Complex", "PROPERTY_NAME": "Pinecrest Apartments", "ADDRESS": "515 Greenbriar Dr, Normal, IL 61761, USA", "PHONE": "(217) 615-5704", "WEBSITE": "https://pinecrest-apts.com/" }, "geometry": { "type": "Point", "coordinates": [ -88.9520881, 40.5211009 ] } },
{ "type": "Feature", "properties": { "ZIP": "61761", "CITY": "Normal", "TIER": "T1 – EIEC ($500/kW MF + Full Residential)", "ACTIVITY": "Hot", "PROPERTY_TYPE": "Apartment Complex", "PROPERTY_NAME": "Ironwood Gardens Apartments", "ADDRESS": "2000 N Linden St, Normal, IL 61761, USA", "PHONE": "(309) 888-4321", "WEBSITE": "https://www.ironwoodgardensapartments.com/?utm_source=google&utm_medium=organic&utm_campaign=gmb-listing" }, "geometry": { "type": "Point", "coordinates": [ -88.9829104, 40.5438064 ] } },
{ "type": "Feature", "properties": { "ZIP": "61761", "CITY": "Normal", "TIER": "T1 – EIEC ($500/kW MF + Full Residential)", "ACTIVITY": "Hot", "PROPERTY_TYPE": "Apartment Complex", "PROPERTY_NAME": "The Social on Hovey", "ADDRESS": "800 W Hovey Ave #100, Normal, IL 61761, USA", "PHONE": "(866) 916-2168", "WEBSITE": "https://thesocialonhovey.com/?utm_source=gmb" }, "geometry": { "type": "Point", "coordinates": [ -88.995503, 40.5032773 ] } },
{ "type": "Feature", "properties": { "ZIP": "61761", "CITY": "Normal", "TIER": "T1 – EIEC ($500/kW MF + Full Residential)", "ACTIVITY": "Hot", "PROPERTY_TYPE": "Apartment Complex", "PROPERTY_NAME": "The Social Normal", "ADDRESS": "9 Traders Cir, Normal, IL 61761, USA", "PHONE": "(855) 444-9857", "WEBSITE": "https://thesocialnormal.com/?utm_source=gmb" }, "geometry": { "type": "Point", "coordinates": [ -88.99877140000001, 40.5358749 ] } },
{ "type": "Feature", "properties": { "ZIP": "61761", "CITY": "Normal", "TIER": "T1 – EIEC ($500/kW MF + Full Residential)", "ACTIVITY": "Hot", "PROPERTY_TYPE": "Apartment Complex", "PROPERTY_NAME": "The Social at Illinois State", "ADDRESS": "609 S Fell Ave, Normal, IL 61761, USA", "PHONE": "(855) 444-9791", "WEBSITE": "https://thesocialatillinoisstate.com/?utm_source=gmb" }, "geometry": { "type": "Point", "coordinates": [ -88.9872298, 40.5049919 ] } },
{ "type": "Feature", "properties": { "ZIP": "61761", "CITY": "Normal", "TIER": "T1 – EIEC ($500/kW MF + Full Residential)", "ACTIVITY": "Hot", "PROPERTY_TYPE": "Apartment Complex", "PROPERTY_NAME": "Traditions Bloomington", "ADDRESS": "901 Valley View Cir, Bloomington, IL 61705, USA", "PHONE": "(309) 820-8897", "WEBSITE": "https://traditionsbloomington.com/" }, "geometry": { "type": "Point", "coordinates": [ -89.0334494, 40.4916591 ] } },
{ "type": "Feature", "properties": { "ZIP": "61761", "CITY": "Normal", "TIER": "T1 – EIEC ($500/kW MF + Full Residential)", "ACTIVITY": "Hot", "PROPERTY_TYPE": "Apartment Complex", "PROPERTY_NAME": "SAMI Apartments", "ADDRESS": "608 Kingsley St # A, Normal, IL 61761, USA", "PHONE": "(309) 888-4600", "WEBSITE": "https://www.sami.com/" }, "geometry": { "type": "Point", "coordinates": [ -88.9960417, 40.5047975 ] } },
{ "type": "Feature", "properties": { "ZIP": "61761", "CITY": "Normal", "TIER": "T1 – EIEC ($500/kW MF + Full Residential)", "ACTIVITY": "Hot", "PROPERTY_TYPE": "Apartment Complex", "PROPERTY_NAME": "Lancaster Heights Apartments", "ADDRESS": "1462 E College Ave, Normal, IL 61761, USA", "PHONE": "(309) 452-8721", "WEBSITE": "https://princetonmanagement.com/communities/lancaster-heights-apartments-and-townhomes/" }, "geometry": { "type": "Point", "coordinates": [ -88.962331, 40.511253 ] } },
{ "type": "Feature", "properties": { "ZIP": "61761", "CITY": "Normal", "TIER": "T1 – EIEC ($500/kW MF + Full Residential)", "ACTIVITY": "Hot", "PROPERTY_TYPE": "Apartment Complex", "PROPERTY_NAME": "Young America Realty - Student Division", "ADDRESS": "311 S Main St, Normal, IL 61761, USA", "PHONE": "(309) 454-2338", "WEBSITE": "https://www.yarealty.com/" }, "geometry": { "type": "Point", "coordinates": [ -88.9950583, 40.5074432 ] } },
{ "type": "Feature", "properties": { "ZIP": "61761", "CITY": "Normal", "TIER": "T1 – EIEC ($500/kW MF + Full Residential)", "ACTIVITY": "Hot", "PROPERTY_TYPE": "Apartment Complex", "PROPERTY_NAME": "Wingover Luxury Apartments", "ADDRESS": "A, 1008 Blue Heron Way #1, Bloomington, IL 61704, USA", "PHONE": "(309) 663-9925", "WEBSITE": "http://www.apartment-mart.com/" }, "geometry": { "type": "Point", "coordinates": [ -88.9113372, 40.4906255 ] } },
{ "type": "Feature", "properties": { "ZIP": "61761", "CITY": "Normal", "TIER": "T1 – EIEC ($500/kW MF + Full Residential)", "ACTIVITY": "Hot", "PROPERTY_TYPE": "Apartment Complex", "PROPERTY_NAME": "The Flats at ISU", "ADDRESS": "709 S Main St, Normal, IL 61761, USA", "PHONE": "(309) 454-2338", "WEBSITE": "https://flatsatisu.com/" }, "geometry": { "type": "Point", "coordinates": [ -88.9951729, 40.5035207 ] } },
{ "type": "Feature", "properties": { "ZIP": "61761", "CITY": "Normal", "TIER": "T1 – EIEC ($500/kW MF + Full Residential)", "ACTIVITY": "Hot", "PROPERTY_TYPE": "Apartment Complex", "PROPERTY_NAME": "Briarwood Apartments", "ADDRESS": "100 Northfield Dr, Normal, IL 61761, USA", "PHONE": "(309) 888-9478", "WEBSITE": "http://www.briarwoodii-homes.com/" }, "geometry": { "type": "Point", "coordinates": [ -88.9882565, 40.5354222 ] } },
{ "type": "Feature", "properties": { "ZIP": "61761", "CITY": "Normal", "TIER": "T1 – EIEC ($500/kW MF + Full Residential)", "ACTIVITY": "Hot", "PROPERTY_TYPE": "Apartment Complex", "PROPERTY_NAME": "Grove at Main Apartments", "ADDRESS": "102 Donnie Dr, Bloomington, IL 61704, USA", "PHONE": "(309) 454-2338", "WEBSITE": "https://residential.yarealty.com/available-properties-at-the-grove-at-main" }, "geometry": { "type": "Point", "coordinates": [ -88.9933092, 40.457833099999988 ] } },
{ "type": "Feature", "properties": { "ZIP": "61761", "CITY": "Normal", "TIER": "T1 – EIEC ($500/kW MF + Full Residential)", "ACTIVITY": "Hot", "PROPERTY_TYPE": "Apartment Complex", "PROPERTY_NAME": "The Park at Constitution Trail Centre", "ADDRESS": "120 McKnight St, Normal, IL 61761, USA", "PHONE": "(309) 319-5996", "WEBSITE": "http://theparknormal.com/" }, "geometry": { "type": "Point", "coordinates": [ -88.9876724, 40.5371794 ] } },
{ "type": "Feature", "properties": { "ZIP": "61761", "CITY": "Normal", "TIER": "T1 – EIEC ($500/kW MF + Full Residential)", "ACTIVITY": "Hot", "PROPERTY_TYPE": "Apartment Complex", "PROPERTY_NAME": "Fox Hill Apartments", "ADDRESS": "701 Fox Hill Cir, Bloomington, IL 61701, USA", "PHONE": "(309) 498-4366", "WEBSITE": "https://www.foxhillbloomington.com/" }, "geometry": { "type": "Point", "coordinates": [ -89.0072226, 40.4626254 ] } },
{ "type": "Feature", "properties": { "ZIP": "61761", "CITY": "Normal", "TIER": "T1 – EIEC ($500/kW MF + Full Residential)", "ACTIVITY": "Hot", "PROPERTY_TYPE": "Apartment Complex", "PROPERTY_NAME": "Brookridge Heights Apartments", "ADDRESS": "3102 E Hamilton Rd, Bloomington, IL 61704, USA", "PHONE": "(309) 661-4545", "WEBSITE": "https://www.brookridgeheightsapartments.com/?utm_source=google&utm_medium=organic&utm_campaign=gmb-listing" }, "geometry": { "type": "Point", "coordinates": [ -88.9373661, 40.4538871 ] } },
{ "type": "Feature", "properties": { "ZIP": "61761", "CITY": "Normal", "TIER": "T1 – EIEC ($500/kW MF + Full Residential)", "ACTIVITY": "Hot", "PROPERTY_TYPE": "Apartment Complex", "PROPERTY_NAME": "CollegePlace Uptown", "ADDRESS": "100 S Fell Ave #201, Normal, IL 61761, USA", "PHONE": "(309) 888-2599", "WEBSITE": "https://collegeplaceuptown.com/?utm_source=google&utm_medium=gbp" }, "geometry": { "type": "Point", "coordinates": [ -88.9869425, 40.5099682 ] } },
{ "type": "Feature", "properties": { "ZIP": "61761", "CITY": "Normal", "TIER": "T1 – EIEC ($500/kW MF + Full Residential)", "ACTIVITY": "Hot", "PROPERTY_TYPE": "Apartment Complex", "PROPERTY_NAME": "727 West Apartments", "ADDRESS": "727 W Raab Rd, Normal, IL 61761, USA", "PHONE": "(309) 454-2338", "WEBSITE": "https://www.yarealty.com/student/bedrooms/4/property/727-west/" }, "geometry": { "type": "Point", "coordinates": [ -89.0008948, 40.5307215 ] } },
{ "type": "Feature", "properties": { "ZIP": "61761", "CITY": "Normal", "TIER": "T1 – EIEC ($500/kW MF + Full Residential)", "ACTIVITY": "Hot", "PROPERTY_TYPE": "Mobile Home / MHC", "PROPERTY_NAME": "Landings Estates", "ADDRESS": "1901 N Linden St, Normal, IL 61761, USA", "PHONE": "(309) 454-7361", "WEBSITE": "http://www.landingestates.com/" }, "geometry": { "type": "Point", "coordinates": [ -88.9856033, 40.5419823 ] } },
{ "type": "Feature", "properties": { "ZIP": "61761", "CITY": "Normal", "TIER": "T1 – EIEC ($500/kW MF + Full Residential)", "ACTIVITY": "Hot", "PROPERTY_TYPE": "Mobile Home / MHC", "PROPERTY_NAME": "Prairieland Estates Mobile Home Community", "ADDRESS": "31 Cornflower Ln, Bloomington, IL 61701, USA", "PHONE": "(309) 459-9023", "WEBSITE": "https://openmgmt.com/prairieland-estates/" }, "geometry": { "type": "Point", "coordinates": [ -89.0195083, 40.4672279 ] } },
{ "type": "Feature", "properties": { "ZIP": "61761", "CITY": "Normal", "TIER": "T1 – EIEC ($500/kW MF + Full Residential)", "ACTIVITY": "Hot", "PROPERTY_TYPE": "Mobile Home / MHC", "PROPERTY_NAME": "Royal Acres Manufactured Home Community", "ADDRESS": "605 Pine St, Normal, IL 61761, USA", "PHONE": "(309) 212-1456", "WEBSITE": "https://americanmobilehomecommunities.com/royal-acres" }, "geometry": { "type": "Point", "coordinates": [ -88.976974399999989, 40.5166244 ] } },
{ "type": "Feature", "properties": { "ZIP": "61761", "CITY": "Normal", "TIER": "T1 – EIEC ($500/kW MF + Full Residential)", "ACTIVITY": "Hot", "PROPERTY_TYPE": "Mobile Home / MHC", "PROPERTY_NAME": "Cardinal Ridge Mobile Home Park", "ADDRESS": "2402 22nd St, Bloomington, IL 61704, USA", "PHONE": "(309) 731-4605", "WEBSITE": "https://yougotithomes.com/community/cardinal-ridge-pointe/" }, "geometry": { "type": "Point", "coordinates": [ -88.986907, 40.4484414 ] } },
{ "type": "Feature", "properties": { "ZIP": "61761", "CITY": "Normal", "TIER": "T1 – EIEC ($500/kW MF + Full Residential)", "ACTIVITY": "Hot", "PROPERTY_TYPE": "Mobile Home / MHC", "PROPERTY_NAME": "Hilltop Mobile Homes", "ADDRESS": "1902 S Main St, Bloomington, IL 61704, USA", "PHONE": "(309) 239-2200", "WEBSITE": "https://www.hilltopmh.com/" }, "geometry": { "type": "Point", "coordinates": [ -88.9912069, 40.458401 ] } },
{ "type": "Feature", "properties": { "ZIP": "61761", "CITY": "Normal", "TIER": "T1 – EIEC ($500/kW MF + Full Residential)", "ACTIVITY": "Hot", "PROPERTY_TYPE": "Mobile Home / MHC", "PROPERTY_NAME": "Meadows of Bloomington Manufactured Housing Community", "ADDRESS": "102 Filbert Rd Unit 1, Bloomington, IL 61705, USA", "PHONE": "(309) 829-3130", "WEBSITE": "https://choiceproperties.com/community/Meadows-Of-Bloomington/" }, "geometry": { "type": "Point", "coordinates": [ -88.9897813, 40.4267255 ] } },
{ "type": "Feature", "properties": { "ZIP": "61761", "CITY": "Normal", "TIER": "T1 – EIEC ($500/kW MF + Full Residential)", "ACTIVITY": "Hot", "PROPERTY_TYPE": "Mobile Home / MHC", "PROPERTY_NAME": "Maple Grove Estates", "ADDRESS": "1210 Omega St, Bloomington, IL 61701, USA", "PHONE": "(309) 239-2300", "WEBSITE": "https://www.maplegroveestates.net/" }, "geometry": { "type": "Point", "coordinates": [ -89.0200149, 40.4641532 ] } },
{ "type": "Feature", "properties": { "ZIP": "61761", "CITY": "Normal", "TIER": "T1 – EIEC ($500/kW MF + Full Residential)", "ACTIVITY": "Hot", "PROPERTY_TYPE": "Mobile Home / MHC", "PROPERTY_NAME": "Prairie Place", "ADDRESS": "3710 Daffodil Dr, Bloomington, IL 61704, USA", "PHONE": "(217) 336-7722", "WEBSITE": "https://www.prairieplacemhc.com/" }, "geometry": { "type": "Point", "coordinates": [ -89.0326834, 40.434309 ] } },
{ "type": "Feature", "properties": { "ZIP": "61761", "CITY": "Normal", "TIER": "T1 – EIEC ($500/kW MF + Full Residential)", "ACTIVITY": "Hot", "PROPERTY_TYPE": "Mobile Home / MHC", "PROPERTY_NAME": "Alexander & Grandview Estates Office", "ADDRESS": "6 Dennis Dr, Bloomington, IL 61701, USA", "PHONE": "(309) 239-2100", "WEBSITE": "https://www.alexanderestatesmh.com/" }, "geometry": { "type": "Point", "coordinates": [ -89.0213585, 40.4645969 ] } },
{ "type": "Feature", "properties": { "ZIP": "61761", "CITY": "Normal", "TIER": "T1 – EIEC ($500/kW MF + Full Residential)", "ACTIVITY": "Hot", "PROPERTY_TYPE": "Mobile Home / MHC", "PROPERTY_NAME": "Northmeadow Village", "ADDRESS": "856 A St, Normal, IL 61761, USA", "PHONE": "(309) 260-6200", "WEBSITE": "https://www.northmeadowvillage.com/" }, "geometry": { "type": "Point", "coordinates": [ -89.0006871, 40.5351422 ] } },
{ "type": "Feature", "properties": { "ZIP": "61761", "CITY": "Normal", "TIER": "T1 – EIEC ($500/kW MF + Full Residential)", "ACTIVITY": "Hot", "PROPERTY_TYPE": "Mobile Home / MHC", "PROPERTY_NAME": "Greenwood Terrace", "ADDRESS": "2 Kris Dr, Bloomington, IL 61704, USA", "PHONE": "(309) 829-5547", "WEBSITE": "https://rootsmg.com/community/greenwood_terrace_bloomington_il" }, "geometry": { "type": "Point", "coordinates": [ -89.0004912, 40.4582954 ] } },
{ "type": "Feature", "properties": { "ZIP": "61704", "CITY": "Bloomington", "TIER": "T1 – EIEC ($500/kW MF + Full Residential)", "ACTIVITY": "Hot", "PROPERTY_TYPE": "Apartment Complex", "PROPERTY_NAME": "Danbury Court", "ADDRESS": "19 Basil Wy, Bloomington, IL 61705, USA", "PHONE": "(309) 316-7021", "WEBSITE": "https://www.danburycourt.com/?rcstdid=Mg%3D%3D-YRjTEizZPgM%3D&utm_source=google&utm_medium=local%2F&utm_campaign=gmb" }, "geometry": { "type": "Point", "coordinates": [ -89.0256995, 40.4519988 ] } },
{ "type": "Feature", "properties": { "ZIP": "61704", "CITY": "Bloomington", "TIER": "T1 – EIEC ($500/kW MF + Full Residential)", "ACTIVITY": "Hot", "PROPERTY_TYPE": "Apartment Complex", "PROPERTY_NAME": "The Arbors at Eastland", "ADDRESS": "208 S Prospect Rd, Bloomington, IL 61704, USA", "PHONE": "(309) 533-7365", "WEBSITE": "https://www.thearborsateastland.com/?rcstdid=Mg%3D%3D-YRjTEizZPgM%3D" }, "geometry": { "type": "Point", "coordinates": [ -88.9488251, 40.4780335 ] } },
{ "type": "Feature", "properties": { "ZIP": "61704", "CITY": "Bloomington", "TIER": "T1 – EIEC ($500/kW MF + Full Residential)", "ACTIVITY": "Hot", "PROPERTY_TYPE": "Apartment Complex", "PROPERTY_NAME": "Arbors", "ADDRESS": "109 Hemlock Dr, Bloomington, IL 61704, USA", "PHONE": null, "WEBSITE": "https://www.thearborsateastland.com/" }, "geometry": { "type": "Point", "coordinates": [ -88.9472097, 40.4787509 ] } },
{ "type": "Feature", "properties": { "ZIP": "61704", "CITY": "Bloomington", "TIER": "T1 – EIEC ($500/kW MF + Full Residential)", "ACTIVITY": "Hot", "PROPERTY_TYPE": "Apartment Complex", "PROPERTY_NAME": "Rainbow Circle Apartments", "ADDRESS": "1 Rainbow Cir #8, Bloomington, IL 61704, USA", "PHONE": "(309) 431-4581", "WEBSITE": "http://www.yarealty.com/" }, "geometry": { "type": "Point", "coordinates": [ -88.9489201, 40.4988547 ] } },
{ "type": "Feature", "properties": { "ZIP": "61704", "CITY": "Bloomington", "TIER": "T1 – EIEC ($500/kW MF + Full Residential)", "ACTIVITY": "Hot", "PROPERTY_TYPE": "Apartment Complex", "PROPERTY_NAME": "St. Ivans Apartments at Fox Creek", "ADDRESS": "2 St. Ivans Circle, Bloomington, IL 61705, USA", "PHONE": "(309) 665-2687", "WEBSITE": "https://stivansapts.com/?utm_source=google&utm_medium=organic&utm_campaign=gmb-listing" }, "geometry": { "type": "Point", "coordinates": [ -89.0345282, 40.450461399999988 ] } },
{ "type": "Feature", "properties": { "ZIP": "61704", "CITY": "Bloomington", "TIER": "T1 – EIEC ($500/kW MF + Full Residential)", "ACTIVITY": "Hot", "PROPERTY_TYPE": "Apartment Complex", "PROPERTY_NAME": "Holiday Park Apartments", "ADDRESS": "Croxton Ave, Bloomington, IL 61701, USA", "PHONE": "(309) 828-1950", "WEBSITE": null }, "geometry": { "type": "Point", "coordinates": [ -88.9704207, 40.4697023 ] } },
{ "type": "Feature", "properties": { "ZIP": "61704", "CITY": "Bloomington", "TIER": "T1 – EIEC ($500/kW MF + Full Residential)", "ACTIVITY": "Hot", "PROPERTY_TYPE": "Apartment Complex", "PROPERTY_NAME": "Peirce Avenue Apartments", "ADDRESS": "2214 Peirce Ave Unit 13, Bloomington, IL 61701, USA", "PHONE": "(309) 431-4581", "WEBSITE": "http://www.yarealty.com/" }, "geometry": { "type": "Point", "coordinates": [ -88.9582101, 40.471204 ] } },
{ "type": "Feature", "properties": { "ZIP": "61704", "CITY": "Bloomington", "TIER": "T1 – EIEC ($500/kW MF + Full Residential)", "ACTIVITY": "Hot", "PROPERTY_TYPE": "Apartment Complex", "PROPERTY_NAME": "Rainbow Court Townhomes", "ADDRESS": "2208-2306 Rainbow Ave, Bloomington, IL 61704, USA", "PHONE": "(309) 212-0071", "WEBSITE": null }, "geometry": { "type": "Point", "coordinates": [ -88.9432513, 40.4992276 ] } },
{ "type": "Feature", "properties": { "ZIP": "60560", "CITY": "Yorkville", "TIER": "T1 – EIEC ($500/kW MF + Full Residential)", "ACTIVITY": "Hot", "PROPERTY_TYPE": "Apartment Complex", "PROPERTY_NAME": "York Meadow Apartments", "ADDRESS": "302 E Kendall Dr, Yorkville, IL 60560, USA", "PHONE": "(630) 553-8129", "WEBSITE": "http://www.yorkmeadowapts.com/" }, "geometry": { "type": "Point", "coordinates": [ -88.4443456, 41.6644851 ] } },
{ "type": "Feature", "properties": { "ZIP": "60560", "CITY": "Yorkville", "TIER": "T1 – EIEC ($500/kW MF + Full Residential)", "ACTIVITY": "Hot", "PROPERTY_TYPE": "Apartment Complex", "PROPERTY_NAME": "The Reserve At Fox River Apartments", "ADDRESS": "1222 Marketplace Dr, Yorkville, IL 60560, USA", "PHONE": "(630) 882-9486", "WEBSITE": "https://reserveatfoxriver.com/" }, "geometry": { "type": "Point", "coordinates": [ -88.435933, 41.654772 ] } },
{ "type": "Feature", "properties": { "ZIP": "60560", "CITY": "Yorkville", "TIER": "T1 – EIEC ($500/kW MF + Full Residential)", "ACTIVITY": "Hot", "PROPERTY_TYPE": "Apartment Complex", "PROPERTY_NAME": "Countryside Village", "ADDRESS": "501 W Kendall Dr building 110, Yorkville, IL 60560, USA", "PHONE": "(630) 553-5040", "WEBSITE": "http://www.meridiangroupinc.net/" }, "geometry": { "type": "Point", "coordinates": [ -88.4504257, 41.6597785 ] } },
{ "type": "Feature", "properties": { "ZIP": "60560", "CITY": "Yorkville", "TIER": "T1 – EIEC ($500/kW MF + Full Residential)", "ACTIVITY": "Hot", "PROPERTY_TYPE": "Apartment Complex", "PROPERTY_NAME": "Penny Lane Apartments", "ADDRESS": "112 E Schoolhouse Rd, Yorkville, IL 60560, USA", "PHONE": "(630) 453-2735", "WEBSITE": "http://www.pennylaneapt.com/" }, "geometry": { "type": "Point", "coordinates": [ -88.4463815, 41.6333377 ] } },
{ "type": "Feature", "properties": { "ZIP": "60560", "CITY": "Yorkville", "TIER": "T1 – EIEC ($500/kW MF + Full Residential)", "ACTIVITY": "Hot", "PROPERTY_TYPE": "Senior Living", "PROPERTY_NAME": "Anthony Place Senior Apartments", "ADDRESS": "1050 Freemont St, Yorkville, IL 60560, USA", "PHONE": "(630) 708-3071", "WEBSITE": "https://anthonyplaceyorkville.com/" }, "geometry": { "type": "Point", "coordinates": [ -88.4391632, 41.6534881 ] } },
{ "type": "Feature", "properties": { "ZIP": "62025", "CITY": "Edwardsville", "TIER": "T1 – EIEC ($500/kW MF + Full Residential)", "ACTIVITY": "Hot", "PROPERTY_TYPE": "Apartment Complex", "PROPERTY_NAME": "The Social Edwardsville Apartments", "ADDRESS": "1 Campus Edge Dr, Edwardsville, IL 62025, USA", "PHONE": "(855) 200-1039", "WEBSITE": "https://thesocialedwardsville.com/?utm_source=gmb" }, "geometry": { "type": "Point", "coordinates": [ -89.9816319, 38.7846927 ] } },
{ "type": "Feature", "properties": { "ZIP": "62025", "CITY": "Edwardsville", "TIER": "T1 – EIEC ($500/kW MF + Full Residential)", "ACTIVITY": "Hot", "PROPERTY_TYPE": "Apartment Complex", "PROPERTY_NAME": "Whispering Heights", "ADDRESS": "1010 Enclave Blvd, Edwardsville, IL 62025, USA", "PHONE": "(618) 515-5230", "WEBSITE": "https://www.whispering-heights.com/" }, "geometry": { "type": "Point", "coordinates": [ -89.9705843, 38.8050234 ] } },
{ "type": "Feature", "properties": { "ZIP": "62025", "CITY": "Edwardsville", "TIER": "T1 – EIEC ($500/kW MF + Full Residential)", "ACTIVITY": "Hot", "PROPERTY_TYPE": "Apartment Complex", "PROPERTY_NAME": "Enclave", "ADDRESS": "1058 Enclave Blvd, Edwardsville, IL 62025, USA", "PHONE": "(618) 655-0050", "WEBSITE": "https://www.enclaveinfo.com/" }, "geometry": { "type": "Point", "coordinates": [ -89.97143, 38.8055053 ] } },
{ "type": "Feature", "properties": { "ZIP": "62025", "CITY": "Edwardsville", "TIER": "T1 – EIEC ($500/kW MF + Full Residential)", "ACTIVITY": "Hot", "PROPERTY_TYPE": "Apartment Complex", "PROPERTY_NAME": "The Reserve", "ADDRESS": "500 Reserve Cir Dr, Edwardsville, IL 62025, USA", "PHONE": "(618) 655-0700", "WEBSITE": "https://www.thereserveliving.com/" }, "geometry": { "type": "Point", "coordinates": [ -90.0094441, 38.8051073 ] } },
{ "type": "Feature", "properties": { "ZIP": "62025", "CITY": "Edwardsville", "TIER": "T1 – EIEC ($500/kW MF + Full Residential)", "ACTIVITY": "Hot", "PROPERTY_TYPE": "Apartment Complex", "PROPERTY_NAME": "Trace on the Parkway", "ADDRESS": "6150 Trace Pkwy Dr, Edwardsville, IL 62025, USA", "PHONE": "(618) 224-3320", "WEBSITE": "https://traceedwardsville.com/" }, "geometry": { "type": "Point", "coordinates": [ -89.9767392, 38.792783 ] } },
{ "type": "Feature", "properties": { "ZIP": "62025", "CITY": "Edwardsville", "TIER": "T1 – EIEC ($500/kW MF + Full Residential)", "ACTIVITY": "Hot", "PROPERTY_TYPE": "Apartment Complex", "PROPERTY_NAME": "RBM Edwardsville", "ADDRESS": "1010 Enclave Blvd, Edwardsville, IL 62025, USA", "PHONE": "(618) 656-8562", "WEBSITE": "https://www.rbmedwardsville.com/" }, "geometry": { "type": "Point", "coordinates": [ -89.9706664, 38.8050591 ] } },
{ "type": "Feature", "properties": { "ZIP": "62025", "CITY": "Edwardsville", "TIER": "T1 – EIEC ($500/kW MF + Full Residential)", "ACTIVITY": "Hot", "PROPERTY_TYPE": "Apartment Complex", "PROPERTY_NAME": "Parc at 720", "ADDRESS": "720 Puma Blvd, Edwardsville, IL 62025, USA", "PHONE": "(618) 718-5530", "WEBSITE": "https://www.parcat720.com/?switch_cls[id]=67805&utm_source=gmb&utm_medium=organic" }, "geometry": { "type": "Point", "coordinates": [ -90.0119569, 38.8036348 ] } },
{ "type": "Feature", "properties": { "ZIP": "62025", "CITY": "Edwardsville", "TIER": "T1 – EIEC ($500/kW MF + Full Residential)", "ACTIVITY": "Hot", "PROPERTY_TYPE": "Apartment Complex", "PROPERTY_NAME": "Latitude-38", "ADDRESS": "92 Magnolia Dr, Glen Carbon, IL 62034, USA", "PHONE": "(618) 442-3800", "WEBSITE": "https://livelatitude-38.com/" }, "geometry": { "type": "Point", "coordinates": [ -89.983217, 38.7761612 ] } },
{ "type": "Feature", "properties": { "ZIP": "62025", "CITY": "Edwardsville", "TIER": "T1 – EIEC ($500/kW MF + Full Residential)", "ACTIVITY": "Hot", "PROPERTY_TYPE": "Apartment Complex", "PROPERTY_NAME": "Landing Furnished Apartments at Whispering Heights", "ADDRESS": "1010 Enclave Blvd, Edwardsville, IL 62025, USA", "PHONE": "(205) 855-6700", "WEBSITE": "https://www.hellolanding.com/properties/whispering-heights" }, "geometry": { "type": "Point", "coordinates": [ -89.9706664, 38.8050591 ] } },
{ "type": "Feature", "properties": { "ZIP": "62025", "CITY": "Edwardsville", "TIER": "T1 – EIEC ($500/kW MF + Full Residential)", "ACTIVITY": "Hot", "PROPERTY_TYPE": "Apartment Complex", "PROPERTY_NAME": "Storyboard on Lancashire", "ADDRESS": "803 Lancashire Dr, Edwardsville, IL 62025, USA", "PHONE": "(888) 907-1842", "WEBSITE": "https://www.storyboardonlancashire.com/" }, "geometry": { "type": "Point", "coordinates": [ -89.9705753, 38.8026823 ] } },
{ "type": "Feature", "properties": { "ZIP": "62025", "CITY": "Edwardsville", "TIER": "T1 – EIEC ($500/kW MF + Full Residential)", "ACTIVITY": "Hot", "PROPERTY_TYPE": "Apartment Complex", "PROPERTY_NAME": "V & G LLC", "ADDRESS": "4 Silver Oaks Ln, Edwardsville, IL 62025, USA", "PHONE": "(618) 830-2613", "WEBSITE": "http://www.vgpart.com/" }, "geometry": { "type": "Point", "coordinates": [ -90.0042436, 38.7632085 ] } },
{ "type": "Feature", "properties": { "ZIP": "62025", "CITY": "Edwardsville", "TIER": "T1 – EIEC ($500/kW MF + Full Residential)", "ACTIVITY": "Hot", "PROPERTY_TYPE": "Senior Living", "PROPERTY_NAME": "Edwardsville Senior Living", "ADDRESS": "637 Hillsboro Ave, Edwardsville, IL 62025, USA", "PHONE": "(618) 491-5540", "WEBSITE": "https://www.edwardsvilleseniorliving.com/" }, "geometry": { "type": "Point", "coordinates": [ -89.9495178, 38.8155507 ] } },
{ "type": "Feature", "properties": { "ZIP": "62025", "CITY": "Edwardsville", "TIER": "T1 – EIEC ($500/kW MF + Full Residential)", "ACTIVITY": "Hot", "PROPERTY_TYPE": "Apartment Complex", "PROPERTY_NAME": "The Pointe at Devon Court", "ADDRESS": "50 Devon Ct, Edwardsville, IL 62025, USA", "PHONE": "(618) 418-4765", "WEBSITE": "https://thepointeatdevon.com/" }, "geometry": { "type": "Point", "coordinates": [ -89.9734582, 38.794925 ] } },
{ "type": "Feature", "properties": { "ZIP": "62025", "CITY": "Edwardsville", "TIER": "T1 – EIEC ($500/kW MF + Full Residential)", "ACTIVITY": "Hot", "PROPERTY_TYPE": "Mobile Home / MHC", "PROPERTY_NAME": "Quail Run Mobile Home Community", "ADDRESS": "5100 Kay Dr, Edwardsville, IL 62025, USA", "PHONE": "(618) 656-6727", "WEBSITE": "https://knightscommunities.com/edwardsville-illinois-quail-run-mobile-home-park/" }, "geometry": { "type": "Point", "coordinates": [ -90.0299301, 38.7888107 ] } },
{ "type": "Feature", "properties": { "ZIP": "62025", "CITY": "Edwardsville", "TIER": "T1 – EIEC ($500/kW MF + Full Residential)", "ACTIVITY": "Hot", "PROPERTY_TYPE": "Mobile Home / MHC", "PROPERTY_NAME": "University Flats Mobile Home Park", "ADDRESS": "2900 Sand Rd, Edwardsville, IL 62025, USA", "PHONE": "(618) 656-7368", "WEBSITE": null }, "geometry": { "type": "Point", "coordinates": [ -90.02429, 38.7648045 ] } },
{ "type": "Feature", "properties": { "ZIP": "62025", "CITY": "Edwardsville", "TIER": "T1 – EIEC ($500/kW MF + Full Residential)", "ACTIVITY": "Hot", "PROPERTY_TYPE": "Mobile Home / MHC", "PROPERTY_NAME": "Coachlight Trailer Park", "ADDRESS": "170 Coachlight Trailer Park, Glen Carbon, IL 62034, USA", "PHONE": "(618) 800-2673", "WEBSITE": null }, "geometry": { "type": "Point", "coordinates": [ -89.975532500000014, 38.7500457 ] } },
{ "type": "Feature", "properties": { "ZIP": "62025", "CITY": "Edwardsville", "TIER": "T1 – EIEC ($500/kW MF + Full Residential)", "ACTIVITY": "Hot", "PROPERTY_TYPE": "Mobile Home / MHC", "PROPERTY_NAME": "Newcastle Park, an Ozark Community", "ADDRESS": "1410 West Dr Lot 2, Bethalto, IL 62010, USA", "PHONE": "(618) 251-3300", "WEBSITE": "https://43properties.com/newcastle-park/" }, "geometry": { "type": "Point", "coordinates": [ -90.0616447, 38.9128113 ] } },
{ "type": "Feature", "properties": { "ZIP": "62025", "CITY": "Edwardsville", "TIER": "T1 – EIEC ($500/kW MF + Full Residential)", "ACTIVITY": "Hot", "PROPERTY_TYPE": "Mobile Home / MHC", "PROPERTY_NAME": "Mallard Lake Manufactured Home Community", "ADDRESS": "135 Mallard Dr, Pontoon Beach, IL 62040, USA", "PHONE": "(618) 797-6034", "WEBSITE": "https://www.bayshorehomesales.com/communities/mallardlake?utm_campaign=WebsiteURL&utm_medium=organic&utm_source=GMB" }, "geometry": { "type": "Point", "coordinates": [ -90.0606443, 38.7274962 ] } },
{ "type": "Feature", "properties": { "ZIP": "62025", "CITY": "Edwardsville", "TIER": "T1 – EIEC ($500/kW MF + Full Residential)", "ACTIVITY": "Hot", "PROPERTY_TYPE": "Mobile Home / MHC", "PROPERTY_NAME": "Woodland Trails Homes", "ADDRESS": "82 Deer Chase, Collinsville, IL 62234, USA", "PHONE": "(618) 344-8300", "WEBSITE": "https://woodlandtrailshomes.com/" }, "geometry": { "type": "Point", "coordinates": [ -90.0055738, 38.6902889 ] } },
{ "type": "Feature", "properties": { "ZIP": "62025", "CITY": "Edwardsville", "TIER": "T1 – EIEC ($500/kW MF + Full Residential)", "ACTIVITY": "Hot", "PROPERTY_TYPE": "Mobile Home / MHC", "PROPERTY_NAME": "Edwards Mobile Home Park", "ADDRESS": "3113 W Chain of Rocks Rd, Granite City, IL 62040, USA", "PHONE": "(618) 501-0257", "WEBSITE": "https://www.facebook.com/edwardsmhp/" }, "geometry": { "type": "Point", "coordinates": [ -90.1060643, 38.761074 ] } },
{ "type": "Feature", "properties": { "ZIP": "62269", "CITY": "O Fallon", "TIER": "T1 – EIEC ($500/kW MF + Full Residential)", "ACTIVITY": "Hot", "PROPERTY_TYPE": "Apartment Complex", "PROPERTY_NAME": "Fairfield Place Apartments", "ADDRESS": "2015 Fairfield Pl, O'Fallon, IL 62269, USA", "PHONE": "(618) 632-1889", "WEBSITE": "https://concordmanagement.net/" }, "geometry": { "type": "Point", "coordinates": [ -89.9646602, 38.5777844 ] } },
{ "type": "Feature", "properties": { "ZIP": "62269", "CITY": "O Fallon", "TIER": "T1 – EIEC ($500/kW MF + Full Residential)", "ACTIVITY": "Hot", "PROPERTY_TYPE": "Apartment Complex", "PROPERTY_NAME": "Cambridge Condominiums Apartments", "ADDRESS": "742 Granite Dr, O'Fallon, IL 62269, USA", "PHONE": "(618) 520-1784", "WEBSITE": "https://www.cambridgecondos-living.com/" }, "geometry": { "type": "Point", "coordinates": [ -89.9239919, 38.5866795 ] } },
{ "type": "Feature", "properties": { "ZIP": "62269", "CITY": "O Fallon", "TIER": "T1 – EIEC ($500/kW MF + Full Residential)", "ACTIVITY": "Hot", "PROPERTY_TYPE": "Apartment Complex", "PROPERTY_NAME": "Storyboard on Park Entrance", "ADDRESS": "820 Park Entrance Pl, O'Fallon, IL 62269, USA", "PHONE": "(855) 601-1604", "WEBSITE": "https://www.storyboardonparkentrance.com/" }, "geometry": { "type": "Point", "coordinates": [ -89.9054535, 38.5837548 ] } },
{ "type": "Feature", "properties": { "ZIP": "62269", "CITY": "O Fallon", "TIER": "T1 – EIEC ($500/kW MF + Full Residential)", "ACTIVITY": "Hot", "PROPERTY_TYPE": "Apartment Complex", "PROPERTY_NAME": "Tamarack Woods Apartments", "ADDRESS": "2301 Parkland Blvd, Shiloh, IL 62269, USA", "PHONE": "(618) 589-3270", "WEBSITE": "https://twoodsapartments.com/" }, "geometry": { "type": "Point", "coordinates": [ -89.909942, 38.568199 ] } },
{ "type": "Feature", "properties": { "ZIP": "62269", "CITY": "O Fallon", "TIER": "T1 – EIEC ($500/kW MF + Full Residential)", "ACTIVITY": "Hot", "PROPERTY_TYPE": "Apartment Complex", "PROPERTY_NAME": "Artisan", "ADDRESS": "1201 Artisan Drive, O'Fallon, IL 62269, USA", "PHONE": "(618) 680-1621", "WEBSITE": "https://www.artisanofallon.com/" }, "geometry": { "type": "Point", "coordinates": [ -89.9372618, 38.5782587 ] } },
{ "type": "Feature", "properties": { "ZIP": "62269", "CITY": "O Fallon", "TIER": "T1 – EIEC ($500/kW MF + Full Residential)", "ACTIVITY": "Hot", "PROPERTY_TYPE": "Apartment Complex", "PROPERTY_NAME": "Oasis at Hartman Lakes", "ADDRESS": "1045 Eventide Dr., Shiloh, IL 62269, USA", "PHONE": "(855) 598-3116", "WEBSITE": "https://www.oasishartmanlakes.com/" }, "geometry": { "type": "Point", "coordinates": [ -89.9506306, 38.5747541 ] } },
{ "type": "Feature", "properties": { "ZIP": "62269", "CITY": "O Fallon", "TIER": "T1 – EIEC ($500/kW MF + Full Residential)", "ACTIVITY": "Hot", "PROPERTY_TYPE": "Apartment Complex", "PROPERTY_NAME": "Aberdeen Village", "ADDRESS": "204 Coral Sea Way, O'Fallon, IL 62269, USA", "PHONE": "(618) 726-7147", "WEBSITE": "http://aberdeenvillagellc.com/" }, "geometry": { "type": "Point", "coordinates": [ -89.8728317, 38.5854753 ] } },
{ "type": "Feature", "properties": { "ZIP": "62269", "CITY": "O Fallon", "TIER": "T1 – EIEC ($500/kW MF + Full Residential)", "ACTIVITY": "Hot", "PROPERTY_TYPE": "Apartment Complex", "PROPERTY_NAME": "Thirteen01 at Hartman Lakes", "ADDRESS": "1301 Centerpoint Cir, Shiloh, IL 62269, USA", "PHONE": "(833) 793-1437", "WEBSITE": "https://www.1301hartmanlakes.com/?utm_source=GMB&utm_medium=organic" }, "geometry": { "type": "Point", "coordinates": [ -89.9484458, 38.5734913 ] } },
{ "type": "Feature", "properties": { "ZIP": "62269", "CITY": "O Fallon", "TIER": "T1 – EIEC ($500/kW MF + Full Residential)", "ACTIVITY": "Hot", "PROPERTY_TYPE": "Apartment Complex", "PROPERTY_NAME": "Storyboard on Sugar Pine", "ADDRESS": "109 Sugar Pine Ln, O'Fallon, IL 62269, USA", "PHONE": "(833) 619-1747", "WEBSITE": "http://storyboardonsugarpine.com/" }, "geometry": { "type": "Point", "coordinates": [ -89.913695, 38.575722 ] } },
{ "type": "Feature", "properties": { "ZIP": "62269", "CITY": "O Fallon", "TIER": "T1 – EIEC ($500/kW MF + Full Residential)", "ACTIVITY": "Hot", "PROPERTY_TYPE": "Apartment Complex", "PROPERTY_NAME": "Ansley Oaks Apartments", "ADDRESS": "545 Donna Dr, O'Fallon, IL 62269, USA", "PHONE": "(618) 233-6865", "WEBSITE": null }, "geometry": { "type": "Point", "coordinates": [ -89.9212267, 38.5832453 ] } },
{ "type": "Feature", "properties": { "ZIP": "62269", "CITY": "O Fallon", "TIER": "T1 – EIEC ($500/kW MF + Full Residential)", "ACTIVITY": "Hot", "PROPERTY_TYPE": "Apartment Complex", "PROPERTY_NAME": "Storyboard on Carol Ann", "ADDRESS": "Carol Ann Dr, O'Fallon, IL 62269, USA", "PHONE": "(833) 411-0837", "WEBSITE": "https://www.storyboardoncarolann.com/" }, "geometry": { "type": "Point", "coordinates": [ -89.9235458, 38.5844869 ] } },
{ "type": "Feature", "properties": { "ZIP": "62269", "CITY": "O Fallon", "TIER": "T1 – EIEC ($500/kW MF + Full Residential)", "ACTIVITY": "Hot", "PROPERTY_TYPE": "Apartment Complex", "PROPERTY_NAME": "Cantwell Crossing Apartments and Townhomes", "ADDRESS": "1452 Cantwell Ln, Swansea, IL 62226, USA", "PHONE": "(833) 585-1407", "WEBSITE": "http://cantwellcrossing.com/" }, "geometry": { "type": "Point", "coordinates": [ -89.964284, 38.5760128 ] } },
{ "type": "Feature", "properties": { "ZIP": "62269", "CITY": "O Fallon", "TIER": "T1 – EIEC ($500/kW MF + Full Residential)", "ACTIVITY": "Hot", "PROPERTY_TYPE": "Apartment Complex", "PROPERTY_NAME": "Brandywine", "ADDRESS": "104 Spartan Circle #1, O'Fallon, IL 62269, USA", "PHONE": "(618) 202-4397", "WEBSITE": "https://brandywine-living.com/?utm_source=Google&utm_medium=Local%20Map%20Pack" }, "geometry": { "type": "Point", "coordinates": [ -89.9089408, 38.5766727 ] } },
{ "type": "Feature", "properties": { "ZIP": "62269", "CITY": "O Fallon", "TIER": "T1 – EIEC ($500/kW MF + Full Residential)", "ACTIVITY": "Hot", "PROPERTY_TYPE": "Apartment Complex", "PROPERTY_NAME": "Winchester Place", "ADDRESS": "100 Winchester Pl, Fairview Heights, IL 62208, USA", "PHONE": "(618) 234-1100", "WEBSITE": "https://www.winchesterplaceapts.org/" }, "geometry": { "type": "Point", "coordinates": [ -89.9828634, 38.572802 ] } },
{ "type": "Feature", "properties": { "ZIP": "62269", "CITY": "O Fallon", "TIER": "T1 – EIEC ($500/kW MF + Full Residential)", "ACTIVITY": "Hot", "PROPERTY_TYPE": "Apartment Complex", "PROPERTY_NAME": "Green Door Apartments", "ADDRESS": "101 Adeline Dr Apt A, Belleville, IL 62221, USA", "PHONE": "(618) 726-9089", "WEBSITE": "https://www.leaseshiloh.com/?utm_source=google&utm_medium=organic&utm_campaign=gbp&utm_content=green-door-apartments" }, "geometry": { "type": "Point", "coordinates": [ -89.9399748, 38.5453369 ] } },
{ "type": "Feature", "properties": { "ZIP": "62269", "CITY": "O Fallon", "TIER": "T1 – EIEC ($500/kW MF + Full Residential)", "ACTIVITY": "Hot", "PROPERTY_TYPE": "Apartment Complex", "PROPERTY_NAME": "Storyboard on Hayden", "ADDRESS": "9680 Hayden Dr, Mascoutah, IL 62258, USA", "PHONE": "(855) 906-2115", "WEBSITE": "http://storyboardonhayden.com/" }, "geometry": { "type": "Point", "coordinates": [ -89.8144083, 38.5560363 ] } },
{ "type": "Feature", "properties": { "ZIP": "62269", "CITY": "O Fallon", "TIER": "T1 – EIEC ($500/kW MF + Full Residential)", "ACTIVITY": "Hot", "PROPERTY_TYPE": "Apartment Complex", "PROPERTY_NAME": "117 Spartan Circle Apt 1", "ADDRESS": "117 Spartan Circle Apt 1, O'Fallon, IL 62269, USA", "PHONE": null, "WEBSITE": null }, "geometry": { "type": "Point", "coordinates": [ -89.9055973, 38.5769668 ] } },
{ "type": "Feature", "properties": { "ZIP": "62269", "CITY": "O Fallon", "TIER": "T1 – EIEC ($500/kW MF + Full Residential)", "ACTIVITY": "Hot", "PROPERTY_TYPE": "Apartment Complex", "PROPERTY_NAME": "Villas At Crystal Lake", "ADDRESS": "3735 Round Hill Rd, Swansea, IL 62226, USA", "PHONE": "(844) 964-1928", "WEBSITE": "https://www.vclapartments.com/?utm_source=GMB&utm_medium=organic" }, "geometry": { "type": "Point", "coordinates": [ -89.9833872, 38.5590369 ] } },
{ "type": "Feature", "properties": { "ZIP": "62269", "CITY": "O Fallon", "TIER": "T1 – EIEC ($500/kW MF + Full Residential)", "ACTIVITY": "Hot", "PROPERTY_TYPE": "Apartment Complex", "PROPERTY_NAME": "Lakeside Park iew", "ADDRESS": "1159 Boulder Creek Drive, O'Fallon, IL 62269, USA", "PHONE": "(610) 593-6754", "WEBSITE": null }, "geometry": { "type": "Point", "coordinates": [ -89.9358178, 38.5742232 ] } },
{ "type": "Feature", "properties": { "ZIP": "62269", "CITY": "O Fallon", "TIER": "T1 – EIEC ($500/kW MF + Full Residential)", "ACTIVITY": "Hot", "PROPERTY_TYPE": "Mobile Home / MHC", "PROPERTY_NAME": "Shiloh Mobile Home Park", "ADDRESS": "105 High St, O'Fallon, IL 62269, USA", "PHONE": "(618) 632-1384", "WEBSITE": null }, "geometry": { "type": "Point", "coordinates": [ -89.8989579, 38.561385 ] } },
{ "type": "Feature", "properties": { "ZIP": "62269", "CITY": "O Fallon", "TIER": "T1 – EIEC ($500/kW MF + Full Residential)", "ACTIVITY": "Hot", "PROPERTY_TYPE": "Mobile Home / MHC", "PROPERTY_NAME": "Castle Acres Manufactured Home Community", "ADDRESS": "1713 W Hwy 50 #60, O'Fallon, IL 62269, USA", "PHONE": "(618) 632-5889", "WEBSITE": "https://www.bayshorehomesales.com/communities/castleacres?utm_campaign=websiteurl&utm_medium=organic&utm_source=gmb" }, "geometry": { "type": "Point", "coordinates": [ -89.9585958, 38.5893742 ] } },
{ "type": "Feature", "properties": { "ZIP": "62269", "CITY": "O Fallon", "TIER": "T1 – EIEC ($500/kW MF + Full Residential)", "ACTIVITY": "Hot", "PROPERTY_TYPE": "Mobile Home / MHC", "PROPERTY_NAME": "Valley View Estates Manufactured Home Community", "ADDRESS": "100 Julius Dr, Shiloh, IL 62269, USA", "PHONE": "(618) 632-1800", "WEBSITE": "https://www.bayshorehomesales.com/communities/valleyviewestatesil?utm_campaign=WebsiteURL&utm_medium=organic&utm_source=GMB" }, "geometry": { "type": "Point", "coordinates": [ -89.8900985, 38.5674781 ] } },
{ "type": "Feature", "properties": { "ZIP": "62269", "CITY": "O Fallon", "TIER": "T1 – EIEC ($500/kW MF + Full Residential)", "ACTIVITY": "Hot", "PROPERTY_TYPE": "Mobile Home / MHC", "PROPERTY_NAME": "Lake Suzanne MH Park", "ADDRESS": "301 N Main St Lot #52, Shiloh, IL 62269, USA", "PHONE": "(201) 681-7675", "WEBSITE": null }, "geometry": { "type": "Point", "coordinates": [ -89.8942337, 38.5684814 ] } },
{ "type": "Feature", "properties": { "ZIP": "62269", "CITY": "O Fallon", "TIER": "T1 – EIEC ($500/kW MF + Full Residential)", "ACTIVITY": "Hot", "PROPERTY_TYPE": "Mobile Home / MHC", "PROPERTY_NAME": "Oak Park Estates", "ADDRESS": "1200 West Blvd, Belleville, IL 62221, USA", "PHONE": "(618) 234-1761", "WEBSITE": null }, "geometry": { "type": "Point", "coordinates": [ -89.957447, 38.5303674 ] } },
{ "type": "Feature", "properties": { "ZIP": "62269", "CITY": "O Fallon", "TIER": "T1 – EIEC ($500/kW MF + Full Residential)", "ACTIVITY": "Hot", "PROPERTY_TYPE": "Mobile Home / MHC", "PROPERTY_NAME": "McDonald Mobile Homes & Country Meadows Communities", "ADDRESS": "300 Chambers Blvd, Swansea, IL 62226, USA", "PHONE": "(618) 234-0294", "WEBSITE": "http://mcdonaldmobilehomes.com/" }, "geometry": { "type": "Point", "coordinates": [ -89.9789754, 38.5435656 ] } },
{ "type": "Feature", "properties": { "ZIP": "61822", "CITY": "Champaign", "TIER": "T1 – EIEC ($500/kW MF + Full Residential)", "ACTIVITY": "Hot", "PROPERTY_TYPE": "Apartment Complex", "PROPERTY_NAME": "The Legends Apartments & Homes", "ADDRESS": "4422 Nicklaus Dr, Champaign, IL 61822, USA", "PHONE": "(855) 389-0178", "WEBSITE": "http://www.thelegendschampaign.com/" }, "geometry": { "type": "Point", "coordinates": [ -88.31737, 40.0764301 ] } },
{ "type": "Feature", "properties": { "ZIP": "61822", "CITY": "Champaign", "TIER": "T1 – EIEC ($500/kW MF + Full Residential)", "ACTIVITY": "Hot", "PROPERTY_TYPE": "Apartment Complex", "PROPERTY_NAME": "Windsor West Apartments", "ADDRESS": "2502 Fields S Dr, Champaign, IL 61822, USA", "PHONE": "(833) 847-8993", "WEBSITE": "http://www.windsorwest.com/" }, "geometry": { "type": "Point", "coordinates": [ -88.3084231, 40.0818831 ] } },
{ "type": "Feature", "properties": { "ZIP": "61822", "CITY": "Champaign", "TIER": "T1 – EIEC ($500/kW MF + Full Residential)", "ACTIVITY": "Hot", "PROPERTY_TYPE": "Apartment Complex", "PROPERTY_NAME": "Copper View Apartments", "ADDRESS": "2002 W Bradley Ave, Champaign, IL 61821, USA", "PHONE": "(217) 863-9518", "WEBSITE": "https://www.rentcopperview.com/" }, "geometry": { "type": "Point", "coordinates": [ -88.28109, 40.12814 ] } },
{ "type": "Feature", "properties": { "ZIP": "61822", "CITY": "Champaign", "TIER": "T1 – EIEC ($500/kW MF + Full Residential)", "ACTIVITY": "Hot", "PROPERTY_TYPE": "Apartment Complex", "PROPERTY_NAME": "Hunters Pond Apartment Homes", "ADDRESS": "2717 Hunters Pond Run, Champaign, IL 61820, USA", "PHONE": "(844) 564-8300", "WEBSITE": "https://www.hunterspond-apartments.com/?utm_source=GMB&utm_medium=organic" }, "geometry": { "type": "Point", "coordinates": [ -88.2446949, 40.1483293 ] } },
{ "type": "Feature", "properties": { "ZIP": "61822", "CITY": "Champaign", "TIER": "T1 – EIEC ($500/kW MF + Full Residential)", "ACTIVITY": "Hot", "PROPERTY_TYPE": "Apartment Complex", "PROPERTY_NAME": "Baytowne Apartments", "ADDRESS": "1000 Baytowne Dr, Champaign, IL 61822, USA", "PHONE": "(217) 352-1000", "WEBSITE": "http://www.baytowne.net/" }, "geometry": { "type": "Point", "coordinates": [ -88.2625723, 40.1407631 ] } },
{ "type": "Feature", "properties": { "ZIP": "61822", "CITY": "Champaign", "TIER": "T1 – EIEC ($500/kW MF + Full Residential)", "ACTIVITY": "Hot", "PROPERTY_TYPE": "Apartment Complex", "PROPERTY_NAME": "Stonegate Village Apartments by Royse + Brinkmeyer", "ADDRESS": "2503 W Springfield Ave B Building, Champaign, IL 61821, USA", "PHONE": "(217) 352-1129", "WEBSITE": "https://www.roysebrinkmeyer.com/stonegate-village" }, "geometry": { "type": "Point", "coordinates": [ -88.2871697, 40.1118555 ] } },
{ "type": "Feature", "properties": { "ZIP": "61822", "CITY": "Champaign", "TIER": "T1 – EIEC ($500/kW MF + Full Residential)", "ACTIVITY": "Hot", "PROPERTY_TYPE": "Apartment Complex", "PROPERTY_NAME": "The Landing at Legends", "ADDRESS": "4503 Legends Dr, Champaign, IL 61822, USA", "PHONE": "(855) 389-7891", "WEBSITE": "https://thelandingatlegends.com/" }, "geometry": { "type": "Point", "coordinates": [ -88.3181843, 40.0702285 ] } },
{ "type": "Feature", "properties": { "ZIP": "61822", "CITY": "Champaign", "TIER": "T1 – EIEC ($500/kW MF + Full Residential)", "ACTIVITY": "Hot", "PROPERTY_TYPE": "Apartment Complex", "PROPERTY_NAME": "Gentry Square Apartments", "ADDRESS": "1712 Gentry Square Ln, Champaign, IL 61821, USA", "PHONE": "(844) 914-0476", "WEBSITE": "http://www.gentrysquareapartments.com/" }, "geometry": { "type": "Point", "coordinates": [ -88.27505, 40.092248 ] } },
{ "type": "Feature", "properties": { "ZIP": "61822", "CITY": "Champaign", "TIER": "T1 – EIEC ($500/kW MF + Full Residential)", "ACTIVITY": "Hot", "PROPERTY_TYPE": "Apartment Complex", "PROPERTY_NAME": "Latitude Apartments", "ADDRESS": "608 E University Ave, Champaign, IL 61820, USA", "PHONE": "(217) 305-7098", "WEBSITE": "https://www.livelatitude.com/" }, "geometry": { "type": "Point", "coordinates": [ -88.2297642, 40.1166544 ] } },
{ "type": "Feature", "properties": { "ZIP": "61822", "CITY": "Champaign", "TIER": "T1 – EIEC ($500/kW MF + Full Residential)", "ACTIVITY": "Hot", "PROPERTY_TYPE": "Apartment Complex", "PROPERTY_NAME": "Nantucket Cove Apartments", "ADDRESS": "2001 Moreland Blvd, Champaign, IL 61822, USA", "PHONE": "(217) 302-7316", "WEBSITE": "https://www.liveatnantucketcove.com/?switch_cls[id]=72365" }, "geometry": { "type": "Point", "coordinates": [ -88.2519554, 40.1401828 ] } },
{ "type": "Feature", "properties": { "ZIP": "61822", "CITY": "Champaign", "TIER": "T1 – EIEC ($500/kW MF + Full Residential)", "ACTIVITY": "Hot", "PROPERTY_TYPE": "Apartment Complex", "PROPERTY_NAME": "Watersedge Apartments", "ADDRESS": "936 Waterview Way, Champaign, IL 61822, USA", "PHONE": "(217) 751-4008", "WEBSITE": "https://www.watersedgeapartments.net/" }, "geometry": { "type": "Point", "coordinates": [ -88.258967, 40.149521 ] } },
{ "type": "Feature", "properties": { "ZIP": "61822", "CITY": "Champaign", "TIER": "T1 – EIEC ($500/kW MF + Full Residential)", "ACTIVITY": "Hot", "PROPERTY_TYPE": "Apartment Complex", "PROPERTY_NAME": "HERE Champaign", "ADDRESS": "308 E Green St, Champaign, IL 61820, USA", "PHONE": "(855) 998-6093", "WEBSITE": "https://www.herechampaign.com/?utm_perq=gbp" }, "geometry": { "type": "Point", "coordinates": [ -88.2342474, 40.1105109 ] } },
{ "type": "Feature", "properties": { "ZIP": "61822", "CITY": "Champaign", "TIER": "T1 – EIEC ($500/kW MF + Full Residential)", "ACTIVITY": "Hot", "PROPERTY_TYPE": "Apartment Complex", "PROPERTY_NAME": "West Quad", "ADDRESS": "29 E Green St, Champaign, IL 61820, USA", "PHONE": "(217) 302-7352", "WEBSITE": "https://www.westquad.com/?switch_cls[id]=65688&utm_source=a53_gbp_website&utm_medium=organic" }, "geometry": { "type": "Point", "coordinates": [ -88.2414537, 40.1100757 ] } },
{ "type": "Feature", "properties": { "ZIP": "61822", "CITY": "Champaign", "TIER": "T1 – EIEC ($500/kW MF + Full Residential)", "ACTIVITY": "Hot", "PROPERTY_TYPE": "Apartment Complex", "PROPERTY_NAME": "Victoria Point Champaign IL Apartments", "ADDRESS": "2302 W John St, Champaign, IL 61821, USA", "PHONE": "(217) 863-1436", "WEBSITE": "http://champaignilapartments.com/" }, "geometry": { "type": "Point", "coordinates": [ -88.2843581, 40.1094937 ] } },
{ "type": "Feature", "properties": { "ZIP": "61822", "CITY": "Champaign", "TIER": "T1 – EIEC ($500/kW MF + Full Residential)", "ACTIVITY": "Hot", "PROPERTY_TYPE": "Apartment Complex", "PROPERTY_NAME": "Legacy202 Apartments", "ADDRESS": "202 E Daniel St, Champaign, IL 61820, USA", "PHONE": "(217) 552-1064", "WEBSITE": "https://legacy202.com/?utm_source=google&utm_medium=organic&utm_campaign=gmb" }, "geometry": { "type": "Point", "coordinates": [ -88.236608, 40.108248 ] } },
{ "type": "Feature", "properties": { "ZIP": "61822", "CITY": "Champaign", "TIER": "T1 – EIEC ($500/kW MF + Full Residential)", "ACTIVITY": "Hot", "PROPERTY_TYPE": "Apartment Complex", "PROPERTY_NAME": "Pacifica on Green", "ADDRESS": "28 E Green St, Champaign, IL 61820, USA", "PHONE": "(217) 318-5791", "WEBSITE": "https://www.pacificaongreen.com/?switch_cls[id]=98334&utm_source=google%20-%20entrataseo&utm_medium=organic&utm_campaign=gmb&utm_content=websiteclick" }, "geometry": { "type": "Point", "coordinates": [ -88.2414421, 40.1105399 ] } },
{ "type": "Feature", "properties": { "ZIP": "61822", "CITY": "Champaign", "TIER": "T1 – EIEC ($500/kW MF + Full Residential)", "ACTIVITY": "Hot", "PROPERTY_TYPE": "Apartment Complex", "PROPERTY_NAME": "Seven07", "ADDRESS": "707 S 4th St, Champaign, IL 61820, USA", "PHONE": "(217) 294-6260", "WEBSITE": "https://liveseven07.com/?switch_cls[id]=65688&utm_source=a53_gbp_website&utm_medium=organic" }, "geometry": { "type": "Point", "coordinates": [ -88.2341874, 40.1096008 ] } },
{ "type": "Feature", "properties": { "ZIP": "61822", "CITY": "Champaign", "TIER": "T1 – EIEC ($500/kW MF + Full Residential)", "ACTIVITY": "Hot", "PROPERTY_TYPE": "Apartment Complex", "PROPERTY_NAME": "Westgate Apartments", "ADDRESS": "1600 W Bradley Ave, Champaign, IL 61821, USA", "PHONE": "(217) 359-5330", "WEBSITE": "http://www.westgateapts.net/" }, "geometry": { "type": "Point", "coordinates": [ -88.2747459, 40.1281324 ] } },
{ "type": "Feature", "properties": { "ZIP": "61822", "CITY": "Champaign", "TIER": "T1 – EIEC ($500/kW MF + Full Residential)", "ACTIVITY": "Hot", "PROPERTY_TYPE": "Apartment Complex", "PROPERTY_NAME": "Octave", "ADDRESS": "210 S 4th St, Champaign, IL 61820, USA", "PHONE": "(217) 363-2888", "WEBSITE": "https://liveatoctave.com/?utm_source=google&utm_medium=organic&utm_campaign=gbp-profile" }, "geometry": { "type": "Point", "coordinates": [ -88.2330639, 40.1147027 ] } },
{ "type": "Feature", "properties": { "ZIP": "61822", "CITY": "Champaign", "TIER": "T1 – EIEC ($500/kW MF + Full Residential)", "ACTIVITY": "Hot", "PROPERTY_TYPE": "Apartment Complex", "PROPERTY_NAME": "Westbury Townhomes", "ADDRESS": "1801 W John St, Champaign, IL 61821, USA", "PHONE": "(217) 352-5509", "WEBSITE": "https://www.jsjmanagement.com/" }, "geometry": { "type": "Point", "coordinates": [ -88.2774872, 40.1086575 ] } },
{ "type": "Feature", "properties": { "ZIP": "61822", "CITY": "Champaign", "TIER": "T1 – EIEC ($500/kW MF + Full Residential)", "ACTIVITY": "Hot", "PROPERTY_TYPE": "Mobile Home / MHC", "PROPERTY_NAME": "New Century Estates", "ADDRESS": "4809 Windsor Rd, Champaign, IL 61822, USA", "PHONE": "(217) 661-0100", "WEBSITE": null }, "geometry": { "type": "Point", "coordinates": [ -88.3246591, 40.0841432 ] } },
{ "type": "Feature", "properties": { "ZIP": "61822", "CITY": "Champaign", "TIER": "T1 – EIEC ($500/kW MF + Full Residential)", "ACTIVITY": "Hot", "PROPERTY_TYPE": "Mobile Home / MHC", "PROPERTY_NAME": "Edgebrook Estates", "ADDRESS": "515 Edgebrook Dr, Champaign, IL 61820, USA", "PHONE": "(217) 636-3974", "WEBSITE": null }, "geometry": { "type": "Point", "coordinates": [ -88.2510604, 40.1318931 ] } },
{ "type": "Feature", "properties": { "ZIP": "61822", "CITY": "Champaign", "TIER": "T1 – EIEC ($500/kW MF + Full Residential)", "ACTIVITY": "Hot", "PROPERTY_TYPE": "Mobile Home / MHC", "PROPERTY_NAME": "Woodland Acres Mobile Home Park", "ADDRESS": "2200 E University Ave, Urbana, IL 61802, USA", "PHONE": "(217) 384-4455", "WEBSITE": "https://cairncommunities.com/community/woodland-acres/" }, "geometry": { "type": "Point", "coordinates": [ -88.1807769, 40.1148089 ] } },
{ "type": "Feature", "properties": { "ZIP": "61822", "CITY": "Champaign", "TIER": "T1 – EIEC ($500/kW MF + Full Residential)", "ACTIVITY": "Hot", "PROPERTY_TYPE": "Mobile Home / MHC", "PROPERTY_NAME": "Liberty Estate Commons", "ADDRESS": "1776 Independence Ave Office, Urbana, IL 61802, USA", "PHONE": "(217) 651-8642", "WEBSITE": null }, "geometry": { "type": "Point", "coordinates": [ -88.18742, 40.13345 ] } },
{ "type": "Feature", "properties": { "ZIP": "61822", "CITY": "Champaign", "TIER": "T1 – EIEC ($500/kW MF + Full Residential)", "ACTIVITY": "Hot", "PROPERTY_TYPE": "Mobile Home / MHC", "PROPERTY_NAME": "Carriage Estates", "ADDRESS": "58 Bridle Ln, Urbana, IL 61802, USA", "PHONE": "(217) 394-4280", "WEBSITE": null }, "geometry": { "type": "Point", "coordinates": [ -88.1804656, 40.1179466 ] } },
{ "type": "Feature", "properties": { "ZIP": "61822", "CITY": "Champaign", "TIER": "T1 – EIEC ($500/kW MF + Full Residential)", "ACTIVITY": "Hot", "PROPERTY_TYPE": "Mobile Home / MHC", "PROPERTY_NAME": "Country View Estates", "ADDRESS": "1604 E Olympian Rd, Urbana, IL 61802, USA", "PHONE": "(217) 643-2335", "WEBSITE": null }, "geometry": { "type": "Point", "coordinates": [ -88.186325599999989, 40.1581243 ] } },
{ "type": "Feature", "properties": { "ZIP": "61822", "CITY": "Champaign", "TIER": "T1 – EIEC ($500/kW MF + Full Residential)", "ACTIVITY": "Hot", "PROPERTY_TYPE": "Mobile Home / MHC", "PROPERTY_NAME": "Edge of Urbana Mobile Home Community", "ADDRESS": "2608 Brownfield Rd, Urbana, IL 61802, USA", "PHONE": "(217) 893-8414", "WEBSITE": null }, "geometry": { "type": "Point", "coordinates": [ -88.1706388, 40.1404554 ] } },
{ "type": "Feature", "properties": { "ZIP": "61822", "CITY": "Champaign", "TIER": "T1 – EIEC ($500/kW MF + Full Residential)", "ACTIVITY": "Hot", "PROPERTY_TYPE": "Mobile Home / MHC", "PROPERTY_NAME": "Northwood Estates", "ADDRESS": "1 Northwood Dr, Urbana, IL 61802, USA", "PHONE": "(217) 401-4732", "WEBSITE": null }, "geometry": { "type": "Point", "coordinates": [ -88.190383, 40.1396474 ] } },
{ "type": "Feature", "properties": { "ZIP": "61822", "CITY": "Champaign", "TIER": "T1 – EIEC ($500/kW MF + Full Residential)", "ACTIVITY": "Hot", "PROPERTY_TYPE": "Mobile Home / MHC", "PROPERTY_NAME": "Ivanhoe Estates", "ADDRESS": "26 Ivanhoe Dr, Urbana, IL 61802, USA", "PHONE": "(217) 636-4787", "WEBSITE": null }, "geometry": { "type": "Point", "coordinates": [ -88.189416, 40.129266 ] } },
{ "type": "Feature", "properties": { "ZIP": "61822", "CITY": "Champaign", "TIER": "T1 – EIEC ($500/kW MF + Full Residential)", "ACTIVITY": "Hot", "PROPERTY_TYPE": "Mobile Home / MHC", "PROPERTY_NAME": "Farm Lake", "ADDRESS": "2502 N Cunningham Ave, Urbana, IL 61802, USA", "PHONE": "(217) 328-0245", "WEBSITE": null }, "geometry": { "type": "Point", "coordinates": [ -88.1877316, 40.1385359 ] } },
{ "type": "Feature", "properties": { "ZIP": "61822", "CITY": "Champaign", "TIER": "T1 – EIEC ($500/kW MF + Full Residential)", "ACTIVITY": "Hot", "PROPERTY_TYPE": "Mobile Home / MHC", "PROPERTY_NAME": "Surbana Estates", "ADDRESS": "58 Bridle Ln, Urbana, IL 61802, USA", "PHONE": "(217) 367-0521", "WEBSITE": null }, "geometry": { "type": "Point", "coordinates": [ -88.180051, 40.1179081 ] } },
{ "type": "Feature", "properties": { "ZIP": "61822", "CITY": "Champaign", "TIER": "T1 – EIEC ($500/kW MF + Full Residential)", "ACTIVITY": "Hot", "PROPERTY_TYPE": "Mobile Home / MHC", "PROPERTY_NAME": "Wood's Edge", "ADDRESS": "202 Appletree Dr, Urbana, IL 61802, USA", "PHONE": "(217) 636-4130", "WEBSITE": null }, "geometry": { "type": "Point", "coordinates": [ -88.2064943, 40.141826 ] } },
{ "type": "Feature", "properties": { "ZIP": "61822", "CITY": "Champaign", "TIER": "T1 – EIEC ($500/kW MF + Full Residential)", "ACTIVITY": "Hot", "PROPERTY_TYPE": "Mobile Home / MHC", "PROPERTY_NAME": "The Oaks Mobile Home Park", "ADDRESS": "2 US-45 Lot #90, Tolono, IL 61880, USA", "PHONE": "(217) 485-3416", "WEBSITE": "https://cairncommunities.com/community/the-oaks-mhp/" }, "geometry": { "type": "Point", "coordinates": [ -88.2679067, 39.9733234 ] } },
{ "type": "Feature", "properties": { "ZIP": "61822", "CITY": "Champaign", "TIER": "T1 – EIEC ($500/kW MF + Full Residential)", "ACTIVITY": "Hot", "PROPERTY_TYPE": "Mobile Home / MHC", "PROPERTY_NAME": "Candlewood Estates", "ADDRESS": "808 N Prairie View Rd, Mahomet, IL 61853, USA", "PHONE": "(217) 942-7903", "WEBSITE": "https://www.candlewoodmhc.com/" }, "geometry": { "type": "Point", "coordinates": [ -88.3649126, 40.205121299999988 ] } },
{ "type": "Feature", "properties": { "ZIP": "61822", "CITY": "Champaign", "TIER": "T1 – EIEC ($500/kW MF + Full Residential)", "ACTIVITY": "Hot", "PROPERTY_TYPE": "Mobile Home / MHC", "PROPERTY_NAME": "Chief Illini", "ADDRESS": "63 1/2 Shemauger Trail, Urbana, IL 61802, USA", "PHONE": "(217) 697-4370", "WEBSITE": null }, "geometry": { "type": "Point", "coordinates": [ -88.177188, 40.119389 ] } },
{ "type": "Feature", "properties": { "ZIP": "61822", "CITY": "Champaign", "TIER": "T1 – EIEC ($500/kW MF + Full Residential)", "ACTIVITY": "Hot", "PROPERTY_TYPE": "Mobile Home / MHC", "PROPERTY_NAME": "Fountain Valley Mobile Home Park Office", "ADDRESS": "1 Fountain Vly, Rantoul, IL 61866, USA", "PHONE": "(217) 893-8414", "WEBSITE": null }, "geometry": { "type": "Point", "coordinates": [ -88.1690787, 40.2817236 ] } },
{ "type": "Feature", "properties": { "ZIP": "61822", "CITY": "Champaign", "TIER": "T1 – EIEC ($500/kW MF + Full Residential)", "ACTIVITY": "Hot", "PROPERTY_TYPE": "Mobile Home / MHC", "PROPERTY_NAME": "Stan BURTON", "ADDRESS": "2179 Monroe Dr, Urbana, IL 61802, USA", "PHONE": null, "WEBSITE": null }, "geometry": { "type": "Point", "coordinates": [ -88.1829176, 40.1372236 ] } },
{ "type": "Feature", "properties": { "ZIP": "61822", "CITY": "Champaign", "TIER": "T1 – EIEC ($500/kW MF + Full Residential)", "ACTIVITY": "Hot", "PROPERTY_TYPE": "Mobile Home / MHC", "PROPERTY_NAME": "Loral MHP", "ADDRESS": "13 loral trailer park, Urbana, IL 61802, USA", "PHONE": "(217) 718-4948", "WEBSITE": null }, "geometry": { "type": "Point", "coordinates": [ -88.2056665, 40.1390625 ] } },
{ "type": "Feature", "properties": { "ZIP": "61615", "CITY": "Peoria", "TIER": "T1 – EIEC ($500/kW MF + Full Residential)", "ACTIVITY": "Hot", "PROPERTY_TYPE": "Apartment Complex", "PROPERTY_NAME": "Prairie Lakes Apartments", "ADDRESS": "1700 W Coneflower Dr, Peoria, IL 61615, USA", "PHONE": "(309) 740-7093", "WEBSITE": "https://www.prairielakeslife.com/?utm_source=GMB&utm_medium=organic" }, "geometry": { "type": "Point", "coordinates": [ -89.6183854, 40.8073178 ] } },
{ "type": "Feature", "properties": { "ZIP": "61615", "CITY": "Peoria", "TIER": "T1 – EIEC ($500/kW MF + Full Residential)", "ACTIVITY": "Hot", "PROPERTY_TYPE": "Apartment Complex", "PROPERTY_NAME": "Apartments at Grand Prairie", "ADDRESS": "5400 West Sienna Lane, Peoria, IL 61615, USA", "PHONE": "(309) 498-0135", "WEBSITE": "https://www.apartmentsatgrandprairie.com/?utm_knock=g" }, "geometry": { "type": "Point", "coordinates": [ -89.6766911, 40.7842832 ] } },
{ "type": "Feature", "properties": { "ZIP": "61615", "CITY": "Peoria", "TIER": "T1 – EIEC ($500/kW MF + Full Residential)", "ACTIVITY": "Hot", "PROPERTY_TYPE": "Apartment Complex", "PROPERTY_NAME": "Timberlane Apartments", "ADDRESS": "2900 W War Memorial Dr, Peoria, IL 61615, USA", "PHONE": "(844) 312-8915", "WEBSITE": "https://www.timberlanelife.com/?utm_source=GMB&utm_medium=organic" }, "geometry": { "type": "Point", "coordinates": [ -89.6436826, 40.759073699999988 ] } },
{ "type": "Feature", "properties": { "ZIP": "61615", "CITY": "Peoria", "TIER": "T1 – EIEC ($500/kW MF + Full Residential)", "ACTIVITY": "Hot", "PROPERTY_TYPE": "Apartment Complex", "PROPERTY_NAME": "Grandview Apartment Homes", "ADDRESS": "5250 Knoxville Ave, Peoria, IL 61614, USA", "PHONE": "(309) 228-2705", "WEBSITE": "https://www.grandviewapartmenthomes.net/?utm_knock=g" }, "geometry": { "type": "Point", "coordinates": [ -89.5924709, 40.7502943 ] } },
{ "type": "Feature", "properties": { "ZIP": "61615", "CITY": "Peoria", "TIER": "T1 – EIEC ($500/kW MF + Full Residential)", "ACTIVITY": "Hot", "PROPERTY_TYPE": "Apartment Complex", "PROPERTY_NAME": "Forest Park Apartments", "ADDRESS": "1501 E Gardner Ln, Peoria Heights, IL 61616, USA", "PHONE": "(309) 682-8532", "WEBSITE": "http://www.forestparkapts.net/" }, "geometry": { "type": "Point", "coordinates": [ -89.570549, 40.7602691 ] } },
{ "type": "Feature", "properties": { "ZIP": "61615", "CITY": "Peoria", "TIER": "T1 – EIEC ($500/kW MF + Full Residential)", "ACTIVITY": "Hot", "PROPERTY_TYPE": "Apartment Complex", "PROPERTY_NAME": "Prairie Vista Apartments", "ADDRESS": "2401 W Alta Rd, Peoria, IL 61615, USA", "PHONE": "(309) 740-7123", "WEBSITE": "http://www.piperassets.com/" }, "geometry": { "type": "Point", "coordinates": [ -89.6290399, 40.8139607 ] } },
{ "type": "Feature", "properties": { "ZIP": "61615", "CITY": "Peoria", "TIER": "T1 – EIEC ($500/kW MF + Full Residential)", "ACTIVITY": "Hot", "PROPERTY_TYPE": "Apartment Complex", "PROPERTY_NAME": "Hollow Hills Apartments", "ADDRESS": "4019 W Hollow Creek Dr, Peoria, IL 61615, USA", "PHONE": "(309) 205-5866", "WEBSITE": "https://residential.yarealty.com/hollow-hills" }, "geometry": { "type": "Point", "coordinates": [ -89.6564398, 40.7680734 ] } },
{ "type": "Feature", "properties": { "ZIP": "61615", "CITY": "Peoria", "TIER": "T1 – EIEC ($500/kW MF + Full Residential)", "ACTIVITY": "Hot", "PROPERTY_TYPE": "Apartment Complex", "PROPERTY_NAME": "Versailles Apartments", "ADDRESS": "935 W Loire Ct, Peoria, IL 61614, USA", "PHONE": "(309) 237-0078", "WEBSITE": "https://www.rentversailles.com/" }, "geometry": { "type": "Point", "coordinates": [ -89.6067129, 40.7773023 ] } },
{ "type": "Feature", "properties": { "ZIP": "61615", "CITY": "Peoria", "TIER": "T1 – EIEC ($500/kW MF + Full Residential)", "ACTIVITY": "Hot", "PROPERTY_TYPE": "Apartment Complex", "PROPERTY_NAME": "The Grove Apartments", "ADDRESS": "1526 W Candletree Dr, Peoria, IL 61614, USA", "PHONE": "(309) 886-9033", "WEBSITE": "https://www.thegrovepeoria.com/" }, "geometry": { "type": "Point", "coordinates": [ -89.616704399999989, 40.780818 ] } },
{ "type": "Feature", "properties": { "ZIP": "61615", "CITY": "Peoria", "TIER": "T1 – EIEC ($500/kW MF + Full Residential)", "ACTIVITY": "Hot", "PROPERTY_TYPE": "Apartment Complex", "PROPERTY_NAME": "Timberbrook Apartments", "ADDRESS": "112 E Hines Pl, Peoria, IL 61614, USA", "PHONE": "(844) 578-8705", "WEBSITE": "https://www.timberbrookapts.com/?utm_source=GMB&utm_medium=organic" }, "geometry": { "type": "Point", "coordinates": [ -89.5922583, 40.7367198 ] } },
{ "type": "Feature", "properties": { "ZIP": "61615", "CITY": "Peoria", "TIER": "T1 – EIEC ($500/kW MF + Full Residential)", "ACTIVITY": "Hot", "PROPERTY_TYPE": "Apartment Complex", "PROPERTY_NAME": "Glenbrook Apartments", "ADDRESS": "4627 Knoxville Ave, Peoria, IL 61614, USA", "PHONE": "(309) 682-3222", "WEBSITE": "http://www.glenbrookapts.com/" }, "geometry": { "type": "Point", "coordinates": [ -89.5940934, 40.7440601 ] } },
{ "type": "Feature", "properties": { "ZIP": "61615", "CITY": "Peoria", "TIER": "T1 – EIEC ($500/kW MF + Full Residential)", "ACTIVITY": "Hot", "PROPERTY_TYPE": "Apartment Complex", "PROPERTY_NAME": "Brandywine Crossing Apartments", "ADDRESS": "4010 N Brandywine Dr, Peoria, IL 61614, USA", "PHONE": "(309) 685-5217", "WEBSITE": "https://www.brandywinecrossingapartments.com/" }, "geometry": { "type": "Point", "coordinates": [ -89.6189847, 40.7377229 ] } },
{ "type": "Feature", "properties": { "ZIP": "61615", "CITY": "Peoria", "TIER": "T1 – EIEC ($500/kW MF + Full Residential)", "ACTIVITY": "Hot", "PROPERTY_TYPE": "Apartment Complex", "PROPERTY_NAME": "Flats at Dunlap", "ADDRESS": "7150 N Terra Vista Dr, Peoria, IL 61614, USA", "PHONE": "(844) 699-5753", "WEBSITE": "https://www.flatsatdunlap.com/" }, "geometry": { "type": "Point", "coordinates": [ -89.6291849, 40.7744118 ] } },
{ "type": "Feature", "properties": { "ZIP": "61615", "CITY": "Peoria", "TIER": "T1 – EIEC ($500/kW MF + Full Residential)", "ACTIVITY": "Hot", "PROPERTY_TYPE": "Apartment Complex", "PROPERTY_NAME": "Frostwood Apartments", "ADDRESS": "5517-5705 N Frostwood Pkwy, Peoria, IL 61615, USA", "PHONE": "(309) 306-7002", "WEBSITE": "https://www.nhspm.com/properties/frostwood-apartments/" }, "geometry": { "type": "Point", "coordinates": [ -89.6631039, 40.7566542 ] } },
{ "type": "Feature", "properties": { "ZIP": "61615", "CITY": "Peoria", "TIER": "T1 – EIEC ($500/kW MF + Full Residential)", "ACTIVITY": "Hot", "PROPERTY_TYPE": "Apartment Complex", "PROPERTY_NAME": "Blutowne", "ADDRESS": "501 West Washington Street, East Peoria, IL 61611, USA", "PHONE": "(309) 481-4252", "WEBSITE": "https://blutowne.com/?utm_knock=gmb" }, "geometry": { "type": "Point", "coordinates": [ -89.587489, 40.6715154 ] } },
{ "type": "Feature", "properties": { "ZIP": "61615", "CITY": "Peoria", "TIER": "T1 – EIEC ($500/kW MF + Full Residential)", "ACTIVITY": "Hot", "PROPERTY_TYPE": "Apartment Complex", "PROPERTY_NAME": "The Willows", "ADDRESS": "7400 N Villa Lake Dr, Peoria, IL 61614, USA", "PHONE": "(309) 249-0583", "WEBSITE": "https://www.thewillowspeoria.com/?utm_knock=g" }, "geometry": { "type": "Point", "coordinates": [ -89.6385925, 40.7780268 ] } },
{ "type": "Feature", "properties": { "ZIP": "61615", "CITY": "Peoria", "TIER": "T1 – EIEC ($500/kW MF + Full Residential)", "ACTIVITY": "Hot", "PROPERTY_TYPE": "Apartment Complex", "PROPERTY_NAME": "Westporte Apartments", "ADDRESS": "2805 W Larchmont Ln Apt. B33, Peoria, IL 61615, USA", "PHONE": "(309) 685-0025", "WEBSITE": "https://www.nhspm.com/properties/westporte-apartments/" }, "geometry": { "type": "Point", "coordinates": [ -89.6362351, 40.737608 ] } },
{ "type": "Feature", "properties": { "ZIP": "61615", "CITY": "Peoria", "TIER": "T1 – EIEC ($500/kW MF + Full Residential)", "ACTIVITY": "Hot", "PROPERTY_TYPE": "Apartment Complex", "PROPERTY_NAME": "Hidden Oaks Apartments", "ADDRESS": "3602 N Kingston Dr, Peoria, IL 61604, USA", "PHONE": "(309) 306-7056", "WEBSITE": "https://nhspm.com/properties/hidden-oaks-apartments/" }, "geometry": { "type": "Point", "coordinates": [ -89.640645, 40.7314962 ] } },
{ "type": "Feature", "properties": { "ZIP": "61615", "CITY": "Peoria", "TIER": "T1 – EIEC ($500/kW MF + Full Residential)", "ACTIVITY": "Hot", "PROPERTY_TYPE": "Apartment Complex", "PROPERTY_NAME": "Covington Place Apartments", "ADDRESS": "1316 W Covington Ct, Peoria, IL 61614, USA", "PHONE": "(309) 216-8624", "WEBSITE": "https://www.rentlm.com/properties/peoria-il/crestwood-apartments" }, "geometry": { "type": "Point", "coordinates": [ -89.6143169, 40.7453138 ] } },
{ "type": "Feature", "properties": { "ZIP": "61615", "CITY": "Peoria", "TIER": "T1 – EIEC ($500/kW MF + Full Residential)", "ACTIVITY": "Hot", "PROPERTY_TYPE": "Apartment Complex", "PROPERTY_NAME": "Stewart's Glen Apartments", "ADDRESS": "1517 W Gift Ave, Peoria, IL 61604, USA", "PHONE": "(309) 213-2161", "WEBSITE": "https://stewartsglenapts.com/?utm_source=gbp&utm_medium=gbp&utm_campaign=gbp" }, "geometry": { "type": "Point", "coordinates": [ -89.617410299999989, 40.7204389 ] } },
{ "type": "Feature", "properties": { "ZIP": "61615", "CITY": "Peoria", "TIER": "T1 – EIEC ($500/kW MF + Full Residential)", "ACTIVITY": "Hot", "PROPERTY_TYPE": "Mobile Home / MHC", "PROPERTY_NAME": "Broadview Estates at East Peoria", "ADDRESS": "1085 Spring Bay Rd, East Peoria, IL 61611, USA", "PHONE": "(309) 407-3374", "WEBSITE": "https://broadviewcommunities.com/community/east-peoria-estates/" }, "geometry": { "type": "Point", "coordinates": [ -89.5243911, 40.7468376 ] } },
{ "type": "Feature", "properties": { "ZIP": "61615", "CITY": "Peoria", "TIER": "T1 – EIEC ($500/kW MF + Full Residential)", "ACTIVITY": "Hot", "PROPERTY_TYPE": "Mobile Home / MHC", "PROPERTY_NAME": "Royal Highlander Mobile Estate", "ADDRESS": "826 W Inverness St, Peoria, IL 61615, USA", "PHONE": "(309) 691-8767", "WEBSITE": "https://rootsmg.com/community/royal_highlander_peoria_il" }, "geometry": { "type": "Point", "coordinates": [ -89.6050986, 40.7911966 ] } },
{ "type": "Feature", "properties": { "ZIP": "61615", "CITY": "Peoria", "TIER": "T1 – EIEC ($500/kW MF + Full Residential)", "ACTIVITY": "Hot", "PROPERTY_TYPE": "Mobile Home / MHC", "PROPERTY_NAME": "River East Village", "ADDRESS": "119 Hiatt Ln, East Peoria, IL 61611, USA", "PHONE": "(309) 280-2160", "WEBSITE": null }, "geometry": { "type": "Point", "coordinates": [ -89.5278854, 40.7244033 ] } },
{ "type": "Feature", "properties": { "ZIP": "61615", "CITY": "Peoria", "TIER": "T1 – EIEC ($500/kW MF + Full Residential)", "ACTIVITY": "Hot", "PROPERTY_TYPE": "Mobile Home / MHC", "PROPERTY_NAME": "Wagon Wheel Mobile Park", "ADDRESS": "800 Bloomington Rd, East Peoria, IL 61611, USA", "PHONE": "(309) 692-2223", "WEBSITE": null }, "geometry": { "type": "Point", "coordinates": [ -89.5546274, 40.6606352 ] } },
{ "type": "Feature", "properties": { "ZIP": "61615", "CITY": "Peoria", "TIER": "T1 – EIEC ($500/kW MF + Full Residential)", "ACTIVITY": "Hot", "PROPERTY_TYPE": "Mobile Home / MHC", "PROPERTY_NAME": "Deluxe Lake Estates Manufactured Home Community", "ADDRESS": "338 N Amy Dr, Bellevue, IL 61604, USA", "PHONE": "(309) 697-4736", "WEBSITE": "https://www.bayshorehomesales.com/communities/deluxelakeestatesil?utm_campaign=WebsiteURL&utm_medium=organic&utm_source=GMB" }, "geometry": { "type": "Point", "coordinates": [ -89.6873685, 40.6927397 ] } },
{ "type": "Feature", "properties": { "ZIP": "61615", "CITY": "Peoria", "TIER": "T1 – EIEC ($500/kW MF + Full Residential)", "ACTIVITY": "Hot", "PROPERTY_TYPE": "Mobile Home / MHC", "PROPERTY_NAME": "Pinewood Estates", "ADDRESS": "100 Pinewood Estates, Chillicothe, IL 61523, USA", "PHONE": "(309) 319-9724", "WEBSITE": "https://www.pinewoodestates-mhc.com/" }, "geometry": { "type": "Point", "coordinates": [ -89.5510328, 40.8789767 ] } },
{ "type": "Feature", "properties": { "ZIP": "61615", "CITY": "Peoria", "TIER": "T1 – EIEC ($500/kW MF + Full Residential)", "ACTIVITY": "Hot", "PROPERTY_TYPE": "Mobile Home / MHC", "PROPERTY_NAME": "Cedar Ridge Village", "ADDRESS": "United States, Illinois, Creve Coeur, Fischer Rd, # 490邮政编码: 61610", "PHONE": "(309) 699-1815", "WEBSITE": "https://www.cedarridgevillage.net/" }, "geometry": { "type": "Point", "coordinates": [ -89.5976371, 40.638156 ] } },
{ "type": "Feature", "properties": { "ZIP": "62704", "CITY": "Springfield", "TIER": "T1 – EIEC ($500/kW MF + Full Residential)", "ACTIVITY": "Hot", "PROPERTY_TYPE": "Apartment Complex", "PROPERTY_NAME": "Orchard Park", "ADDRESS": "1516 Seven Pines Rd, Springfield, IL 62704, USA", "PHONE": "(217) 394-5724", "WEBSITE": "https://www.orchardparkil.com/" }, "geometry": { "type": "Point", "coordinates": [ -89.678688, 39.7593526 ] } },
{ "type": "Feature", "properties": { "ZIP": "62704", "CITY": "Springfield", "TIER": "T1 – EIEC ($500/kW MF + Full Residential)", "ACTIVITY": "Hot", "PROPERTY_TYPE": "Apartment Complex", "PROPERTY_NAME": "Huntington Ridge Apartments", "ADDRESS": "4001 Treviso Dr, Springfield, IL 62703, USA", "PHONE": "(833) 704-5209", "WEBSITE": "https://www.huntington-ridge.com/?rcstdid=Mg%3D%3D-YRjTEizZPgM%3D&utm_source=GoogleSearch_Referral&utm_campaign=Directory_Listing" }, "geometry": { "type": "Point", "coordinates": [ -89.6580638, 39.7418377 ] } },
{ "type": "Feature", "properties": { "ZIP": "62704", "CITY": "Springfield", "TIER": "T1 – EIEC ($500/kW MF + Full Residential)", "ACTIVITY": "Hot", "PROPERTY_TYPE": "Apartment Complex", "PROPERTY_NAME": "Lincoln Tower Apartments", "ADDRESS": "520 S 2nd St Ste 1400, Springfield, IL 62701, USA", "PHONE": "(844) 999-1641", "WEBSITE": "https://www.liveatlincolntower.com/?rcstdid=Mg%3D%3D-YRjTEizZPgM%3D" }, "geometry": { "type": "Point", "coordinates": [ -89.6522283, 39.7967181 ] } },
{ "type": "Feature", "properties": { "ZIP": "62704", "CITY": "Springfield", "TIER": "T1 – EIEC ($500/kW MF + Full Residential)", "ACTIVITY": "Hot", "PROPERTY_TYPE": "Apartment Complex", "PROPERTY_NAME": "The Boulevard Townhomes", "ADDRESS": "2715 S MacArthur Blvd, Springfield, IL 62704, USA", "PHONE": "(217) 670-2677", "WEBSITE": "https://www.theboulevardtownhomes.net/" }, "geometry": { "type": "Point", "coordinates": [ -89.6705746, 39.7696313 ] } },
{ "type": "Feature", "properties": { "ZIP": "62704", "CITY": "Springfield", "TIER": "T1 – EIEC ($500/kW MF + Full Residential)", "ACTIVITY": "Hot", "PROPERTY_TYPE": "Apartment Complex", "PROPERTY_NAME": "Meadow View Landing", "ADDRESS": "2801 Montaluma Dr, Springfield, IL 62704, USA", "PHONE": "(888) 691-6810", "WEBSITE": "https://www.liveatmeadowview-landing.com/" }, "geometry": { "type": "Point", "coordinates": [ -89.6929185, 39.7682995 ] } },
{ "type": "Feature", "properties": { "ZIP": "62704", "CITY": "Springfield", "TIER": "T1 – EIEC ($500/kW MF + Full Residential)", "ACTIVITY": "Hot", "PROPERTY_TYPE": "Apartment Complex", "PROPERTY_NAME": "The Villas Downtown Springfield", "ADDRESS": "350 E Madison St, Springfield, IL 62701, USA", "PHONE": "(217) 720-0936", "WEBSITE": "http://www.villasdowntown.com/" }, "geometry": { "type": "Point", "coordinates": [ -89.6509362, 39.8037067 ] } },
{ "type": "Feature", "properties": { "ZIP": "62704", "CITY": "Springfield", "TIER": "T1 – EIEC ($500/kW MF + Full Residential)", "ACTIVITY": "Hot", "PROPERTY_TYPE": "Apartment Complex", "PROPERTY_NAME": "Smart Choice Properties, LLC", "ADDRESS": "980 Clocktower Dr, Springfield, IL 62704, USA", "PHONE": "(217) 787-7977", "WEBSITE": "http://www.smartchoiceproperties.net/" }, "geometry": { "type": "Point", "coordinates": [ -89.704122, 39.789997 ] } },
{ "type": "Feature", "properties": { "ZIP": "62704", "CITY": "Springfield", "TIER": "T1 – EIEC ($500/kW MF + Full Residential)", "ACTIVITY": "Hot", "PROPERTY_TYPE": "Apartment Complex", "PROPERTY_NAME": "Orchard Park South", "ADDRESS": "2745 S 4th St, Springfield, IL 62703, USA", "PHONE": "(217) 787-2288", "WEBSITE": null }, "geometry": { "type": "Point", "coordinates": [ -89.6526638, 39.7651184 ] } },
{ "type": "Feature", "properties": { "ZIP": "62704", "CITY": "Springfield", "TIER": "T1 – EIEC ($500/kW MF + Full Residential)", "ACTIVITY": "Hot", "PROPERTY_TYPE": "Apartment Complex", "PROPERTY_NAME": "Rosemoore Apartments", "ADDRESS": "2235 S Koke Mill Rd, Springfield, IL 62711, USA", "PHONE": "(217) 441-2698", "WEBSITE": "https://www.rosemooreapartments.com/?rcstdid=Mg%3D%3D-YRjTEizZPgM%3D" }, "geometry": { "type": "Point", "coordinates": [ -89.7160794, 39.7732525 ] } },
{ "type": "Feature", "properties": { "ZIP": "62704", "CITY": "Springfield", "TIER": "T1 – EIEC ($500/kW MF + Full Residential)", "ACTIVITY": "Hot", "PROPERTY_TYPE": "Apartment Complex", "PROPERTY_NAME": "Pine Ridge Apartments", "ADDRESS": "1833 Seven Pines Rd, Springfield, IL 62704, USA", "PHONE": "(217) 572-1453", "WEBSITE": "http://www.pineridgespringfield.com/" }, "geometry": { "type": "Point", "coordinates": [ -89.6844404, 39.7600861 ] } },
{ "type": "Feature", "properties": { "ZIP": "62704", "CITY": "Springfield", "TIER": "T1 – EIEC ($500/kW MF + Full Residential)", "ACTIVITY": "Hot", "PROPERTY_TYPE": "Apartment Complex", "PROPERTY_NAME": "Cedar Point Apartments", "ADDRESS": "1666 Seven Pines Rd, Springfield, IL 62704, USA", "PHONE": "(217) 787-5950", "WEBSITE": "https://princetonmanagement.com/communities/cedar-point-apartments/" }, "geometry": { "type": "Point", "coordinates": [ -89.6817474, 39.7594833 ] } },
{ "type": "Feature", "properties": { "ZIP": "62704", "CITY": "Springfield", "TIER": "T1 – EIEC ($500/kW MF + Full Residential)", "ACTIVITY": "Hot", "PROPERTY_TYPE": "Apartment Complex", "PROPERTY_NAME": "Brick City Apartments", "ADDRESS": "231 E Canedy St A, Springfield, IL 62704, USA", "PHONE": "(217) 820-4168", "WEBSITE": "http://www.brickcityapartments.com/" }, "geometry": { "type": "Point", "coordinates": [ -89.652423399999989, 39.792558 ] } },
{ "type": "Feature", "properties": { "ZIP": "62704", "CITY": "Springfield", "TIER": "T1 – EIEC ($500/kW MF + Full Residential)", "ACTIVITY": "Hot", "PROPERTY_TYPE": "Apartment Complex", "PROPERTY_NAME": "Candles", "ADDRESS": "9 Candlelight Dr, Springfield, IL 62704, USA", "PHONE": "(217) 698-5801", "WEBSITE": "https://www.thecandlesapts.com/?utm_source=GMB&utm_medium=organic" }, "geometry": { "type": "Point", "coordinates": [ -89.6831076, 39.7575643 ] } },
{ "type": "Feature", "properties": { "ZIP": "62704", "CITY": "Springfield", "TIER": "T1 – EIEC ($500/kW MF + Full Residential)", "ACTIVITY": "Hot", "PROPERTY_TYPE": "Apartment Complex", "PROPERTY_NAME": "Pine Woods Apartments", "ADDRESS": "1665 Seven Pines Rd, Springfield, IL 62704, USA", "PHONE": "(217) 207-3231", "WEBSITE": "https://beaconproperty.com/properties/pinewoods?utm_knock=g" }, "geometry": { "type": "Point", "coordinates": [ -89.6817992, 39.7607015 ] } },
{ "type": "Feature", "properties": { "ZIP": "62704", "CITY": "Springfield", "TIER": "T1 – EIEC ($500/kW MF + Full Residential)", "ACTIVITY": "Hot", "PROPERTY_TYPE": "Apartment Complex", "PROPERTY_NAME": "Denison Place Apartments", "ADDRESS": "1300 Denison Dr Apt D, Springfield, IL 62704, USA", "PHONE": "(217) 528-9795", "WEBSITE": null }, "geometry": { "type": "Point", "coordinates": [ -89.6738236, 39.7718156 ] } },
{ "type": "Feature", "properties": { "ZIP": "62704", "CITY": "Springfield", "TIER": "T1 – EIEC ($500/kW MF + Full Residential)", "ACTIVITY": "Hot", "PROPERTY_TYPE": "Apartment Complex", "PROPERTY_NAME": "Hunter Glen Apartments", "ADDRESS": "2638 Stratford Dr, Springfield, IL 62704, USA", "PHONE": "(217) 787-2293", "WEBSITE": "https://www.apartments.com/hunter-glen-apartments-springfield-il/w11leph/" }, "geometry": { "type": "Point", "coordinates": [ -89.703872, 39.7517988 ] } },
{ "type": "Feature", "properties": { "ZIP": "62704", "CITY": "Springfield", "TIER": "T1 – EIEC ($500/kW MF + Full Residential)", "ACTIVITY": "Hot", "PROPERTY_TYPE": "Apartment Complex", "PROPERTY_NAME": "The District Apartment Homes", "ADDRESS": "550 W Miller St, Springfield, IL 62702, USA", "PHONE": "(309) 220-8900", "WEBSITE": null }, "geometry": { "type": "Point", "coordinates": [ -89.6628479, 39.8085795 ] } },
{ "type": "Feature", "properties": { "ZIP": "62704", "CITY": "Springfield", "TIER": "T1 – EIEC ($500/kW MF + Full Residential)", "ACTIVITY": "Hot", "PROPERTY_TYPE": "Apartment Complex", "PROPERTY_NAME": "Meadow View Place", "ADDRESS": "4305 W Washington St, Springfield, IL 62711, USA", "PHONE": "(844) 461-1994", "WEBSITE": "https://www.liveatmeadowview-place.com/" }, "geometry": { "type": "Point", "coordinates": [ -89.7355335, 39.8022905 ] } },
{ "type": "Feature", "properties": { "ZIP": "62704", "CITY": "Springfield", "TIER": "T1 – EIEC ($500/kW MF + Full Residential)", "ACTIVITY": "Hot", "PROPERTY_TYPE": "Apartment Complex", "PROPERTY_NAME": "The Hickox Collection", "ADDRESS": "631 S 4th St, Springfield, IL 62703, USA", "PHONE": "(217) 679-3584", "WEBSITE": "https://www.thehickoxcollection.com/" }, "geometry": { "type": "Point", "coordinates": [ -89.6516703, 39.7952021 ] } },
{ "type": "Feature", "properties": { "ZIP": "62704", "CITY": "Springfield", "TIER": "T1 – EIEC ($500/kW MF + Full Residential)", "ACTIVITY": "Hot", "PROPERTY_TYPE": "Apartment Complex", "PROPERTY_NAME": "Premier Living LLC", "ADDRESS": "310 Dickinson Rd, Springfield, IL 62704, USA", "PHONE": "(217) 461-4543", "WEBSITE": "https://premierlivingil.com/" }, "geometry": { "type": "Point", "coordinates": [ -89.6954992, 39.7964304 ] } },
{ "type": "Feature", "properties": { "ZIP": "62704", "CITY": "Springfield", "TIER": "T1 – EIEC ($500/kW MF + Full Residential)", "ACTIVITY": "Hot", "PROPERTY_TYPE": "Mobile Home / MHC", "PROPERTY_NAME": "Ridge Village Mobile Home Park", "ADDRESS": "2800 Ridge Ave, Springfield, IL 62702, USA", "PHONE": "(217) 481-9400", "WEBSITE": "http://www.ridgevillagemhc.com/" }, "geometry": { "type": "Point", "coordinates": [ -89.6084521, 39.8168049 ] } },
{ "type": "Feature", "properties": { "ZIP": "62704", "CITY": "Springfield", "TIER": "T1 – EIEC ($500/kW MF + Full Residential)", "ACTIVITY": "Hot", "PROPERTY_TYPE": "Mobile Home / MHC", "PROPERTY_NAME": "Park Ridge Mobile Home Park", "ADDRESS": "1751 N Grand Ave W, Springfield, IL 62702, USA", "PHONE": "(217) 341-4200", "WEBSITE": null }, "geometry": { "type": "Point", "coordinates": [ -89.6830225, 39.8166444 ] } },
{ "type": "Feature", "properties": { "ZIP": "62704", "CITY": "Springfield", "TIER": "T1 – EIEC ($500/kW MF + Full Residential)", "ACTIVITY": "Hot", "PROPERTY_TYPE": "Mobile Home / MHC", "PROPERTY_NAME": "Woodland Acres Pointe Mobile Home Park", "ADDRESS": "3500 N Dirksen Pkwy Lot #11, Springfield, IL 62702, USA", "PHONE": "(217) 720-1660", "WEBSITE": "https://yougotithomes.com/community/woodland-acres-pointe/" }, "geometry": { "type": "Point", "coordinates": [ -89.6046051, 39.852847 ] } },
{ "type": "Feature", "properties": { "ZIP": "62704", "CITY": "Springfield", "TIER": "T1 – EIEC ($500/kW MF + Full Residential)", "ACTIVITY": "Hot", "PROPERTY_TYPE": "Mobile Home / MHC", "PROPERTY_NAME": "Pheasant Run an FR Community", "ADDRESS": "3535 E Cook St, Springfield, IL 62703, USA", "PHONE": "(217) 522-5113", "WEBSITE": "https://frcommunity.com/pheasant-run/?utm_source=google&utm_medium=organic&utm_campaign=gmb" }, "geometry": { "type": "Point", "coordinates": [ -89.5985623, 39.7951026 ] } },
{ "type": "Feature", "properties": { "ZIP": "62704", "CITY": "Springfield", "TIER": "T1 – EIEC ($500/kW MF + Full Residential)", "ACTIVITY": "Hot", "PROPERTY_TYPE": "Mobile Home / MHC", "PROPERTY_NAME": "Edgewood Mobile Home Park", "ADDRESS": "3201 S Douglas Ave lot 49, Springfield, IL 62704, USA", "PHONE": "(630) 447-0114", "WEBSITE": "https://knightscommunities.com/springfield-illinois-edgewood-mobile-home-park/" }, "geometry": { "type": "Point", "coordinates": [ -89.6717671, 39.7625288 ] } },
{ "type": "Feature", "properties": { "ZIP": "62704", "CITY": "Springfield", "TIER": "T1 – EIEC ($500/kW MF + Full Residential)", "ACTIVITY": "Hot", "PROPERTY_TYPE": "Mobile Home / MHC", "PROPERTY_NAME": "Pinewood Mobile Home Community", "ADDRESS": "61 Gettysburg Dr, Springfield, IL 62702, USA", "PHONE": "(217) 207-1100", "WEBSITE": "https://sgcommunities.com/community/pinewood/" }, "geometry": { "type": "Point", "coordinates": [ -89.6755705, 39.8184747 ] } },
{ "type": "Feature", "properties": { "ZIP": "62704", "CITY": "Springfield", "TIER": "T1 – EIEC ($500/kW MF + Full Residential)", "ACTIVITY": "Hot", "PROPERTY_TYPE": "Mobile Home / MHC", "PROPERTY_NAME": "Charter Oaks Mobile Home Park", "ADDRESS": "3351 Terminal Ave, Springfield, IL 62707, USA", "PHONE": "(217) 679-2254", "WEBSITE": "https://charteroaksspringfield.com/" }, "geometry": { "type": "Point", "coordinates": [ -89.6099924, 39.8501802 ] } },
{ "type": "Feature", "properties": { "ZIP": "62704", "CITY": "Springfield", "TIER": "T1 – EIEC ($500/kW MF + Full Residential)", "ACTIVITY": "Hot", "PROPERTY_TYPE": "Mobile Home / MHC", "PROPERTY_NAME": "Sunset Park Mobile Home Community", "ADDRESS": "3303 E Enos Ave, Springfield, IL 62702, USA", "PHONE": "(217) 207-1100", "WEBSITE": "https://sgcommunities.com/community/sunset-park/" }, "geometry": { "type": "Point", "coordinates": [ -89.603425, 39.8077152 ] } },
{ "type": "Feature", "properties": { "ZIP": "62704", "CITY": "Springfield", "TIER": "T1 – EIEC ($500/kW MF + Full Residential)", "ACTIVITY": "Hot", "PROPERTY_TYPE": "Mobile Home / MHC", "PROPERTY_NAME": "Cottonwood Cove MHC", "ADDRESS": "3617 N Grand Ave E #55, Springfield, IL 62702, USA", "PHONE": "(217) 599-6007", "WEBSITE": "https://cambiomhc.com/communities/profile/cottonwood-cove" }, "geometry": { "type": "Point", "coordinates": [ -89.5951391, 39.8141146 ] } },
{ "type": "Feature", "properties": { "ZIP": "62704", "CITY": "Springfield", "TIER": "T1 – EIEC ($500/kW MF + Full Residential)", "ACTIVITY": "Hot", "PROPERTY_TYPE": "Mobile Home / MHC", "PROPERTY_NAME": "Northbrook MHC", "ADDRESS": "3430 N Peoria Rd apt a, Springfield, IL 62702, USA", "PHONE": "(217) 616-3401", "WEBSITE": "https://cambiomhc.com/communities/profile/northbrook" }, "geometry": { "type": "Point", "coordinates": [ -89.6238302, 39.8485232 ] } },
{ "type": "Feature", "properties": { "ZIP": "62704", "CITY": "Springfield", "TIER": "T1 – EIEC ($500/kW MF + Full Residential)", "ACTIVITY": "Hot", "PROPERTY_TYPE": "Mobile Home / MHC", "PROPERTY_NAME": "North Oaks Manufactured Home Community", "ADDRESS": "4001 Sandhill Road Office, 4001 Sandhill Rd lot 223, Springfield, IL 62702, USA", "PHONE": "(312) 970-6034", "WEBSITE": null }, "geometry": { "type": "Point", "coordinates": [ -89.619936, 39.8578385 ] } },
{ "type": "Feature", "properties": { "ZIP": "62704", "CITY": "Springfield", "TIER": "T1 – EIEC ($500/kW MF + Full Residential)", "ACTIVITY": "Hot", "PROPERTY_TYPE": "Mobile Home / MHC", "PROPERTY_NAME": "Oakwood an FR Community", "ADDRESS": "3725 N Peoria Rd, Springfield, IL 62702, USA", "PHONE": "(217) 523-0498", "WEBSITE": "https://frcommunity.com/oakwood/?utm_source=google&utm_medium=Organic&utm_campaign=gmb" }, "geometry": { "type": "Point", "coordinates": [ -89.62857480000001, 39.8504877 ] } },
{ "type": "Feature", "properties": { "ZIP": "62704", "CITY": "Springfield", "TIER": "T1 – EIEC ($500/kW MF + Full Residential)", "ACTIVITY": "Hot", "PROPERTY_TYPE": "Mobile Home / MHC", "PROPERTY_NAME": "Forrest Park MHC", "ADDRESS": "302 Forrest Ave, Springfield, IL 62702, USA", "PHONE": "(217) 599-6003", "WEBSITE": "https://cambiomhc.com/communities/profile/forrest-park" }, "geometry": { "type": "Point", "coordinates": [ -89.6175365, 39.8051082 ] } },
{ "type": "Feature", "properties": { "ZIP": "62704", "CITY": "Springfield", "TIER": "T1 – EIEC ($500/kW MF + Full Residential)", "ACTIVITY": "Hot", "PROPERTY_TYPE": "Mobile Home / MHC", "PROPERTY_NAME": "Northwood Mobile Home Community", "ADDRESS": "4113 N Peoria Rd, Springfield, IL 62702, USA", "PHONE": "(217) 207-1100", "WEBSITE": "https://sgcommunities.com/community/northwood/" }, "geometry": { "type": "Point", "coordinates": [ -89.6213905, 39.8533031 ] } },
{ "type": "Feature", "properties": { "ZIP": "62704", "CITY": "Springfield", "TIER": "T1 – EIEC ($500/kW MF + Full Residential)", "ACTIVITY": "Hot", "PROPERTY_TYPE": "Mobile Home / MHC", "PROPERTY_NAME": "Willow Grove", "ADDRESS": "3451 Ridge Ave, Springfield, IL 62702, USA", "PHONE": "(217) 544-9528", "WEBSITE": null }, "geometry": { "type": "Point", "coordinates": [ -89.5987733, 39.8225712 ] } },
{ "type": "Feature", "properties": { "ZIP": "62704", "CITY": "Springfield", "TIER": "T1 – EIEC ($500/kW MF + Full Residential)", "ACTIVITY": "Hot", "PROPERTY_TYPE": "Mobile Home / MHC", "PROPERTY_NAME": "Bissell Village MHC", "ADDRESS": "198 Gem St, Springfield, IL 62707, USA", "PHONE": "(217) 616-2401", "WEBSITE": "https://cambiomhc.com/communities/profile/bissell-village" }, "geometry": { "type": "Point", "coordinates": [ -89.5880673, 39.8497115 ] } },
{ "type": "Feature", "properties": { "ZIP": "62704", "CITY": "Springfield", "TIER": "T1 – EIEC ($500/kW MF + Full Residential)", "ACTIVITY": "Hot", "PROPERTY_TYPE": "Mobile Home / MHC", "PROPERTY_NAME": "Westwood Place", "ADDRESS": "1515 N Lincoln Ave, Springfield, IL 62702, USA", "PHONE": null, "WEBSITE": "https://westwood55plus.com/" }, "geometry": { "type": "Point", "coordinates": [ -89.6734078, 39.8203881 ] } },
{ "type": "Feature", "properties": { "ZIP": "62704", "CITY": "Springfield", "TIER": "T1 – EIEC ($500/kW MF + Full Residential)", "ACTIVITY": "Hot", "PROPERTY_TYPE": "Mobile Home / MHC", "PROPERTY_NAME": "Gaslite Senior Mobile Home Court", "ADDRESS": "1618 W Jefferson St, Springfield, IL 62702, USA", "PHONE": "(201) 681-7675", "WEBSITE": null }, "geometry": { "type": "Point", "coordinates": [ -89.6813298, 39.8059873 ] } },
{ "type": "Feature", "properties": { "ZIP": "62704", "CITY": "Springfield", "TIER": "T1 – EIEC ($500/kW MF + Full Residential)", "ACTIVITY": "Hot", "PROPERTY_TYPE": "Mobile Home / MHC", "PROPERTY_NAME": "Patch Place", "ADDRESS": "2735 S 14th St, Springfield, IL 62703, USA", "PHONE": "(309) 431-5511", "WEBSITE": "https://www.patchplacemhc.com/" }, "geometry": { "type": "Point", "coordinates": [ -89.6360931, 39.7652091 ] } },
{ "type": "Feature", "properties": { "ZIP": "62704", "CITY": "Springfield", "TIER": "T1 – EIEC ($500/kW MF + Full Residential)", "ACTIVITY": "Hot", "PROPERTY_TYPE": "Mobile Home / MHC", "PROPERTY_NAME": "Deerwood Estates Mobile Home Community", "ADDRESS": "3401 Ridge Ave, Springfield, IL 62702, USA", "PHONE": "(319) 321-1550", "WEBSITE": null }, "geometry": { "type": "Point", "coordinates": [ -89.6000061, 39.8211784 ] } },
{ "type": "Feature", "properties": { "ZIP": "61705", "CITY": "Bloomington", "TIER": "T1 – EIEC ($500/kW MF + Full Residential)", "ACTIVITY": "Hot", "PROPERTY_TYPE": "Apartment Complex", "PROPERTY_NAME": "The Oaks Apartments", "ADDRESS": "1221 Thru 1249 W Hovey Ave, Normal, IL 61761, USA", "PHONE": null, "WEBSITE": "https://firstsiteapartments.com/on-campus/bedrooms/4/property/1231-w-hovey-ave-4-5-bath" }, "geometry": { "type": "Point", "coordinates": [ -89.0059614, 40.5014169 ] } },
{ "type": "Feature", "properties": { "ZIP": "61705", "CITY": "Bloomington", "TIER": "T1 – EIEC ($500/kW MF + Full Residential)", "ACTIVITY": "Hot", "PROPERTY_TYPE": "Apartment Complex", "PROPERTY_NAME": "White Oak Villas", "ADDRESS": "65 - 1018 Loyalty Way, Normal, IL 61761, USA", "PHONE": "(309) 888-4444", "WEBSITE": "http://www.firstsiteapartments.com/" }, "geometry": { "type": "Point", "coordinates": [ -89.0087424, 40.4999613 ] } },
{ "type": "Feature", "properties": { "ZIP": "61705", "CITY": "Bloomington", "TIER": "T1 – EIEC ($500/kW MF + Full Residential)", "ACTIVITY": "Hot", "PROPERTY_TYPE": "Mobile Home / MHC", "PROPERTY_NAME": "Country Lane Mobile Home Park", "ADDRESS": "1 Country Ln, Heyworth, IL 61745, USA", "PHONE": null, "WEBSITE": null }, "geometry": { "type": "Point", "coordinates": [ -88.9856948, 40.3450164 ] } },
{ "type": "Feature", "properties": { "ZIP": "62221", "CITY": "Belleville", "TIER": "T1 – EIEC ($500/kW MF + Full Residential)", "ACTIVITY": "Hot", "PROPERTY_TYPE": "Apartment Complex", "PROPERTY_NAME": "The Meadows at Shadow Ridge", "ADDRESS": "1671 Shadow Ridge Ct, Belleville, IL 62221, USA", "PHONE": "(618) 825-9001", "WEBSITE": "http://www.crholland.com/the-meadows-at-shadow-ridge/" }, "geometry": { "type": "Point", "coordinates": [ -89.9745732, 38.531932 ] } },
{ "type": "Feature", "properties": { "ZIP": "62221", "CITY": "Belleville", "TIER": "T1 – EIEC ($500/kW MF + Full Residential)", "ACTIVITY": "Hot", "PROPERTY_TYPE": "Apartment Complex", "PROPERTY_NAME": "St. Clair Village", "ADDRESS": "409 Carlyle E, Belleville, IL 62221, USA", "PHONE": "(618) 234-2203", "WEBSITE": "https://www.stclairvillageapts.com/?utm_source=Google&utm_medium=Local%20Map%20Pack" }, "geometry": { "type": "Point", "coordinates": [ -89.9366364, 38.5228061 ] } },
{ "type": "Feature", "properties": { "ZIP": "62221", "CITY": "Belleville", "TIER": "T1 – EIEC ($500/kW MF + Full Residential)", "ACTIVITY": "Hot", "PROPERTY_TYPE": "Apartment Complex", "PROPERTY_NAME": "Storyboard on Shan", "ADDRESS": "2800 Shan Dr, Belleville, IL 62221, USA", "PHONE": "(833) 740-1539", "WEBSITE": "http://storyboardonshan.com/" }, "geometry": { "type": "Point", "coordinates": [ -89.9183617, 38.522396 ] } },
{ "type": "Feature", "properties": { "ZIP": "62221", "CITY": "Belleville", "TIER": "T1 – EIEC ($500/kW MF + Full Residential)", "ACTIVITY": "Hot", "PROPERTY_TYPE": "Apartment Complex", "PROPERTY_NAME": "Lofts On The Square", "ADDRESS": "16 S Illinois St Ste A, Belleville, IL 62220, USA", "PHONE": "(618) 764-3495", "WEBSITE": "https://beaconproperty.com/properties/lofts-on-the-square?utm_knock=g" }, "geometry": { "type": "Point", "coordinates": [ -89.9841015, 38.5130668 ] } },
{ "type": "Feature", "properties": { "ZIP": "62221", "CITY": "Belleville", "TIER": "T1 – EIEC ($500/kW MF + Full Residential)", "ACTIVITY": "Hot", "PROPERTY_TYPE": "Apartment Complex", "PROPERTY_NAME": "Storyboard on Roger (Formerly Willow Park Apartments)", "ADDRESS": "1151 Roger Ave, Swansea, IL 62226, USA", "PHONE": "(855) 958-1978", "WEBSITE": "https://www.storyboardonroger.com/" }, "geometry": { "type": "Point", "coordinates": [ -89.995592, 38.5385616 ] } },
{ "type": "Feature", "properties": { "ZIP": "62221", "CITY": "Belleville", "TIER": "T1 – EIEC ($500/kW MF + Full Residential)", "ACTIVITY": "Hot", "PROPERTY_TYPE": "Apartment Complex", "PROPERTY_NAME": "Storyboard on Wisteria", "ADDRESS": "1456 Wisteria Ct, Swansea, IL 62226, USA", "PHONE": "(844) 504-2452", "WEBSITE": "http://storyboardonwisteria.com/" }, "geometry": { "type": "Point", "coordinates": [ -89.9960548, 38.5478972 ] } },
{ "type": "Feature", "properties": { "ZIP": "62221", "CITY": "Belleville", "TIER": "T1 – EIEC ($500/kW MF + Full Residential)", "ACTIVITY": "Hot", "PROPERTY_TYPE": "Apartment Complex", "PROPERTY_NAME": "Falcon Place Townhomes", "ADDRESS": "9724 Luan Dr Unit 6, Mascoutah, IL 62258, USA", "PHONE": "(618) 484-9038", "WEBSITE": "https://www.falcontownhomes.com/" }, "geometry": { "type": "Point", "coordinates": [ -89.8113909, 38.5575145 ] } },
{ "type": "Feature", "properties": { "ZIP": "62221", "CITY": "Belleville", "TIER": "T1 – EIEC ($500/kW MF + Full Residential)", "ACTIVITY": "Hot", "PROPERTY_TYPE": "Apartment Complex", "PROPERTY_NAME": "Northbrooke Commons", "ADDRESS": "280 Douglas Ave, Mascoutah, IL 62258, USA", "PHONE": "(866) 783-0920", "WEBSITE": "http://www.northbrookecommons.com/" }, "geometry": { "type": "Point", "coordinates": [ -89.8023158, 38.5074383 ] } },
{ "type": "Feature", "properties": { "ZIP": "62221", "CITY": "Belleville", "TIER": "T1 – EIEC ($500/kW MF + Full Residential)", "ACTIVITY": "Hot", "PROPERTY_TYPE": "Apartment Complex", "PROPERTY_NAME": "Cottonwood Village", "ADDRESS": "1415 N Church St, Belleville, IL 62221, USA", "PHONE": "(618) 506-0171", "WEBSITE": "http://www.liveincottonwood.com/" }, "geometry": { "type": "Point", "coordinates": [ -89.9727123, 38.527032 ] } },
{ "type": "Feature", "properties": { "ZIP": "62221", "CITY": "Belleville", "TIER": "T1 – EIEC ($500/kW MF + Full Residential)", "ACTIVITY": "Hot", "PROPERTY_TYPE": "Mobile Home / MHC", "PROPERTY_NAME": "Meadowbrook Manufactured Home Community", "ADDRESS": "2512 E B Street Rd, Belleville, IL 62221, USA", "PHONE": "(618) 416-1021", "WEBSITE": "https://www.bayshorehomesales.com/communities/meadowbrook" }, "geometry": { "type": "Point", "coordinates": [ -89.948167, 38.5293903 ] } },
{ "type": "Feature", "properties": { "ZIP": "62221", "CITY": "Belleville", "TIER": "T1 – EIEC ($500/kW MF + Full Residential)", "ACTIVITY": "Hot", "PROPERTY_TYPE": "Mobile Home / MHC", "PROPERTY_NAME": "Dutch Hollow Village", "ADDRESS": "2495 Royal Mine Rd, Belleville, IL 62226, USA", "PHONE": "(618) 277-3745", "WEBSITE": "http://www.dutchhollowvillage.com/" }, "geometry": { "type": "Point", "coordinates": [ -90.0058543, 38.549037299999988 ] } },
{ "type": "Feature", "properties": { "ZIP": "62221", "CITY": "Belleville", "TIER": "T1 – EIEC ($500/kW MF + Full Residential)", "ACTIVITY": "Hot", "PROPERTY_TYPE": "Mobile Home / MHC", "PROPERTY_NAME": "Arapaho Village", "ADDRESS": "135 Arapaho Dr, Belleville, IL 62220, USA", "PHONE": "(618) 235-5905", "WEBSITE": "http://www.arapahovillage.net/" }, "geometry": { "type": "Point", "coordinates": [ -90.0069521, 38.498994499999988 ] } },
{ "type": "Feature", "properties": { "ZIP": "62221", "CITY": "Belleville", "TIER": "T1 – EIEC ($500/kW MF + Full Residential)", "ACTIVITY": "Hot", "PROPERTY_TYPE": "Mobile Home / MHC", "PROPERTY_NAME": "Swansea Village Mobile Home Pk", "ADDRESS": "500 Anna St, Swansea, IL 62226, USA", "PHONE": "(618) 418-4839", "WEBSITE": null }, "geometry": { "type": "Point", "coordinates": [ -89.9791857, 38.531230099999988 ] } },
{ "type": "Feature", "properties": { "ZIP": "62221", "CITY": "Belleville", "TIER": "T1 – EIEC ($500/kW MF + Full Residential)", "ACTIVITY": "Hot", "PROPERTY_TYPE": "Mobile Home / MHC", "PROPERTY_NAME": "Varski Properties, LLC", "ADDRESS": "2919 S Belt W Ste c, Belleville, IL 62226, USA", "PHONE": "(618) 520-8999", "WEBSITE": null }, "geometry": { "type": "Point", "coordinates": [ -90.026478, 38.529359 ] } },
{ "type": "Feature", "properties": { "ZIP": "62221", "CITY": "Belleville", "TIER": "T1 – EIEC ($500/kW MF + Full Residential)", "ACTIVITY": "Hot", "PROPERTY_TYPE": "Mobile Home / MHC", "PROPERTY_NAME": "Freeburg Mobile Home Park", "ADDRESS": "96 Deerfield Ct, Freeburg, IL 62243, USA", "PHONE": "(618) 539-3348", "WEBSITE": "http://twinpeaksmanagement.com/" }, "geometry": { "type": "Point", "coordinates": [ -89.9164021, 38.4404397 ] } },
{ "type": "Feature", "properties": { "ZIP": "62221", "CITY": "Belleville", "TIER": "T1 – EIEC ($500/kW MF + Full Residential)", "ACTIVITY": "Hot", "PROPERTY_TYPE": "Mobile Home / MHC", "PROPERTY_NAME": "Mascoutah Meadows", "ADDRESS": "511 E South St Lot 8, Mascoutah, IL 62258, USA", "PHONE": "(618) 613-4045", "WEBSITE": "http://www.mascoutahmeadows.com/" }, "geometry": { "type": "Point", "coordinates": [ -89.790492, 38.489018 ] } },
{ "type": "Feature", "properties": { "ZIP": "62221", "CITY": "Belleville", "TIER": "T1 – EIEC ($500/kW MF + Full Residential)", "ACTIVITY": "Hot", "PROPERTY_TYPE": "Mobile Home / MHC", "PROPERTY_NAME": "Swansea MH Park", "ADDRESS": "1401 N Illinois St Lot 14, Swansea, IL 62226, USA", "PHONE": "(618) 550-2200", "WEBSITE": null }, "geometry": { "type": "Point", "coordinates": [ -89.9845777, 38.5281853 ] } },
{ "type": "Feature", "properties": { "ZIP": "62221", "CITY": "Belleville", "TIER": "T1 – EIEC ($500/kW MF + Full Residential)", "ACTIVITY": "Hot", "PROPERTY_TYPE": "Mobile Home / MHC", "PROPERTY_NAME": "Arthur Court", "ADDRESS": "Lot #26, 500 Arthur St, Belleville, IL 62221, USA", "PHONE": null, "WEBSITE": null }, "geometry": { "type": "Point", "coordinates": [ -89.970614, 38.52235 ] } },
{ "type": "Feature", "properties": { "ZIP": "62221", "CITY": "Belleville", "TIER": "T1 – EIEC ($500/kW MF + Full Residential)", "ACTIVITY": "Hot", "PROPERTY_TYPE": "Mobile Home / MHC", "PROPERTY_NAME": "Mascoutah Acres", "ADDRESS": "300 S Independence St, Mascoutah, IL 62258, USA", "PHONE": "(618) 540-9959", "WEBSITE": null }, "geometry": { "type": "Point", "coordinates": [ -89.791453, 38.4878349 ] } },
{ "type": "Feature", "properties": { "ZIP": "62221", "CITY": "Belleville", "TIER": "T1 – EIEC ($500/kW MF + Full Residential)", "ACTIVITY": "Hot", "PROPERTY_TYPE": "Mobile Home / MHC", "PROPERTY_NAME": "Mascoutah Manor", "ADDRESS": "615 E South St, Mascoutah, IL 62258, USA", "PHONE": "(618) 566-2714", "WEBSITE": null }, "geometry": { "type": "Point", "coordinates": [ -89.78869, 38.489225 ] } },
{ "type": "Feature", "properties": { "ZIP": "62221", "CITY": "Belleville", "TIER": "T1 – EIEC ($500/kW MF + Full Residential)", "ACTIVITY": "Hot", "PROPERTY_TYPE": "Mobile Home / MHC", "PROPERTY_NAME": "Shawn Drive", "ADDRESS": "3 Shawn Dr, Swansea, IL 62226, USA", "PHONE": "(201) 870-7763", "WEBSITE": null }, "geometry": { "type": "Point", "coordinates": [ -89.996169, 38.5289899 ] } },
{ "type": "Feature", "properties": { "ZIP": "62711", "CITY": "Springfield", "TIER": "T1 – EIEC ($500/kW MF + Full Residential)", "ACTIVITY": "Hot", "PROPERTY_TYPE": "Apartment Complex", "PROPERTY_NAME": "Whispering Pines Apartment Homes", "ADDRESS": "2473 Ladley Ct, Springfield, IL 62703, USA", "PHONE": "(217) 529-2830", "WEBSITE": "https://www.rentfromcle.com/vacancies?search=springfield" }, "geometry": { "type": "Point", "coordinates": [ -89.6201368, 39.7618665 ] } },
{ "type": "Feature", "properties": { "ZIP": "62711", "CITY": "Springfield", "TIER": "T1 – EIEC ($500/kW MF + Full Residential)", "ACTIVITY": "Hot", "PROPERTY_TYPE": "Apartment Complex", "PROPERTY_NAME": "Spring Meadows Apartments", "ADDRESS": "3117 Butler St A, Springfield, IL 62703, USA", "PHONE": "(217) 481-5925", "WEBSITE": null }, "geometry": { "type": "Point", "coordinates": [ -89.6248703, 39.7598214 ] } },
{ "type": "Feature", "properties": { "ZIP": "62711", "CITY": "Springfield", "TIER": "T1 – EIEC ($500/kW MF + Full Residential)", "ACTIVITY": "Hot", "PROPERTY_TYPE": "Apartment Complex", "PROPERTY_NAME": "Apartment Mart of Springfield", "ADDRESS": "1600 Toronto Rd, Springfield, IL 62712, USA", "PHONE": "(217) 529-2900", "WEBSITE": "https://apartmentmartofspringfield.com/" }, "geometry": { "type": "Point", "coordinates": [ -89.6323473, 39.7134433 ] } },
{ "type": "Feature", "properties": { "ZIP": "62711", "CITY": "Springfield", "TIER": "T1 – EIEC ($500/kW MF + Full Residential)", "ACTIVITY": "Hot", "PROPERTY_TYPE": "Mobile Home / MHC", "PROPERTY_NAME": "Scottsdale", "ADDRESS": "720 Forrest Ave, Springfield, IL 62702, USA", "PHONE": "(309) 431-5511", "WEBSITE": "https://www.scottsdalemhc.com/" }, "geometry": { "type": "Point", "coordinates": [ -89.6161242, 39.8091991 ] } },
{ "type": "Feature", "properties": { "ZIP": "62711", "CITY": "Springfield", "TIER": "T1 – EIEC ($500/kW MF + Full Residential)", "ACTIVITY": "Hot", "PROPERTY_TYPE": "Mobile Home / MHC", "PROPERTY_NAME": "Lincoln Trails Mobile Home Community", "ADDRESS": "4263 Old Rte 36, Springfield, IL 62707, USA", "PHONE": null, "WEBSITE": null }, "geometry": { "type": "Point", "coordinates": [ -89.5731048, 39.8159179 ] } },
{ "type": "Feature", "properties": { "ZIP": "61614", "CITY": "Peoria", "TIER": "T1 – EIEC ($500/kW MF + Full Residential)", "ACTIVITY": "Hot", "PROPERTY_TYPE": "Apartment Complex", "PROPERTY_NAME": "The Village on University", "ADDRESS": "6516 N University St, Peoria, IL 61614, USA", "PHONE": "(309) 857-7195", "WEBSITE": "https://www.thevillageonuniversity.com/" }, "geometry": { "type": "Point", "coordinates": [ -89.6118008, 40.7681792 ] } },
{ "type": "Feature", "properties": { "ZIP": "61614", "CITY": "Peoria", "TIER": "T1 – EIEC ($500/kW MF + Full Residential)", "ACTIVITY": "Hot", "PROPERTY_TYPE": "Apartment Complex", "PROPERTY_NAME": "Parkview Estates Apartments", "ADDRESS": "2401 N Gale Ave, Peoria, IL 61604, USA", "PHONE": "(309) 685-3968", "WEBSITE": "https://www.parkviewestatesil.com/?p=1&nocache=1" }, "geometry": { "type": "Point", "coordinates": [ -89.6171085, 40.7158977 ] } },
{ "type": "Feature", "properties": { "ZIP": "61614", "CITY": "Peoria", "TIER": "T1 – EIEC ($500/kW MF + Full Residential)", "ACTIVITY": "Hot", "PROPERTY_TYPE": "Apartment Complex", "PROPERTY_NAME": "Civic Center Plaza Apartments", "ADDRESS": "331 Fulton St, Peoria, IL 61602, USA", "PHONE": "(309) 315-3707", "WEBSITE": "https://www.ccppeoria.com/" }, "geometry": { "type": "Point", "coordinates": [ -89.5920012, 40.6915623 ] } },
{ "type": "Feature", "properties": { "ZIP": "61614", "CITY": "Peoria", "TIER": "T1 – EIEC ($500/kW MF + Full Residential)", "ACTIVITY": "Hot", "PROPERTY_TYPE": "Mobile Home / MHC", "PROPERTY_NAME": "Tuckaway Mobile Home Park and Self Storage", "ADDRESS": "212 N Anker Ln, Germantown Hills, IL 61548, USA", "PHONE": "(309) 822-3707", "WEBSITE": "http://www.tuckawaymhp.com/" }, "geometry": { "type": "Point", "coordinates": [ -89.4765286, 40.7656316 ] } },
{ "type": "Feature", "properties": { "ZIP": "61614", "CITY": "Peoria", "TIER": "T1 – EIEC ($500/kW MF + Full Residential)", "ACTIVITY": "Hot", "PROPERTY_TYPE": "Mobile Home / MHC", "PROPERTY_NAME": "Chillicothe Mobile Home Park", "ADDRESS": "611 W Matthews St, Chillicothe, IL 61523, USA", "PHONE": "(866) 260-3001", "WEBSITE": "http://chillicothemhp.com/" }, "geometry": { "type": "Point", "coordinates": [ -89.4901144, 40.929643 ] } },
{ "type": "Feature", "properties": { "ZIP": "61614", "CITY": "Peoria", "TIER": "T1 – EIEC ($500/kW MF + Full Residential)", "ACTIVITY": "Hot", "PROPERTY_TYPE": "Mobile Home / MHC", "PROPERTY_NAME": "Oak Lawn Estates", "ADDRESS": "3000 W Jackson St, Morton, IL 61550, USA", "PHONE": "(309) 263-2271", "WEBSITE": "https://endeavorcommunities.com/community/oak-lawn-estates/" }, "geometry": { "type": "Point", "coordinates": [ -89.4906696, 40.634033 ] } },
{ "type": "Feature", "properties": { "ZIP": "62226", "CITY": "Belleville", "TIER": "T1 – EIEC ($500/kW MF + Full Residential)", "ACTIVITY": "Hot", "PROPERTY_TYPE": "Apartment Complex", "PROPERTY_NAME": "Jewel Whispering Oaks", "ADDRESS": "1856 Jewel Sisson Dr, Belleville, IL 62223, USA", "PHONE": "(618) 769-9033", "WEBSITE": "http://www.jewelwhisperingoaks.com/" }, "geometry": { "type": "Point", "coordinates": [ -90.0067126, 38.5663663 ] } },
{ "type": "Feature", "properties": { "ZIP": "62226", "CITY": "Belleville", "TIER": "T1 – EIEC ($500/kW MF + Full Residential)", "ACTIVITY": "Hot", "PROPERTY_TYPE": "Apartment Complex", "PROPERTY_NAME": "Brookside Apartments", "ADDRESS": "219 Freedom Dr Apt I, Belleville, IL 62226, USA", "PHONE": "(618) 416-2374", "WEBSITE": "https://www.cypressmgmtstl.com/vacancies" }, "geometry": { "type": "Point", "coordinates": [ -90.0301193, 38.5397682 ] } },
{ "type": "Feature", "properties": { "ZIP": "62226", "CITY": "Belleville", "TIER": "T1 – EIEC ($500/kW MF + Full Residential)", "ACTIVITY": "Hot", "PROPERTY_TYPE": "Apartment Complex", "PROPERTY_NAME": "Trolley Circle", "ADDRESS": "7235 Westfield Plaza Dr, Belleville, IL 62223, USA", "PHONE": "(618) 978-8639", "WEBSITE": "https://trolleycircle.wodagroup.com/" }, "geometry": { "type": "Point", "coordinates": [ -90.0528067, 38.5416897 ] } },
{ "type": "Feature", "properties": { "ZIP": "62226", "CITY": "Belleville", "TIER": "T1 – EIEC ($500/kW MF + Full Residential)", "ACTIVITY": "Hot", "PROPERTY_TYPE": "Apartment Complex", "PROPERTY_NAME": "Whispering Oaks Apartments", "ADDRESS": "1801 Jamestown Rd, Swansea, IL 62226, USA", "PHONE": null, "WEBSITE": null }, "geometry": { "type": "Point", "coordinates": [ -90.0031693, 38.5327347 ] } },
{ "type": "Feature", "properties": { "ZIP": "62226", "CITY": "Belleville", "TIER": "T1 – EIEC ($500/kW MF + Full Residential)", "ACTIVITY": "Hot", "PROPERTY_TYPE": "Apartment Complex", "PROPERTY_NAME": "Storyboard on 40th", "ADDRESS": "539 N 40th St, Belleville, IL 62226, USA", "PHONE": "(844) 519-1130", "WEBSITE": "https://www.storyboardon40th.com/" }, "geometry": { "type": "Point", "coordinates": [ -90.0149747, 38.5438127 ] } },
{ "type": "Feature", "properties": { "ZIP": "62226", "CITY": "Belleville", "TIER": "T1 – EIEC ($500/kW MF + Full Residential)", "ACTIVITY": "Hot", "PROPERTY_TYPE": "Mobile Home / MHC", "PROPERTY_NAME": "Pine Manor", "ADDRESS": "1800 Roosevelt Ave, Belleville, IL 62226, USA", "PHONE": "(201) 895-3969", "WEBSITE": null }, "geometry": { "type": "Point", "coordinates": [ -90.0126698, 38.5133518 ] } },
{ "type": "Feature", "properties": { "ZIP": "62226", "CITY": "Belleville", "TIER": "T1 – EIEC ($500/kW MF + Full Residential)", "ACTIVITY": "Hot", "PROPERTY_TYPE": "Mobile Home / MHC", "PROPERTY_NAME": "Parkview Trailer Park", "ADDRESS": "41 Parkview Trailer Park, Lebanon, IL 62254, USA", "PHONE": null, "WEBSITE": null }, "geometry": { "type": "Point", "coordinates": [ -89.8742336, 38.6169949 ] } },
{ "type": "Feature", "properties": { "ZIP": "62040", "CITY": "Granite City", "TIER": "T1 – EIEC ($500/kW MF + Full Residential)", "ACTIVITY": "Hot", "PROPERTY_TYPE": "Apartment Complex", "PROPERTY_NAME": "Metro Apartments at Granite City", "ADDRESS": "4078 Kathy Dr #1, Pontoon Beach, IL 62040, USA", "PHONE": "(618) 219-1419", "WEBSITE": "https://www.rentgranitecity.com/?utm_source=google&utm_medium=organic&utm_campaign=gbp&utm_content=metro-apartments-granite-city" }, "geometry": { "type": "Point", "coordinates": [ -90.0764719, 38.728164 ] } },
{ "type": "Feature", "properties": { "ZIP": "62040", "CITY": "Granite City", "TIER": "T1 – EIEC ($500/kW MF + Full Residential)", "ACTIVITY": "Hot", "PROPERTY_TYPE": "Apartment Complex", "PROPERTY_NAME": "Pontoon Plaza Apartments", "ADDRESS": "2707 Harvey Pl, Granite City, IL 62040, USA", "PHONE": "(618) 931-1530", "WEBSITE": null }, "geometry": { "type": "Point", "coordinates": [ -90.0920711, 38.7339223 ] } },
{ "type": "Feature", "properties": { "ZIP": "62040", "CITY": "Granite City", "TIER": "T1 – EIEC ($500/kW MF + Full Residential)", "ACTIVITY": "Hot", "PROPERTY_TYPE": "Apartment Complex", "PROPERTY_NAME": "Maryland Manor Apartments", "ADDRESS": "2100 Pontoon Rd, Granite City, IL 62040, USA", "PHONE": "(618) 307-6865", "WEBSITE": null }, "geometry": { "type": "Point", "coordinates": [ -90.1129798, 38.7309341 ] } },
{ "type": "Feature", "properties": { "ZIP": "62040", "CITY": "Granite City", "TIER": "T1 – EIEC ($500/kW MF + Full Residential)", "ACTIVITY": "Hot", "PROPERTY_TYPE": "Apartment Complex", "PROPERTY_NAME": "Apt Chain Rocks RD", "ADDRESS": "3237 W Chain of Rocks Rd, Granite City, IL 62040, USA", "PHONE": null, "WEBSITE": null }, "geometry": { "type": "Point", "coordinates": [ -90.1227827, 38.7613263 ] } },
{ "type": "Feature", "properties": { "ZIP": "62040", "CITY": "Granite City", "TIER": "T1 – EIEC ($500/kW MF + Full Residential)", "ACTIVITY": "Hot", "PROPERTY_TYPE": "Apartment Complex", "PROPERTY_NAME": "Chestnut Granite City", "ADDRESS": "1218 19th St, Granite City, IL 62040, USA", "PHONE": null, "WEBSITE": null }, "geometry": { "type": "Point", "coordinates": [ -90.1516944, 38.7007873 ] } },
{ "type": "Feature", "properties": { "ZIP": "62040", "CITY": "Granite City", "TIER": "T1 – EIEC ($500/kW MF + Full Residential)", "ACTIVITY": "Hot", "PROPERTY_TYPE": "Mobile Home / MHC", "PROPERTY_NAME": "Parktown Mobile Home Park", "ADDRESS": "1A Parktown Dr, Granite City, IL 62040, USA", "PHONE": "(618) 619-6206", "WEBSITE": "https://www.facebook.com/parktownmhp/" }, "geometry": { "type": "Point", "coordinates": [ -90.1662047, 38.7098196 ] } },
{ "type": "Feature", "properties": { "ZIP": "62040", "CITY": "Granite City", "TIER": "T1 – EIEC ($500/kW MF + Full Residential)", "ACTIVITY": "Hot", "PROPERTY_TYPE": "Mobile Home / MHC", "PROPERTY_NAME": "Parktown Estates - Mobile Home Community", "ADDRESS": "1 A Parktown Dr, Granite City, IL 62040, USA", "PHONE": "(609) 200-6668", "WEBSITE": null }, "geometry": { "type": "Point", "coordinates": [ -90.1667636, 38.709531299999988 ] } },
{ "type": "Feature", "properties": { "ZIP": "62040", "CITY": "Granite City", "TIER": "T1 – EIEC ($500/kW MF + Full Residential)", "ACTIVITY": "Hot", "PROPERTY_TYPE": "Mobile Home / MHC", "PROPERTY_NAME": "Forge at the Lake", "ADDRESS": "3120 W Chain of Rocks Rd, Granite City, IL 62040, USA", "PHONE": "(618) 331-7051", "WEBSITE": "https://broadviewcommunities.com/manufactured-home-communities-illinois" }, "geometry": { "type": "Point", "coordinates": [ -90.10792, 38.7639574 ] } },
{ "type": "Feature", "properties": { "ZIP": "62040", "CITY": "Granite City", "TIER": "T1 – EIEC ($500/kW MF + Full Residential)", "ACTIVITY": "Hot", "PROPERTY_TYPE": "Mobile Home / MHC", "PROPERTY_NAME": "Village Green Commons", "ADDRESS": "3801 Lake Dr, Granite City, IL 62040, USA", "PHONE": "(618) 501-1633", "WEBSITE": "https://horizonlandmgmt.com/property-detail/?pid=321" }, "geometry": { "type": "Point", "coordinates": [ -90.078713, 38.7257959 ] } },
{ "type": "Feature", "properties": { "ZIP": "61821", "CITY": "Champaign", "TIER": "T1 – EIEC ($500/kW MF + Full Residential)", "ACTIVITY": "Hot", "PROPERTY_TYPE": "Apartment Complex", "PROPERTY_NAME": "Smile Student Living", "ADDRESS": "615 S Wright St, Champaign, IL 61820, USA", "PHONE": "(217) 903-0440", "WEBSITE": "https://www.smilestudentliving.com/" }, "geometry": { "type": "Point", "coordinates": [ -88.2290655, 40.1109984 ] } },
{ "type": "Feature", "properties": { "ZIP": "61550", "CITY": "Morton", "TIER": "T1 – EIEC ($500/kW MF + Full Residential)", "ACTIVITY": "Hot", "PROPERTY_TYPE": "Apartment Complex", "PROPERTY_NAME": "Country Village Apartments", "ADDRESS": "110 W Lakeland Rd, Morton, IL 61550, USA", "PHONE": "(309) 266-5112", "WEBSITE": "http://www.rentprpm.com/" }, "geometry": { "type": "Point", "coordinates": [ -89.4674188, 40.6316085 ] } },
{ "type": "Feature", "properties": { "ZIP": "61550", "CITY": "Morton", "TIER": "T1 – EIEC ($500/kW MF + Full Residential)", "ACTIVITY": "Hot", "PROPERTY_TYPE": "Apartment Complex", "PROPERTY_NAME": "Skyway Apartments", "ADDRESS": "1240 S Main St, Morton, IL 61550, USA", "PHONE": "(309) 550-0001", "WEBSITE": null }, "geometry": { "type": "Point", "coordinates": [ -89.469916, 40.5980639 ] } },
{ "type": "Feature", "properties": { "ZIP": "61550", "CITY": "Morton", "TIER": "T1 – EIEC ($500/kW MF + Full Residential)", "ACTIVITY": "Hot", "PROPERTY_TYPE": "Apartment Complex", "PROPERTY_NAME": "The Atworth", "ADDRESS": "661 Harding Rd, Morton, IL 61550, USA", "PHONE": "(309) 340-1739", "WEBSITE": "https://www.ethos.build/projects/profile/the-atworth" }, "geometry": { "type": "Point", "coordinates": [ -89.4462291, 40.6264388 ] } },
{ "type": "Feature", "properties": { "ZIP": "61550", "CITY": "Morton", "TIER": "T1 – EIEC ($500/kW MF + Full Residential)", "ACTIVITY": "Hot", "PROPERTY_TYPE": "Apartment Complex", "PROPERTY_NAME": "Harding Apartments", "ADDRESS": "661 Harding Rd, Morton, IL 61550, USA", "PHONE": "(309) 893-8276", "WEBSITE": "http://ethos.build/" }, "geometry": { "type": "Point", "coordinates": [ -89.4466111, 40.6273042 ] } },
{ "type": "Feature", "properties": { "ZIP": "61550", "CITY": "Morton", "TIER": "T1 – EIEC ($500/kW MF + Full Residential)", "ACTIVITY": "Hot", "PROPERTY_TYPE": "Apartment Complex", "PROPERTY_NAME": "Morton Estates", "ADDRESS": "935 E Jefferson St, Morton, IL 61550, USA", "PHONE": "(309) 220-5159", "WEBSITE": "http://liveatmortonestates.com/" }, "geometry": { "type": "Point", "coordinates": [ -89.4480469, 40.6065315 ] } },
{ "type": "Feature", "properties": { "ZIP": "61550", "CITY": "Morton", "TIER": "T1 – EIEC ($500/kW MF + Full Residential)", "ACTIVITY": "Hot", "PROPERTY_TYPE": "Apartment Complex", "PROPERTY_NAME": "Jefferson Commons", "ADDRESS": "418 W Jefferson St, Morton, IL 61550, USA", "PHONE": "(309) 291-0777", "WEBSITE": "https://beaconpropertymgmt.com/" }, "geometry": { "type": "Point", "coordinates": [ -89.4664263, 40.6135037 ] } },
{ "type": "Feature", "properties": { "ZIP": "61550", "CITY": "Morton", "TIER": "T1 – EIEC ($500/kW MF + Full Residential)", "ACTIVITY": "Hot", "PROPERTY_TYPE": "Apartment Complex", "PROPERTY_NAME": "Diplomat Plaza Apartments", "ADDRESS": "420 E Brentwood St, Morton, IL 61550, USA", "PHONE": null, "WEBSITE": null }, "geometry": { "type": "Point", "coordinates": [ -89.4636798, 40.6048452 ] } },
{ "type": "Feature", "properties": { "ZIP": "61550", "CITY": "Morton", "TIER": "T1 – EIEC ($500/kW MF + Full Residential)", "ACTIVITY": "Hot", "PROPERTY_TYPE": "Apartment Complex", "PROPERTY_NAME": "Raintree Apartments", "ADDRESS": "2811 Springfield Rd, East Peoria, IL 61611, USA", "PHONE": "(309) 699-5262", "WEBSITE": "http://raintreeapartmentsep.com/" }, "geometry": { "type": "Point", "coordinates": [ -89.548613, 40.630547 ] } },
{ "type": "Feature", "properties": { "ZIP": "61550", "CITY": "Morton", "TIER": "T1 – EIEC ($500/kW MF + Full Residential)", "ACTIVITY": "Hot", "PROPERTY_TYPE": "Mobile Home / MHC", "PROPERTY_NAME": "Edgewood Terrace", "ADDRESS": "24150 Veterans Road, Morton, IL 61550, USA", "PHONE": "(309) 319-9769", "WEBSITE": "http://cambiomhc.com/" }, "geometry": { "type": "Point", "coordinates": [ -89.4988383, 40.6575199 ] } },
{ "type": "Feature", "properties": { "ZIP": "61550", "CITY": "Morton", "TIER": "T1 – EIEC ($500/kW MF + Full Residential)", "ACTIVITY": "Hot", "PROPERTY_TYPE": "Mobile Home / MHC", "PROPERTY_NAME": "Enchanted Gardens", "ADDRESS": "500 Reagan Dr, Eureka, IL 61530, USA", "PHONE": "(309) 319-9770", "WEBSITE": "http://cambiomhc.com/" }, "geometry": { "type": "Point", "coordinates": [ -89.2672757, 40.7116807 ] } },
{ "type": "Feature", "properties": { "ZIP": "61550", "CITY": "Morton", "TIER": "T1 – EIEC ($500/kW MF + Full Residential)", "ACTIVITY": "Hot", "PROPERTY_TYPE": "Mobile Home / MHC", "PROPERTY_NAME": "Edward terrace Mobile homes", "ADDRESS": "24150 Veterans Road trlr87, Morton, IL 61550, USA", "PHONE": null, "WEBSITE": null }, "geometry": { "type": "Point", "coordinates": [ -89.4930565, 40.656077 ] } },
{ "type": "Feature", "properties": { "ZIP": "61820", "CITY": "Champaign", "TIER": "T1 – EIEC ($500/kW MF + Full Residential)", "ACTIVITY": "Hot", "PROPERTY_TYPE": "Apartment Complex", "PROPERTY_NAME": "Onyx Apartments", "ADDRESS": "1321 N Lincoln Ave, Urbana, IL 61801, USA", "PHONE": "(224) 850-0124", "WEBSITE": "https://www.onyxapartmentliving.com/" }, "geometry": { "type": "Point", "coordinates": [ -88.2213208, 40.1247305 ] } },
{ "type": "Feature", "properties": { "ZIP": "61820", "CITY": "Champaign", "TIER": "T1 – EIEC ($500/kW MF + Full Residential)", "ACTIVITY": "Hot", "PROPERTY_TYPE": "Apartment Complex", "PROPERTY_NAME": "Green Street Towers", "ADDRESS": "616 E Green St, Champaign, IL 61820, USA", "PHONE": "(217) 359-6108", "WEBSITE": "https://jsmliving.com/node/130567" }, "geometry": { "type": "Point", "coordinates": [ -88.2296109, 40.1105931 ] } },
{ "type": "Feature", "properties": { "ZIP": "61820", "CITY": "Champaign", "TIER": "T1 – EIEC ($500/kW MF + Full Residential)", "ACTIVITY": "Hot", "PROPERTY_TYPE": "Apartment Complex", "PROPERTY_NAME": "Hessel on the Park Apartments", "ADDRESS": "1862 Valley Rd, Champaign, IL 61820, USA", "PHONE": "(217) 687-1425", "WEBSITE": "http://hesselparkapartments.com/" }, "geometry": { "type": "Point", "coordinates": [ -88.249054199999989, 40.0958219 ] } },
{ "type": "Feature", "properties": { "ZIP": "61820", "CITY": "Champaign", "TIER": "T1 – EIEC ($500/kW MF + Full Residential)", "ACTIVITY": "Hot", "PROPERTY_TYPE": "Apartment Complex", "PROPERTY_NAME": "The Linc Apartments", "ADDRESS": "1601 N Lincoln Ave, Urbana, IL 61801, USA", "PHONE": "(447) 208-1293", "WEBSITE": "http://www.thelincapts.com/?utm_source=google&utm_medium=organic&utm_campaign=gmb" }, "geometry": { "type": "Point", "coordinates": [ -88.220178, 40.1281638 ] } },
{ "type": "Feature", "properties": { "ZIP": "61801", "CITY": "Urbana", "TIER": "T1 – EIEC ($500/kW MF + Full Residential)", "ACTIVITY": "Hot", "PROPERTY_TYPE": "Apartment Complex", "PROPERTY_NAME": "Element on Main Apartments", "ADDRESS": "502 W Main St, Urbana, IL 61801, USA", "PHONE": "(217) 384-5876", "WEBSITE": "https://chooseelement.com/" }, "geometry": { "type": "Point", "coordinates": [ -88.2132056, 40.1139625 ] } },
{ "type": "Feature", "properties": { "ZIP": "61801", "CITY": "Urbana", "TIER": "T1 – EIEC ($500/kW MF + Full Residential)", "ACTIVITY": "Hot", "PROPERTY_TYPE": "Apartment Complex", "PROPERTY_NAME": "Town & Country Apartments", "ADDRESS": "1032 Kerr Ave, Urbana, IL 61802, USA", "PHONE": "(217) 751-4865", "WEBSITE": "http://www.liveattownandcountry.com/?switch_cls[id]=89718" }, "geometry": { "type": "Point", "coordinates": [ -88.1972664, 40.1222981 ] } },
{ "type": "Feature", "properties": { "ZIP": "61801", "CITY": "Urbana", "TIER": "T1 – EIEC ($500/kW MF + Full Residential)", "ACTIVITY": "Hot", "PROPERTY_TYPE": "Apartment Complex", "PROPERTY_NAME": "Capstone Quarters", "ADDRESS": "1901 N Lincoln Ave, Urbana, IL 61801, USA", "PHONE": "(217) 367-7368", "WEBSITE": "http://www.capstonequarters.com/" }, "geometry": { "type": "Point", "coordinates": [ -88.220123, 40.1293973 ] } },
{ "type": "Feature", "properties": { "ZIP": "61801", "CITY": "Urbana", "TIER": "T1 – EIEC ($500/kW MF + Full Residential)", "ACTIVITY": "Hot", "PROPERTY_TYPE": "Apartment Complex", "PROPERTY_NAME": "Stone Ridge Square Apartments", "ADDRESS": "1714 E Colorado Ave, Urbana, IL 61802, USA", "PHONE": "(217) 337-6567", "WEBSITE": "https://www.m2regroup.com/properties/stone-ridge-square?utm_source=gbp&utm_medium=organic" }, "geometry": { "type": "Point", "coordinates": [ -88.1871458, 40.0949085 ] } },
{ "type": "Feature", "properties": { "ZIP": "61801", "CITY": "Urbana", "TIER": "T1 – EIEC ($500/kW MF + Full Residential)", "ACTIVITY": "Hot", "PROPERTY_TYPE": "Apartment Complex", "PROPERTY_NAME": "Eastland Apartments", "ADDRESS": "1905 N Cunningham Ave, Urbana, IL 61802, USA", "PHONE": "(217) 600-2029", "WEBSITE": "https://eastlandapt.com/?utm_source=google&utm_medium=organic&utm_campaign=gmb-listing" }, "geometry": { "type": "Point", "coordinates": [ -88.1997281, 40.1308078 ] } },
{ "type": "Feature", "properties": { "ZIP": "61801", "CITY": "Urbana", "TIER": "T1 – EIEC ($500/kW MF + Full Residential)", "ACTIVITY": "Hot", "PROPERTY_TYPE": "Apartment Complex", "PROPERTY_NAME": "The Whitney", "ADDRESS": "1601 E Florida Ave, Urbana, IL 61802, USA", "PHONE": "(217) 337-3901", "WEBSITE": "https://www.thewhitneyurbana.com/" }, "geometry": { "type": "Point", "coordinates": [ -88.189141, 40.0978536 ] } },
{ "type": "Feature", "properties": { "ZIP": "61801", "CITY": "Urbana", "TIER": "T1 – EIEC ($500/kW MF + Full Residential)", "ACTIVITY": "Hot", "PROPERTY_TYPE": "Apartment Complex", "PROPERTY_NAME": "Campus Circle Urbana", "ADDRESS": "1010 W University Ave, Urbana, IL 61801, USA", "PHONE": "(217) 866-0892", "WEBSITE": "https://www.campuscircleapartments.com/?switch_cls[id]=25368&utm_source=google%20-%20entratammb&utm_medium=organic&utm_campaign=gmb&utm_content=websiteclick" }, "geometry": { "type": "Point", "coordinates": [ -88.2219593, 40.1165658 ] } },
{ "type": "Feature", "properties": { "ZIP": "61801", "CITY": "Urbana", "TIER": "T1 – EIEC ($500/kW MF + Full Residential)", "ACTIVITY": "Hot", "PROPERTY_TYPE": "Apartment Complex", "PROPERTY_NAME": "Fairlawn Village", "ADDRESS": "300-600 E Fairlawn Dr, Urbana, IL 61801, USA", "PHONE": "(217) 239-4300", "WEBSITE": "https://www.fairlawnre.com/" }, "geometry": { "type": "Point", "coordinates": [ -88.200928, 40.104018 ] } },
{ "type": "Feature", "properties": { "ZIP": "61801", "CITY": "Urbana", "TIER": "T1 – EIEC ($500/kW MF + Full Residential)", "ACTIVITY": "Hot", "PROPERTY_TYPE": "Apartment Complex", "PROPERTY_NAME": "Prairie Green Apartment Homes", "ADDRESS": "2502 Prairie Green Dr, Urbana, IL 61802, USA", "PHONE": "(217) 384-2900", "WEBSITE": "https://www.pedcorliving.com/apartments/prairie-green-apartments" }, "geometry": { "type": "Point", "coordinates": [ -88.1737855, 40.1054688 ] } },
{ "type": "Feature", "properties": { "ZIP": "61801", "CITY": "Urbana", "TIER": "T1 – EIEC ($500/kW MF + Full Residential)", "ACTIVITY": "Hot", "PROPERTY_TYPE": "Apartment Complex", "PROPERTY_NAME": "Hillview Apartments", "ADDRESS": "1701 E Florida Ave, Urbana, IL 61802, USA", "PHONE": "(217) 607-1613", "WEBSITE": null }, "geometry": { "type": "Point", "coordinates": [ -88.1869916, 40.0977235 ] } },
{ "type": "Feature", "properties": { "ZIP": "61801", "CITY": "Urbana", "TIER": "T1 – EIEC ($500/kW MF + Full Residential)", "ACTIVITY": "Hot", "PROPERTY_TYPE": "Apartment Complex", "PROPERTY_NAME": "901 Western", "ADDRESS": "901 W Western Ave, Urbana, IL 61801, USA", "PHONE": "(217) 352-3182", "WEBSITE": "http://901western.com/" }, "geometry": { "type": "Point", "coordinates": [ -88.219842899999989, 40.1120894 ] } },
{ "type": "Feature", "properties": { "ZIP": "61554", "CITY": "Pekin", "TIER": "T1 – EIEC ($500/kW MF + Full Residential)", "ACTIVITY": "Hot", "PROPERTY_TYPE": "Apartment Complex", "PROPERTY_NAME": "Westgate Apartments", "ADDRESS": "2032 Westgate Dr, Pekin, IL 61554, USA", "PHONE": "(309) 686-1122", "WEBSITE": "http://www.pekinapartments.com/" }, "geometry": { "type": "Point", "coordinates": [ -89.6209038, 40.577956 ] } },
{ "type": "Feature", "properties": { "ZIP": "61554", "CITY": "Pekin", "TIER": "T1 – EIEC ($500/kW MF + Full Residential)", "ACTIVITY": "Hot", "PROPERTY_TYPE": "Apartment Complex", "PROPERTY_NAME": "Woodscape Apartments", "ADDRESS": "Woodscape Ct, Pekin, IL 61554, USA", "PHONE": "(309) 678-6740", "WEBSITE": "http://www.woodscaperentals.com/" }, "geometry": { "type": "Point", "coordinates": [ -89.6065979, 40.556549 ] } },
{ "type": "Feature", "properties": { "ZIP": "61554", "CITY": "Pekin", "TIER": "T1 – EIEC ($500/kW MF + Full Residential)", "ACTIVITY": "Hot", "PROPERTY_TYPE": "Apartment Complex", "PROPERTY_NAME": "Brookmeadows Apartments", "ADDRESS": "2315 Broadway St, Pekin, IL 61554, USA", "PHONE": "(309) 347-6173", "WEBSITE": null }, "geometry": { "type": "Point", "coordinates": [ -89.6135794, 40.5686288 ] } },
{ "type": "Feature", "properties": { "ZIP": "61554", "CITY": "Pekin", "TIER": "T1 – EIEC ($500/kW MF + Full Residential)", "ACTIVITY": "Hot", "PROPERTY_TYPE": "Apartment Complex", "PROPERTY_NAME": "Meadow Lane Apartments", "ADDRESS": "1101 El Camino Dr, Pekin, IL 61554, USA", "PHONE": "(309) 346-4159", "WEBSITE": null }, "geometry": { "type": "Point", "coordinates": [ -89.635119, 40.5399989 ] } },
{ "type": "Feature", "properties": { "ZIP": "61554", "CITY": "Pekin", "TIER": "T1 – EIEC ($500/kW MF + Full Residential)", "ACTIVITY": "Hot", "PROPERTY_TYPE": "Apartment Complex", "PROPERTY_NAME": "Vista Villa Apartments", "ADDRESS": "324 Buena Vista Ave, Pekin, IL 61554, USA", "PHONE": null, "WEBSITE": null }, "geometry": { "type": "Point", "coordinates": [ -89.6461609, 40.5665316 ] } },
{ "type": "Feature", "properties": { "ZIP": "61554", "CITY": "Pekin", "TIER": "T1 – EIEC ($500/kW MF + Full Residential)", "ACTIVITY": "Hot", "PROPERTY_TYPE": "Apartment Complex", "PROPERTY_NAME": "Luncsford House", "ADDRESS": "112 Schramm Dr, Pekin, IL 61554, USA", "PHONE": null, "WEBSITE": null }, "geometry": { "type": "Point", "coordinates": [ -89.6053071, 40.5693476 ] } },
{ "type": "Feature", "properties": { "ZIP": "61554", "CITY": "Pekin", "TIER": "T1 – EIEC ($500/kW MF + Full Residential)", "ACTIVITY": "Hot", "PROPERTY_TYPE": "Mobile Home / MHC", "PROPERTY_NAME": "Broadview Communities Lake Wildwind", "ADDRESS": "103 Hollyhock Ln, Metamora, IL 61548, USA", "PHONE": "(309) 407-3374", "WEBSITE": "https://www.broadviewcommunities.com/" }, "geometry": { "type": "Point", "coordinates": [ -89.451317, 40.818186 ] } },
{ "type": "Feature", "properties": { "ZIP": "62294", "CITY": "Troy", "TIER": "T1 – EIEC ($500/kW MF + Full Residential)", "ACTIVITY": "Hot", "PROPERTY_TYPE": "Mobile Home / MHC", "PROPERTY_NAME": "Neumann's Olde Oak Ridge Park", "ADDRESS": "100 Wesley Dr #33, East Alton, IL 62024, USA", "PHONE": "(618) 259-7888", "WEBSITE": null }, "geometry": { "type": "Point", "coordinates": [ -90.0604631, 38.8860906 ] } },
{ "type": "Feature", "properties": { "ZIP": "62294", "CITY": "Troy", "TIER": "T1 – EIEC ($500/kW MF + Full Residential)", "ACTIVITY": "Hot", "PROPERTY_TYPE": "Mobile Home / MHC", "PROPERTY_NAME": "Enchanted Village Manufactured Home Community", "ADDRESS": "246 Wonderland Dr, Alton, IL 62002, USA", "PHONE": "(618) 462-0997", "WEBSITE": "https://www.bayshorehomesales.com/communities/enchantedvillage?utm_campaign=WebsiteURL&utm_medium=organic&utm_source=GMB" }, "geometry": { "type": "Point", "coordinates": [ -90.1048548, 38.9187433 ] } },
{ "type": "Feature", "properties": { "ZIP": "62294", "CITY": "Troy", "TIER": "T1 – EIEC ($500/kW MF + Full Residential)", "ACTIVITY": "Hot", "PROPERTY_TYPE": "Mobile Home / MHC", "PROPERTY_NAME": "Blossom Mobile Home Park", "ADDRESS": "2705 St Vincent Ave, La Salle, IL 61301, USA", "PHONE": "(815) 223-4596", "WEBSITE": null }, "geometry": { "type": "Point", "coordinates": [ -89.099214, 41.356580699999988 ] } },
{ "type": "Feature", "properties": { "ZIP": "62294", "CITY": "Troy", "TIER": "T1 – EIEC ($500/kW MF + Full Residential)", "ACTIVITY": "Hot", "PROPERTY_TYPE": "Mobile Home / MHC", "PROPERTY_NAME": "Rocwood Mobile Home Community", "ADDRESS": "45 Carroll Wood Dr, Wood River, IL 62095, USA", "PHONE": "(618) 629-7515", "WEBSITE": "https://www.ospreycommunities.com/communities/rocwood-mobile-home-community/?utm_source=google&utm_medium=organic&utm_campaign" }, "geometry": { "type": "Point", "coordinates": [ -90.0709462, 38.8582711 ] } },
{ "type": "Feature", "properties": { "ZIP": "61611", "CITY": "East Peoria", "TIER": "T1 – EIEC ($500/kW MF + Full Residential)", "ACTIVITY": "Hot", "PROPERTY_TYPE": "Apartment Complex", "PROPERTY_NAME": "EMR Apartments", "ADDRESS": "1505 N Peoria Ave, Peoria, IL 61603, USA", "PHONE": "(309) 388-3557", "WEBSITE": "https://www.medrespeoria.com/" }, "geometry": { "type": "Point", "coordinates": [ -89.5924523, 40.7053595 ] } },
{ "type": "Feature", "properties": { "ZIP": "61611", "CITY": "East Peoria", "TIER": "T1 – EIEC ($500/kW MF + Full Residential)", "ACTIVITY": "Hot", "PROPERTY_TYPE": "Apartment Complex", "PROPERTY_NAME": "Sun Valley Apartments", "ADDRESS": "116 Sun Valley Ct, East Peoria, IL 61611, USA", "PHONE": null, "WEBSITE": null }, "geometry": { "type": "Point", "coordinates": [ -89.5521857, 40.6711268 ] } },
{ "type": "Feature", "properties": { "ZIP": "61611", "CITY": "East Peoria", "TIER": "T1 – EIEC ($500/kW MF + Full Residential)", "ACTIVITY": "Hot", "PROPERTY_TYPE": "Apartment Complex", "PROPERTY_NAME": "Winkler Village Apartments", "ADDRESS": "1546 Spring Bay Rd, East Peoria, IL 61611, USA", "PHONE": null, "WEBSITE": "http://winklerapartments.com/" }, "geometry": { "type": "Point", "coordinates": [ -89.521841099999989, 40.8136017 ] } },
{ "type": "Feature", "properties": { "ZIP": "61611", "CITY": "East Peoria", "TIER": "T1 – EIEC ($500/kW MF + Full Residential)", "ACTIVITY": "Hot", "PROPERTY_TYPE": "Apartment Complex", "PROPERTY_NAME": "Providence Pointe Apartments", "ADDRESS": "127 Green St, Peoria, IL 61603, USA", "PHONE": "(309) 966-0425", "WEBSITE": "https://www.providencepointepeoria.com/" }, "geometry": { "type": "Point", "coordinates": [ -89.5819203, 40.6957247 ] } },
{ "type": "Feature", "properties": { "ZIP": "61611", "CITY": "East Peoria", "TIER": "T1 – EIEC ($500/kW MF + Full Residential)", "ACTIVITY": "Hot", "PROPERTY_TYPE": "Apartment Complex", "PROPERTY_NAME": "Cityscape Apartments", "ADDRESS": "601 W Romeo B Garrett Ave Apt 15203, Peoria, IL 61605, USA", "PHONE": "(309) 673-2339", "WEBSITE": null }, "geometry": { "type": "Point", "coordinates": [ -89.6022311, 40.693883799999988 ] } },
{ "type": "Feature", "properties": { "ZIP": "62236", "CITY": "Columbia", "TIER": "T1 – EIEC ($500/kW MF + Full Residential)", "ACTIVITY": "Hot", "PROPERTY_TYPE": "Apartment Complex", "PROPERTY_NAME": "Columbia Bluffs Apartments", "ADDRESS": "2633 Columbia Lakes Dr, Columbia, IL 62236, USA", "PHONE": "(618) 281-7777", "WEBSITE": "http://columbiabluffsapartments.com/" }, "geometry": { "type": "Point", "coordinates": [ -90.2231444, 38.4706575 ] } },
{ "type": "Feature", "properties": { "ZIP": "62236", "CITY": "Columbia", "TIER": "T1 – EIEC ($500/kW MF + Full Residential)", "ACTIVITY": "Hot", "PROPERTY_TYPE": "Apartment Complex", "PROPERTY_NAME": "Storyboard on Main", "ADDRESS": "511 N Main St, Columbia, IL 62236, USA", "PHONE": "(844) 731-2362", "WEBSITE": "https://www.storyboardonmain.com/" }, "geometry": { "type": "Point", "coordinates": [ -90.2042276, 38.4466332 ] } },
{ "type": "Feature", "properties": { "ZIP": "62236", "CITY": "Columbia", "TIER": "T1 – EIEC ($500/kW MF + Full Residential)", "ACTIVITY": "Hot", "PROPERTY_TYPE": "Apartment Complex", "PROPERTY_NAME": "Heritage Landing Apartments", "ADDRESS": "101-107 S Riebeling St, Columbia, IL 62236, USA", "PHONE": "(618) 541-8549", "WEBSITE": null }, "geometry": { "type": "Point", "coordinates": [ -90.1936984, 38.4456971 ] } },
{ "type": "Feature", "properties": { "ZIP": "62236", "CITY": "Columbia", "TIER": "T1 – EIEC ($500/kW MF + Full Residential)", "ACTIVITY": "Hot", "PROPERTY_TYPE": "Mobile Home / MHC", "PROPERTY_NAME": "Lepere Mobile Home Village", "ADDRESS": "61 Lepere Ct, Dupo, IL 62239, USA", "PHONE": "(618) 476-5544", "WEBSITE": "http://www.leperevillage.com/" }, "geometry": { "type": "Point", "coordinates": [ -90.1871917, 38.5307093 ] } },
{ "type": "Feature", "properties": { "ZIP": "62236", "CITY": "Columbia", "TIER": "T1 – EIEC ($500/kW MF + Full Residential)", "ACTIVITY": "Hot", "PROPERTY_TYPE": "Mobile Home / MHC", "PROPERTY_NAME": "62 stoneybrook", "ADDRESS": "62 Stoney Dr, Dupo, IL 62239, USA", "PHONE": "(888) 769-9478", "WEBSITE": null }, "geometry": { "type": "Point", "coordinates": [ -90.203514, 38.5450439 ] } },
{ "type": "Feature", "properties": { "ZIP": "62521", "CITY": "Decatur", "TIER": "T1 – EIEC ($500/kW MF + Full Residential)", "ACTIVITY": "Hot", "PROPERTY_TYPE": "Apartment Complex", "PROPERTY_NAME": "Timber Cove Apartments", "ADDRESS": "1707 S Country Club Rd, Decatur, IL 62521, USA", "PHONE": "(217) 917-4678", "WEBSITE": "https://www.timbercoveapts.com/?rccustomid=MTIyOTg%3D-qzdQ6x8WOHg%3D" }, "geometry": { "type": "Point", "coordinates": [ -88.9132439, 39.8226154 ] } },
{ "type": "Feature", "properties": { "ZIP": "62521", "CITY": "Decatur", "TIER": "T1 – EIEC ($500/kW MF + Full Residential)", "ACTIVITY": "Hot", "PROPERTY_TYPE": "Apartment Complex", "PROPERTY_NAME": "Edge wood apartments", "ADDRESS": "3772 Jamar Trail, Decatur, IL 62521, USA", "PHONE": null, "WEBSITE": null }, "geometry": { "type": "Point", "coordinates": [ -88.9130482, 39.840918599999988 ] } },
{ "type": "Feature", "properties": { "ZIP": "62521", "CITY": "Decatur", "TIER": "T1 – EIEC ($500/kW MF + Full Residential)", "ACTIVITY": "Hot", "PROPERTY_TYPE": "Apartment Complex", "PROPERTY_NAME": "Stones Crossing apartments", "ADDRESS": "1350 E Wellington Way Apt 1a, Decatur, IL 62526, USA", "PHONE": null, "WEBSITE": "http://stonescrossingapts.net/" }, "geometry": { "type": "Point", "coordinates": [ -88.9386928, 39.8893911 ] } },
{ "type": "Feature", "properties": { "ZIP": "62521", "CITY": "Decatur", "TIER": "T1 – EIEC ($500/kW MF + Full Residential)", "ACTIVITY": "Hot", "PROPERTY_TYPE": "Apartment Complex", "PROPERTY_NAME": "Decatur Flats Apartments", "ADDRESS": "520 S Church St Apt. 1S, Decatur, IL 62522, USA", "PHONE": "(217) 803-5153", "WEBSITE": "https://www.responsiveam.com/illinois-rentals" }, "geometry": { "type": "Point", "coordinates": [ -88.9563611, 39.8371969 ] } },
{ "type": "Feature", "properties": { "ZIP": "62521", "CITY": "Decatur", "TIER": "T1 – EIEC ($500/kW MF + Full Residential)", "ACTIVITY": "Hot", "PROPERTY_TYPE": "Apartment Complex", "PROPERTY_NAME": "Prairie Hills Apartments", "ADDRESS": "300 W Mound Rd, Decatur, IL 62526, USA", "PHONE": "(217) 859-8030", "WEBSITE": "https://rentprairiehills.com/" }, "geometry": { "type": "Point", "coordinates": [ -88.9586351, 39.8931322 ] } },
{ "type": "Feature", "properties": { "ZIP": "62521", "CITY": "Decatur", "TIER": "T1 – EIEC ($500/kW MF + Full Residential)", "ACTIVITY": "Hot", "PROPERTY_TYPE": "Apartment Complex", "PROPERTY_NAME": "The Woods at Millikin", "ADDRESS": "1135 W Wood St, Decatur, IL 62522, USA", "PHONE": "(217) 464-8635", "WEBSITE": "https://www.thewoodsatmillikin.com/" }, "geometry": { "type": "Point", "coordinates": [ -88.9733668, 39.8396741 ] } },
{ "type": "Feature", "properties": { "ZIP": "62521", "CITY": "Decatur", "TIER": "T1 – EIEC ($500/kW MF + Full Residential)", "ACTIVITY": "Hot", "PROPERTY_TYPE": "Apartment Complex", "PROPERTY_NAME": "West Mound Apartments", "ADDRESS": "3707 Northhaven Ct, Decatur, IL 62526, USA", "PHONE": "(217) 295-2507", "WEBSITE": "https://www.rentwestmound.com/" }, "geometry": { "type": "Point", "coordinates": [ -88.982705, 39.8885391 ] } },
{ "type": "Feature", "properties": { "ZIP": "62521", "CITY": "Decatur", "TIER": "T1 – EIEC ($500/kW MF + Full Residential)", "ACTIVITY": "Hot", "PROPERTY_TYPE": "Apartment Complex", "PROPERTY_NAME": "Carriage House Apartments of Decatur", "ADDRESS": "3757 N Portage Pl, Decatur, IL 62526, USA", "PHONE": "(217) 875-0150", "WEBSITE": "http://www.carriagehousedecatur.com/" }, "geometry": { "type": "Point", "coordinates": [ -88.9402707, 39.8899908 ] } },
{ "type": "Feature", "properties": { "ZIP": "62521", "CITY": "Decatur", "TIER": "T1 – EIEC ($500/kW MF + Full Residential)", "ACTIVITY": "Hot", "PROPERTY_TYPE": "Apartment Complex", "PROPERTY_NAME": "940 Wood Apartments", "ADDRESS": "940 W Wood St Apt 13, Decatur, IL 62522, USA", "PHONE": "(833) 940-9663", "WEBSITE": null }, "geometry": { "type": "Point", "coordinates": [ -88.9687322, 39.8404581 ] } },
{ "type": "Feature", "properties": { "ZIP": "62521", "CITY": "Decatur", "TIER": "T1 – EIEC ($500/kW MF + Full Residential)", "ACTIVITY": "Hot", "PROPERTY_TYPE": "Apartment Complex", "PROPERTY_NAME": "Hickory Point Apartments", "ADDRESS": "189 W Hickory Point Rd, Decatur, IL 62526, USA", "PHONE": "(217) 859-8171", "WEBSITE": "https://www.fairlawnre.com/" }, "geometry": { "type": "Point", "coordinates": [ -88.957844100000017, 39.912088399999988 ] } },
{ "type": "Feature", "properties": { "ZIP": "62521", "CITY": "Decatur", "TIER": "T1 – EIEC ($500/kW MF + Full Residential)", "ACTIVITY": "Hot", "PROPERTY_TYPE": "Apartment Complex", "PROPERTY_NAME": "The Woods Apartments", "ADDRESS": "3010 E Mound Rd, Decatur, IL 62526, USA", "PHONE": "(217) 877-2600", "WEBSITE": null }, "geometry": { "type": "Point", "coordinates": [ -88.9158369, 39.8930826 ] } },
{ "type": "Feature", "properties": { "ZIP": "62521", "CITY": "Decatur", "TIER": "T1 – EIEC ($500/kW MF + Full Residential)", "ACTIVITY": "Hot", "PROPERTY_TYPE": "Apartment Complex", "PROPERTY_NAME": "Mt Zion Park", "ADDRESS": "Burgener Dr, Mt Zion, IL 62549, USA", "PHONE": "(217) 460-1853", "WEBSITE": "http://www.macocompanies.com/" }, "geometry": { "type": "Point", "coordinates": [ -88.8652706, 39.769591 ] } },
{ "type": "Feature", "properties": { "ZIP": "62521", "CITY": "Decatur", "TIER": "T1 – EIEC ($500/kW MF + Full Residential)", "ACTIVITY": "Hot", "PROPERTY_TYPE": "Apartment Complex", "PROPERTY_NAME": "Edna Thomas", "ADDRESS": "203 E Center St, Decatur, IL 62526, USA", "PHONE": null, "WEBSITE": null }, "geometry": { "type": "Point", "coordinates": [ -88.9543796, 39.8564847 ] } },
{ "type": "Feature", "properties": { "ZIP": "62521", "CITY": "Decatur", "TIER": "T1 – EIEC ($500/kW MF + Full Residential)", "ACTIVITY": "Hot", "PROPERTY_TYPE": "Mobile Home / MHC", "PROPERTY_NAME": "Hyde Park Manufactured Housing Community", "ADDRESS": "1210 Downing St, Decatur, IL 62521, USA", "PHONE": "(217) 865-3322", "WEBSITE": "https://ozarkcommunities.com/" }, "geometry": { "type": "Point", "coordinates": [ -88.9740727, 39.795808699999988 ] } },
{ "type": "Feature", "properties": { "ZIP": "62521", "CITY": "Decatur", "TIER": "T1 – EIEC ($500/kW MF + Full Residential)", "ACTIVITY": "Hot", "PROPERTY_TYPE": "Mobile Home / MHC", "PROPERTY_NAME": "Park City Manufactured Housing Community", "ADDRESS": "3200 Delta Ave, Decatur, IL 62526, USA", "PHONE": "(217) 877-3428", "WEBSITE": "https://choiceproperties.com/community/Park-City/" }, "geometry": { "type": "Point", "coordinates": [ -88.9422177, 39.8820331 ] } },
{ "type": "Feature", "properties": { "ZIP": "62521", "CITY": "Decatur", "TIER": "T1 – EIEC ($500/kW MF + Full Residential)", "ACTIVITY": "Hot", "PROPERTY_TYPE": "Mobile Home / MHC", "PROPERTY_NAME": "Wilder Haven East Manufactured Housing Community", "ADDRESS": "3925 Tiffany Terrace, Decatur, IL 62526, USA", "PHONE": "(217) 877-9010", "WEBSITE": "https://choiceproperties.com/community/Wilder-Haven-East/" }, "geometry": { "type": "Point", "coordinates": [ -88.91395, 39.89553 ] } },
{ "type": "Feature", "properties": { "ZIP": "62521", "CITY": "Decatur", "TIER": "T1 – EIEC ($500/kW MF + Full Residential)", "ACTIVITY": "Hot", "PROPERTY_TYPE": "Mobile Home / MHC", "PROPERTY_NAME": "Decatur Estates", "ADDRESS": "2397 N Illinois St, Decatur, IL 62526, USA", "PHONE": "(217) 330-9480", "WEBSITE": "https://endeavorcommunities.com/community/decatur-estates-manufactured-home-community/" }, "geometry": { "type": "Point", "coordinates": [ -88.9437484, 39.8672714 ] } },
{ "type": "Feature", "properties": { "ZIP": "62234", "CITY": "Collinsville", "TIER": "T1 – EIEC ($500/kW MF + Full Residential)", "ACTIVITY": "Hot", "PROPERTY_TYPE": "Apartment Complex", "PROPERTY_NAME": "Metro Apartments at Collinsville", "ADDRESS": "1003 S Morrison Ave, Collinsville, IL 62234, USA", "PHONE": "(618) 491-6426", "WEBSITE": "https://www.rentcollinsville.com/?utm_source=google&utm_medium=organic&utm_campaign=gbp&utm_content=metro-apartments-collinsville" }, "geometry": { "type": "Point", "coordinates": [ -89.9859785, 38.6587947 ] } },
{ "type": "Feature", "properties": { "ZIP": "62234", "CITY": "Collinsville", "TIER": "T1 – EIEC ($500/kW MF + Full Residential)", "ACTIVITY": "Hot", "PROPERTY_TYPE": "Apartment Complex", "PROPERTY_NAME": "Storyboard on Ramada", "ADDRESS": "1803 Ramada Blvd, Collinsville, IL 62234, USA", "PHONE": "(844) 967-3984", "WEBSITE": "http://storyboardonramada.com/" }, "geometry": { "type": "Point", "coordinates": [ -90.009957, 38.6809948 ] } },
{ "type": "Feature", "properties": { "ZIP": "62234", "CITY": "Collinsville", "TIER": "T1 – EIEC ($500/kW MF + Full Residential)", "ACTIVITY": "Hot", "PROPERTY_TYPE": "Apartment Complex", "PROPERTY_NAME": "Ashley Bell apartment", "ADDRESS": "1375 Vandalia St, Collinsville, IL 62234, USA", "PHONE": "(618) 409-7334", "WEBSITE": null }, "geometry": { "type": "Point", "coordinates": [ -89.9760576, 38.6863209 ] } },
{ "type": "Feature", "properties": { "ZIP": "62234", "CITY": "Collinsville", "TIER": "T1 – EIEC ($500/kW MF + Full Residential)", "ACTIVITY": "Hot", "PROPERTY_TYPE": "Apartment Complex", "PROPERTY_NAME": "Prima", "ADDRESS": "413 Wilson Ave, Collinsville, IL 62234, USA", "PHONE": null, "WEBSITE": null }, "geometry": { "type": "Point", "coordinates": [ -89.9820549, 38.6846973 ] } },
{ "type": "Feature", "properties": { "ZIP": "62234", "CITY": "Collinsville", "TIER": "T1 – EIEC ($500/kW MF + Full Residential)", "ACTIVITY": "Hot", "PROPERTY_TYPE": "Apartment Complex", "PROPERTY_NAME": "TurboNChux", "ADDRESS": "1218 Clifton St, Collinsville, IL 62234, USA", "PHONE": null, "WEBSITE": null }, "geometry": { "type": "Point", "coordinates": [ -89.964279, 38.6826246 ] } },
{ "type": "Feature", "properties": { "ZIP": "62234", "CITY": "Collinsville", "TIER": "T1 – EIEC ($500/kW MF + Full Residential)", "ACTIVITY": "Hot", "PROPERTY_TYPE": "Mobile Home / MHC", "PROPERTY_NAME": "Wandee LLC", "ADDRESS": "5110 Collinsville Rd, East St Louis, IL 62201, USA", "PHONE": "(618) 271-0955", "WEBSITE": null }, "geometry": { "type": "Point", "coordinates": [ -90.0971732, 38.6553526 ] } },
{ "type": "Feature", "properties": { "ZIP": "62002", "CITY": "Alton", "TIER": "T1 – EIEC ($500/kW MF + Full Residential)", "ACTIVITY": "Hot", "PROPERTY_TYPE": "Apartment Complex", "PROPERTY_NAME": "Alton Apartments For You", "ADDRESS": "112 Manor Ct B, Alton, IL 62002, USA", "PHONE": "(618) 465-8708", "WEBSITE": "http://www.stlluxury.com/maple-manor" }, "geometry": { "type": "Point", "coordinates": [ -90.1566447, 38.8906255 ] } },
{ "type": "Feature", "properties": { "ZIP": "62002", "CITY": "Alton", "TIER": "T1 – EIEC ($500/kW MF + Full Residential)", "ACTIVITY": "Hot", "PROPERTY_TYPE": "Apartment Complex", "PROPERTY_NAME": "Skyline Towers Apartments", "ADDRESS": "3113 Washington Ave, Alton, IL 62002, USA", "PHONE": "(618) 465-1444", "WEBSITE": "http://www.evergreenreg.com/" }, "geometry": { "type": "Point", "coordinates": [ -90.1480838, 38.9185726 ] } },
{ "type": "Feature", "properties": { "ZIP": "62002", "CITY": "Alton", "TIER": "T1 – EIEC ($500/kW MF + Full Residential)", "ACTIVITY": "Hot", "PROPERTY_TYPE": "Apartment Complex", "PROPERTY_NAME": "ReNew at Alton", "ADDRESS": "13 River Reach Ct, Alton, IL 62002, USA", "PHONE": "(866) 519-5523", "WEBSITE": "https://www.renewalton.com/?switch_cls[id]=64509" }, "geometry": { "type": "Point", "coordinates": [ -90.1048707, 38.9218455 ] } },
{ "type": "Feature", "properties": { "ZIP": "62002", "CITY": "Alton", "TIER": "T1 – EIEC ($500/kW MF + Full Residential)", "ACTIVITY": "Hot", "PROPERTY_TYPE": "Apartment Complex", "PROPERTY_NAME": "Woodbury Manor Apartments", "ADDRESS": "Woodbury Manor, Alton, IL 62002, USA", "PHONE": "(618) 372-3043", "WEBSITE": null }, "geometry": { "type": "Point", "coordinates": [ -90.1763056, 38.9435789 ] } },
{ "type": "Feature", "properties": { "ZIP": "62002", "CITY": "Alton", "TIER": "T1 – EIEC ($500/kW MF + Full Residential)", "ACTIVITY": "Hot", "PROPERTY_TYPE": "Apartment Complex", "PROPERTY_NAME": "Landings at Belle Meadows", "ADDRESS": "3200 Belle St, Alton, IL 62002, USA", "PHONE": "(618) 468-1123", "WEBSITE": "https://apartmentsinalton.com/" }, "geometry": { "type": "Point", "coordinates": [ -90.1900538, 38.9140133 ] } },
{ "type": "Feature", "properties": { "ZIP": "62002", "CITY": "Alton", "TIER": "T1 – EIEC ($500/kW MF + Full Residential)", "ACTIVITY": "Hot", "PROPERTY_TYPE": "Apartment Complex", "PROPERTY_NAME": "Marian Heights", "ADDRESS": "20 Marian Heights Dr, Alton, IL 62002, USA", "PHONE": "(618) 462-0363", "WEBSITE": "http://www.marian-heights.com/" }, "geometry": { "type": "Point", "coordinates": [ -90.1741714, 38.8868026 ] } },
{ "type": "Feature", "properties": { "ZIP": "62002", "CITY": "Alton", "TIER": "T1 – EIEC ($500/kW MF + Full Residential)", "ACTIVITY": "Hot", "PROPERTY_TYPE": "Apartment Complex", "PROPERTY_NAME": "Sunnybrook Apartment", "ADDRESS": "141 Sunnybrook Ct, Alton, IL 62002, USA", "PHONE": null, "WEBSITE": null }, "geometry": { "type": "Point", "coordinates": [ -90.1552467, 38.8905158 ] } },
{ "type": "Feature", "properties": { "ZIP": "62002", "CITY": "Alton", "TIER": "T1 – EIEC ($500/kW MF + Full Residential)", "ACTIVITY": "Hot", "PROPERTY_TYPE": "Apartment Complex", "PROPERTY_NAME": "Godfrey Estates", "ADDRESS": "327 Big Arch Rd Apt B, Godfrey, IL 62035, USA", "PHONE": "(618) 466-4345", "WEBSITE": "https://www.godfreyestates.com/" }, "geometry": { "type": "Point", "coordinates": [ -90.1722431, 38.9281841 ] } },
{ "type": "Feature", "properties": { "ZIP": "62002", "CITY": "Alton", "TIER": "T1 – EIEC ($500/kW MF + Full Residential)", "ACTIVITY": "Hot", "PROPERTY_TYPE": "Apartment Complex", "PROPERTY_NAME": "Mississippi Landing", "ADDRESS": "7 Alby St, Alton, IL 62002, USA", "PHONE": null, "WEBSITE": "http://www.misslanding.com/" }, "geometry": { "type": "Point", "coordinates": [ -90.1842346, 38.8895378 ] } },
{ "type": "Feature", "properties": { "ZIP": "62002", "CITY": "Alton", "TIER": "T1 – EIEC ($500/kW MF + Full Residential)", "ACTIVITY": "Hot", "PROPERTY_TYPE": "Apartment Complex", "PROPERTY_NAME": "Surrey Court Apartments", "ADDRESS": "1232 Surrey Ct, Godfrey, IL 62035, USA", "PHONE": "(618) 467-1899", "WEBSITE": null }, "geometry": { "type": "Point", "coordinates": [ -90.2052896, 38.9280738 ] } },
{ "type": "Feature", "properties": { "ZIP": "62002", "CITY": "Alton", "TIER": "T1 – EIEC ($500/kW MF + Full Residential)", "ACTIVITY": "Hot", "PROPERTY_TYPE": "Apartment Complex", "PROPERTY_NAME": "Alton Pointe LP", "ADDRESS": "1001 Alton Pointe Cir Dr, Alton, IL 62002, USA", "PHONE": "(618) 462-2660", "WEBSITE": "http://www.gundakercommercial.com/employees.asp" }, "geometry": { "type": "Point", "coordinates": [ -90.1672248, 38.9126867 ] } },
{ "type": "Feature", "properties": { "ZIP": "62002", "CITY": "Alton", "TIER": "T1 – EIEC ($500/kW MF + Full Residential)", "ACTIVITY": "Hot", "PROPERTY_TYPE": "Apartment Complex", "PROPERTY_NAME": "Emerald Ridge", "ADDRESS": "405 Ohio St, East Alton, IL 62024, USA", "PHONE": "(877) 312-0490", "WEBSITE": null }, "geometry": { "type": "Point", "coordinates": [ -90.1016341, 38.8800369 ] } },
{ "type": "Feature", "properties": { "ZIP": "62002", "CITY": "Alton", "TIER": "T1 – EIEC ($500/kW MF + Full Residential)", "ACTIVITY": "Hot", "PROPERTY_TYPE": "Apartment Complex", "PROPERTY_NAME": "Loretto towers", "ADDRESS": "417 Prospect St, Alton, IL 62002, USA", "PHONE": null, "WEBSITE": null }, "geometry": { "type": "Point", "coordinates": [ -90.1906786, 38.8945407 ] } },
{ "type": "Feature", "properties": { "ZIP": "62002", "CITY": "Alton", "TIER": "T1 – EIEC ($500/kW MF + Full Residential)", "ACTIVITY": "Hot", "PROPERTY_TYPE": "Apartment Complex", "PROPERTY_NAME": "Metro Apartments at Wood River", "ADDRESS": "543 Charles Ave, Wood River, IL 62095, USA", "PHONE": "(618) 693-2891", "WEBSITE": "https://www.rentwoodriver.com/?utm_source=google&utm_medium=organic&utm_campaign=gbp&utm_content=metro-apartments-wood-river" }, "geometry": { "type": "Point", "coordinates": [ -90.075587, 38.8677733 ] } },
{ "type": "Feature", "properties": { "ZIP": "62002", "CITY": "Alton", "TIER": "T1 – EIEC ($500/kW MF + Full Residential)", "ACTIVITY": "Hot", "PROPERTY_TYPE": "Apartment Complex", "PROPERTY_NAME": "Urban Beauty", "ADDRESS": "1402 Discovery Pkwy, Alton, IL 62002, USA", "PHONE": null, "WEBSITE": null }, "geometry": { "type": "Point", "coordinates": [ -90.1684889, 38.886158 ] } },
{ "type": "Feature", "properties": { "ZIP": "62002", "CITY": "Alton", "TIER": "T1 – EIEC ($500/kW MF + Full Residential)", "ACTIVITY": "Hot", "PROPERTY_TYPE": "Apartment Complex", "PROPERTY_NAME": "Emerald Ridge", "ADDRESS": "615 3rd St, East Alton, IL 62024, USA", "PHONE": "(314) 425-0730", "WEBSITE": null }, "geometry": { "type": "Point", "coordinates": [ -90.1006409, 38.8790657 ] } },
{ "type": "Feature", "properties": { "ZIP": "62002", "CITY": "Alton", "TIER": "T1 – EIEC ($500/kW MF + Full Residential)", "ACTIVITY": "Hot", "PROPERTY_TYPE": "Mobile Home / MHC", "PROPERTY_NAME": "Glenwood", "ADDRESS": "3431 Seminary St, Alton, IL 62002, USA", "PHONE": "(618) 401-2209", "WEBSITE": "http://www.liveinglenwood.com/" }, "geometry": { "type": "Point", "coordinates": [ -90.1421403, 38.9249324 ] } },
{ "type": "Feature", "properties": { "ZIP": "62002", "CITY": "Alton", "TIER": "T1 – EIEC ($500/kW MF + Full Residential)", "ACTIVITY": "Hot", "PROPERTY_TYPE": "Mobile Home / MHC", "PROPERTY_NAME": "Oak Grove Manufactured Home Community", "ADDRESS": "2716 W Delmar Ave, Godfrey, IL 62035, USA", "PHONE": "(618) 462-0997", "WEBSITE": "https://www.bayshorehomesales.com/communities/oakgrove?utm_campaign=WebsiteURL&utm_medium=organic&utm_source=GMB" }, "geometry": { "type": "Point", "coordinates": [ -90.2439956, 38.9384918 ] } },
{ "type": "Feature", "properties": { "ZIP": "62002", "CITY": "Alton", "TIER": "T1 – EIEC ($500/kW MF + Full Residential)", "ACTIVITY": "Hot", "PROPERTY_TYPE": "Mobile Home / MHC", "PROPERTY_NAME": "Oak Grove", "ADDRESS": "Wonderland Dr, Alton, IL 62002, USA", "PHONE": "(618) 462-0997", "WEBSITE": "http://www.bayshorehomesales.com/" }, "geometry": { "type": "Point", "coordinates": [ -90.1049408, 38.91892 ] } },
{ "type": "Feature", "properties": { "ZIP": "62002", "CITY": "Alton", "TIER": "T1 – EIEC ($500/kW MF + Full Residential)", "ACTIVITY": "Hot", "PROPERTY_TYPE": "Mobile Home / MHC", "PROPERTY_NAME": "Enchanted North Manufactured Home Community", "ADDRESS": "328 Aladdin Ave, Alton, IL 62002, USA", "PHONE": "(618) 462-0997", "WEBSITE": null }, "geometry": { "type": "Point", "coordinates": [ -90.0902588, 38.9229778 ] } },
{ "type": "Feature", "properties": { "ZIP": "61874", "CITY": "Savoy", "TIER": "T1 – EIEC ($500/kW MF + Full Residential)", "ACTIVITY": "Hot", "PROPERTY_TYPE": "Apartment Complex", "PROPERTY_NAME": "Winfield Village Cooperative", "ADDRESS": "425 Paddock Dr W, Savoy, IL 61874, USA", "PHONE": "(217) 359-9709", "WEBSITE": "https://winfieldvillage.com/" }, "geometry": { "type": "Point", "coordinates": [ -88.245696, 40.0663643 ] } },
{ "type": "Feature", "properties": { "ZIP": "61874", "CITY": "Savoy", "TIER": "T1 – EIEC ($500/kW MF + Full Residential)", "ACTIVITY": "Hot", "PROPERTY_TYPE": "Apartment Complex", "PROPERTY_NAME": "The Village at Colbert Park", "ADDRESS": "100 Village Park Way, Savoy, IL 61874, USA", "PHONE": "(779) 213-2852", "WEBSITE": "https://villagecp.com/" }, "geometry": { "type": "Point", "coordinates": [ -88.249195, 40.0540758 ] } },
{ "type": "Feature", "properties": { "ZIP": "61874", "CITY": "Savoy", "TIER": "T1 – EIEC ($500/kW MF + Full Residential)", "ACTIVITY": "Hot", "PROPERTY_TYPE": "Apartment Complex", "PROPERTY_NAME": "The Cottages at Lake Falls", "ADDRESS": "70 Airport Rd #35, Savoy, IL 61874, USA", "PHONE": "(217) 359-0248", "WEBSITE": "https://www.champaign-apartments.net/cottages" }, "geometry": { "type": "Point", "coordinates": [ -88.2514573, 40.0413678 ] } },
{ "type": "Feature", "properties": { "ZIP": "61874", "CITY": "Savoy", "TIER": "T1 – EIEC ($500/kW MF + Full Residential)", "ACTIVITY": "Hot", "PROPERTY_TYPE": "Apartment Complex", "PROPERTY_NAME": "The Courtyards At Prairie Fields Apartments", "ADDRESS": "103 Abbey Ln, Savoy, IL 61874, USA", "PHONE": "(217) 359-0248", "WEBSITE": "https://www.champaign-apartments.net/courtyards" }, "geometry": { "type": "Point", "coordinates": [ -88.2483136, 40.0554058 ] } },
{ "type": "Feature", "properties": { "ZIP": "61874", "CITY": "Savoy", "TIER": "T1 – EIEC ($500/kW MF + Full Residential)", "ACTIVITY": "Hot", "PROPERTY_TYPE": "Apartment Complex", "PROPERTY_NAME": "Southwood Crossing", "ADDRESS": "1915 S Mattis Ave, Champaign, IL 61821, USA", "PHONE": "(217) 863-1516", "WEBSITE": "https://www.southwoodcrossing.com/" }, "geometry": { "type": "Point", "coordinates": [ -88.2773665, 40.0914649 ] } },
{ "type": "Feature", "properties": { "ZIP": "61874", "CITY": "Savoy", "TIER": "T1 – EIEC ($500/kW MF + Full Residential)", "ACTIVITY": "Hot", "PROPERTY_TYPE": "Apartment Complex", "PROPERTY_NAME": "Ashton Woods", "ADDRESS": "2221 S 1st St, Champaign, IL 61820, USA", "PHONE": "(217) 333-5656", "WEBSITE": "https://www.housing.illinois.edu/Living-Communities/Apartments/Ashton-Woods" }, "geometry": { "type": "Point", "coordinates": [ -88.2387619, 40.0853593 ] } },
{ "type": "Feature", "properties": { "ZIP": "61874", "CITY": "Savoy", "TIER": "T1 – EIEC ($500/kW MF + Full Residential)", "ACTIVITY": "Hot", "PROPERTY_TYPE": "Apartment Complex", "PROPERTY_NAME": "Lincolnshire West", "ADDRESS": "1515 W Kirby Ave, Champaign, IL 61821, USA", "PHONE": "(217) 262-6336", "WEBSITE": "https://www.lincolnshirewest.com/" }, "geometry": { "type": "Point", "coordinates": [ -88.2715519, 40.0979012 ] } },
{ "type": "Feature", "properties": { "ZIP": "61874", "CITY": "Savoy", "TIER": "T1 – EIEC ($500/kW MF + Full Residential)", "ACTIVITY": "Hot", "PROPERTY_TYPE": "Apartment Complex", "PROPERTY_NAME": "75 Armory", "ADDRESS": "75 E Armory Ave, Champaign, IL 61820, USA", "PHONE": "(217) 352-3182", "WEBSITE": "http://www.75armory.com/" }, "geometry": { "type": "Point", "coordinates": [ -88.238892299999989, 40.1049731 ] } },
{ "type": "Feature", "properties": { "ZIP": "62702", "CITY": "Springfield", "TIER": "T1 – EIEC ($500/kW MF + Full Residential)", "ACTIVITY": "Hot", "PROPERTY_TYPE": "Apartment Complex", "PROPERTY_NAME": "Watch Street Apartments", "ADDRESS": "2160 E Watch Ave, Springfield, IL 62702, USA", "PHONE": "(217) 528-9671", "WEBSITE": "https://www.apartments.com/watch-street-springfield-il/7q1lnyz/" }, "geometry": { "type": "Point", "coordinates": [ -89.6223323, 39.8205192 ] } },
{ "type": "Feature", "properties": { "ZIP": "62702", "CITY": "Springfield", "TIER": "T1 – EIEC ($500/kW MF + Full Residential)", "ACTIVITY": "Hot", "PROPERTY_TYPE": "Senior Living", "PROPERTY_NAME": "Capitol Retirement Village", "ADDRESS": "500 Bruns Ln, Springfield, IL 62702, USA", "PHONE": "(217) 698-9441", "WEBSITE": "https://crv500.org/" }, "geometry": { "type": "Point", "coordinates": [ -89.6853799, 39.807707 ] } },
{ "type": "Feature", "properties": { "ZIP": "62702", "CITY": "Springfield", "TIER": "T1 – EIEC ($500/kW MF + Full Residential)", "ACTIVITY": "Hot", "PROPERTY_TYPE": "Mobile Home / MHC", "PROPERTY_NAME": "Springfield Grove Properties at Prairie Grove", "ADDRESS": "3319 Ridgewood Ave, Springfield, IL 62702, USA", "PHONE": "(217) 544-9528", "WEBSITE": null }, "geometry": { "type": "Point", "coordinates": [ -89.5981755, 39.8239694 ] } },
{ "type": "Feature", "properties": { "ZIP": "62208", "CITY": "Fairview Heights", "TIER": "T1 – EIEC ($500/kW MF + Full Residential)", "ACTIVITY": "Hot", "PROPERTY_TYPE": "Apartment Complex", "PROPERTY_NAME": "Storyboard on Lincoln", "ADDRESS": "818 Lincoln Hwy, Fairview Heights, IL 62208, USA", "PHONE": "(833) 685-2660", "WEBSITE": "https://www.storyboardonlincoln.com/" }, "geometry": { "type": "Point", "coordinates": [ -89.9725039, 38.5923696 ] } },
{ "type": "Feature", "properties": { "ZIP": "62208", "CITY": "Fairview Heights", "TIER": "T1 – EIEC ($500/kW MF + Full Residential)", "ACTIVITY": "Hot", "PROPERTY_TYPE": "Apartment Complex", "PROPERTY_NAME": "Autumn Pine Duplexes", "ADDRESS": "101 Autumn Pine Dr, Fairview Heights, IL 62208, USA", "PHONE": null, "WEBSITE": null }, "geometry": { "type": "Point", "coordinates": [ -89.9651905, 38.5872059 ] } },
{ "type": "Feature", "properties": { "ZIP": "62249", "CITY": "Highland", "TIER": "T1 – EIEC ($500/kW MF + Full Residential)", "ACTIVITY": "Hot", "PROPERTY_TYPE": "Apartment Complex", "PROPERTY_NAME": "Park Place Apartments", "ADDRESS": "Highland, IL 62249, USA", "PHONE": null, "WEBSITE": null }, "geometry": { "type": "Point", "coordinates": [ -89.6715189, 38.7517398 ] } },
{ "type": "Feature", "properties": { "ZIP": "62249", "CITY": "Highland", "TIER": "T1 – EIEC ($500/kW MF + Full Residential)", "ACTIVITY": "Hot", "PROPERTY_TYPE": "Apartment Complex", "PROPERTY_NAME": "Northtown East Apartments", "ADDRESS": "85 Suppiger Ln, Highland, IL 62249, USA", "PHONE": "(618) 207-3022", "WEBSITE": "https://www.sollco.com/" }, "geometry": { "type": "Point", "coordinates": [ -89.6786899, 38.7528657 ] } },
{ "type": "Feature", "properties": { "ZIP": "62258", "CITY": "Mascoutah", "TIER": "T1 – EIEC ($500/kW MF + Full Residential)", "ACTIVITY": "Hot", "PROPERTY_TYPE": "Apartment Complex", "PROPERTY_NAME": "Storyboard on Fountain View", "ADDRESS": "710 Fountain View Dr, Mascoutah, IL 62258, USA", "PHONE": "(844) 635-2243", "WEBSITE": "http://storyboardonfountainview.com/" }, "geometry": { "type": "Point", "coordinates": [ -89.794269300000011, 38.4988873 ] } },
{ "type": "Feature", "properties": { "ZIP": "62258", "CITY": "Mascoutah", "TIER": "T1 – EIEC ($500/kW MF + Full Residential)", "ACTIVITY": "Hot", "PROPERTY_TYPE": "Apartment Complex", "PROPERTY_NAME": "Eagle View Townhomes", "ADDRESS": "1420 Mc Kinley St, Mascoutah, IL 62258, USA", "PHONE": null, "WEBSITE": null }, "geometry": { "type": "Point", "coordinates": [ -89.820112200000011, 38.4913657 ] } },
{ "type": "Feature", "properties": { "ZIP": "62258", "CITY": "Mascoutah", "TIER": "T1 – EIEC ($500/kW MF + Full Residential)", "ACTIVITY": "Hot", "PROPERTY_TYPE": "Apartment Complex", "PROPERTY_NAME": "Townhomes at Silver Creek", "ADDRESS": "935 W S St, Mascoutah, IL 62258, USA", "PHONE": null, "WEBSITE": null }, "geometry": { "type": "Point", "coordinates": [ -89.813107699999989, 38.4903121 ] } },
{ "type": "Feature", "properties": { "ZIP": "62258", "CITY": "Mascoutah", "TIER": "T1 – EIEC ($500/kW MF + Full Residential)", "ACTIVITY": "Hot", "PROPERTY_TYPE": "Mobile Home / MHC", "PROPERTY_NAME": "Mascoutah MHC LLC", "ADDRESS": "301 Mine Rd Lot 4, Mascoutah, IL 62258, USA", "PHONE": "(618) 539-3348", "WEBSITE": "https://www.twinpeaksmanagement.com/" }, "geometry": { "type": "Point", "coordinates": [ -89.789351, 38.487632 ] } },
{ "type": "Feature", "properties": { "ZIP": "62223", "CITY": "Belleville", "TIER": "T1 – EIEC ($500/kW MF + Full Residential)", "ACTIVITY": "Hot", "PROPERTY_TYPE": "Apartment Complex", "PROPERTY_NAME": "Centreville Courts Apartments", "ADDRESS": "100 Grambling Ct, East St Louis, IL 62207, USA", "PHONE": "(618) 332-1805", "WEBSITE": null }, "geometry": { "type": "Point", "coordinates": [ -90.1077531, 38.5618634 ] } },
{ "type": "Feature", "properties": { "ZIP": "62223", "CITY": "Belleville", "TIER": "T1 – EIEC ($500/kW MF + Full Residential)", "ACTIVITY": "Hot", "PROPERTY_TYPE": "Apartment Complex", "PROPERTY_NAME": "Cottages at Cathedral Square", "ADDRESS": "300 S 2nd St, Belleville, IL 62220, USA", "PHONE": null, "WEBSITE": null }, "geometry": { "type": "Point", "coordinates": [ -89.9863276, 38.5102606 ] } },
{ "type": "Feature", "properties": { "ZIP": "62223", "CITY": "Belleville", "TIER": "T1 – EIEC ($500/kW MF + Full Residential)", "ACTIVITY": "Hot", "PROPERTY_TYPE": "Apartment Complex", "PROPERTY_NAME": "Ben dr", "ADDRESS": "38 Ben Louis Dr, Belleville, IL 62226, USA", "PHONE": null, "WEBSITE": null }, "geometry": { "type": "Point", "coordinates": [ -90.005742, 38.5476782 ] } },
{ "type": "Feature", "properties": { "ZIP": "62223", "CITY": "Belleville", "TIER": "T1 – EIEC ($500/kW MF + Full Residential)", "ACTIVITY": "Hot", "PROPERTY_TYPE": "Apartment Complex", "PROPERTY_NAME": "Larry Myers", "ADDRESS": "109 Ladue Rd, Belleville, IL 62223, USA", "PHONE": null, "WEBSITE": null }, "geometry": { "type": "Point", "coordinates": [ -90.047864800000013, 38.5449322 ] } },
{ "type": "Feature", "properties": { "ZIP": "61350", "CITY": "Ottawa", "TIER": "T1 – EIEC ($500/kW MF + Full Residential)", "ACTIVITY": "Hot", "PROPERTY_TYPE": "Apartment Complex", "PROPERTY_NAME": "Turnberry Court Apartments", "ADDRESS": "2811 Champlain St, Ottawa, IL 61350, USA", "PHONE": "(815) 433-9400", "WEBSITE": "http://turnberry-court-apts.com/" }, "geometry": { "type": "Point", "coordinates": [ -88.8174456, 41.370722699999988 ] } },
{ "type": "Feature", "properties": { "ZIP": "61350", "CITY": "Ottawa", "TIER": "T1 – EIEC ($500/kW MF + Full Residential)", "ACTIVITY": "Hot", "PROPERTY_TYPE": "Apartment Complex", "PROPERTY_NAME": "Country Place: Ottawa", "ADDRESS": "701 W McKinley Rd, Ottawa, IL 61350, USA", "PHONE": "(815) 433-9154", "WEBSITE": "https://www.tmamgroup.com/country-place-apartments-ottawa0/default.aspx" }, "geometry": { "type": "Point", "coordinates": [ -88.846987, 41.3240054 ] } },
{ "type": "Feature", "properties": { "ZIP": "61350", "CITY": "Ottawa", "TIER": "T1 – EIEC ($500/kW MF + Full Residential)", "ACTIVITY": "Hot", "PROPERTY_TYPE": "Apartment Complex", "PROPERTY_NAME": "Gracefield Apartments", "ADDRESS": "2727 Cherie Ln, Ottawa, IL 61350, USA", "PHONE": "(815) 433-5629", "WEBSITE": "https://www.tmamgroup.com/gracefield-apartments1/default.aspx?_yTrackUser=NTI1OTI0MTc0Izc3MzE1NTA0Nw%3D%3D-uDHt9kasSn0%3D&_yTrackVisit=NDE3OTUwMzgxNyMyNzg5NTU4MTg%253d-ZctjfbZLloE%253d&_yTrackReqDT=53201620231810" }, "geometry": { "type": "Point", "coordinates": [ -88.8307188, 41.372567 ] } },
{ "type": "Feature", "properties": { "ZIP": "61350", "CITY": "Ottawa", "TIER": "T1 – EIEC ($500/kW MF + Full Residential)", "ACTIVITY": "Hot", "PROPERTY_TYPE": "Senior Living", "PROPERTY_NAME": "Anthony Place Senior Apartments", "ADDRESS": "727 Clinton St, Ottawa, IL 61350, USA", "PHONE": "(815) 324-3500", "WEBSITE": "https://anthonyplaceottawa.com/" }, "geometry": { "type": "Point", "coordinates": [ -88.8444976, 41.3476448 ] } },
{ "type": "Feature", "properties": { "ZIP": "61350", "CITY": "Ottawa", "TIER": "T1 – EIEC ($500/kW MF + Full Residential)", "ACTIVITY": "Hot", "PROPERTY_TYPE": "Apartment Complex", "PROPERTY_NAME": "Clyde's Place", "ADDRESS": "1406 B James Ct, Ottawa, IL 61350, USA", "PHONE": null, "WEBSITE": null }, "geometry": { "type": "Point", "coordinates": [ -88.8425349, 41.323806700000013 ] } },
{ "type": "Feature", "properties": { "ZIP": "61350", "CITY": "Ottawa", "TIER": "T1 – EIEC ($500/kW MF + Full Residential)", "ACTIVITY": "Hot", "PROPERTY_TYPE": "Mobile Home / MHC", "PROPERTY_NAME": "Ottawa Estates Mobile Home Park", "ADDRESS": "1570 N 30th Rd Lot 14, Ottawa, IL 61350, USA", "PHONE": "(815) 214-9770", "WEBSITE": "https://knightscommunities.com/community/ottawa-estates-mobile-home-park/" }, "geometry": { "type": "Point", "coordinates": [ -88.8614366, 41.3679632 ] } },
{ "type": "Feature", "properties": { "ZIP": "61350", "CITY": "Ottawa", "TIER": "T1 – EIEC ($500/kW MF + Full Residential)", "ACTIVITY": "Hot", "PROPERTY_TYPE": "Mobile Home / MHC", "PROPERTY_NAME": "Dottis", "ADDRESS": "1571-1563 N 30th Rd, Ottawa, IL 61350, USA", "PHONE": null, "WEBSITE": null }, "geometry": { "type": "Point", "coordinates": [ -88.8615951, 41.3675804 ] } },
{ "type": "Feature", "properties": { "ZIP": "61350", "CITY": "Ottawa", "TIER": "T1 – EIEC ($500/kW MF + Full Residential)", "ACTIVITY": "Hot", "PROPERTY_TYPE": "Mobile Home / MHC", "PROPERTY_NAME": "Marseilles Mobile Home Community", "ADDRESS": "809 Belle Aire Ave, Marseilles, IL 61341, USA", "PHONE": "(815) 324-2914", "WEBSITE": "https://knightscommunities.com/community/marseilles-mobile-home-park/" }, "geometry": { "type": "Point", "coordinates": [ -88.6989246, 41.3365674 ] } },
{ "type": "Feature", "properties": { "ZIP": "62703", "CITY": "Springfield", "TIER": "T1 – EIEC ($500/kW MF + Full Residential)", "ACTIVITY": "Hot", "PROPERTY_TYPE": "Apartment Complex", "PROPERTY_NAME": "Butler Apartments", "ADDRESS": "3117 Butler St, Springfield, IL 62703, USA", "PHONE": "(217) 481-5925", "WEBSITE": null }, "geometry": { "type": "Point", "coordinates": [ -89.6248703, 39.7598214 ] } },
{ "type": "Feature", "properties": { "ZIP": "62959", "CITY": "Marion", "TIER": "T1 – EIEC ($500/kW MF + Full Residential)", "ACTIVITY": "Hot", "PROPERTY_TYPE": "Apartment Complex", "PROPERTY_NAME": "Southern Meadows", "ADDRESS": "1700 Grandioso Dr, Marion, IL 62959, USA", "PHONE": "(618) 814-0711", "WEBSITE": "http://www.southernmeadowsliving.com/" }, "geometry": { "type": "Point", "coordinates": [ -88.896828, 37.740458 ] } },
{ "type": "Feature", "properties": { "ZIP": "62959", "CITY": "Marion", "TIER": "T1 – EIEC ($500/kW MF + Full Residential)", "ACTIVITY": "Hot", "PROPERTY_TYPE": "Apartment Complex", "PROPERTY_NAME": "Russell Street Villas", "ADDRESS": "1501 W Central St, Marion, IL 62959, USA", "PHONE": "(618) 997-8500", "WEBSITE": "http://marionrentalapartments.com/" }, "geometry": { "type": "Point", "coordinates": [ -88.9420937, 37.7342912 ] } },
{ "type": "Feature", "properties": { "ZIP": "62959", "CITY": "Marion", "TIER": "T1 – EIEC ($500/kW MF + Full Residential)", "ACTIVITY": "Hot", "PROPERTY_TYPE": "Apartment Complex", "PROPERTY_NAME": "Bright star Apartments", "ADDRESS": "302 N Vicksburg St, Marion, IL 62959, USA", "PHONE": "(618) 713-5904", "WEBSITE": null }, "geometry": { "type": "Point", "coordinates": [ -88.9364902, 37.732669 ] } },
{ "type": "Feature", "properties": { "ZIP": "62959", "CITY": "Marion", "TIER": "T1 – EIEC ($500/kW MF + Full Residential)", "ACTIVITY": "Hot", "PROPERTY_TYPE": "Apartment Complex", "PROPERTY_NAME": "Bryleigh Apartment Homes", "ADDRESS": "1300 Karris Ln, Marion, IL 62959, USA", "PHONE": "(618) 694-8605", "WEBSITE": null }, "geometry": { "type": "Point", "coordinates": [ -88.904743599999989, 37.7409703 ] } },
{ "type": "Feature", "properties": { "ZIP": "62959", "CITY": "Marion", "TIER": "T1 – EIEC ($500/kW MF + Full Residential)", "ACTIVITY": "Hot", "PROPERTY_TYPE": "Apartment Complex", "PROPERTY_NAME": "Southern Horizon Homes", "ADDRESS": "2903 S Market St, Marion, IL 62959, USA", "PHONE": "(618) 997-8500", "WEBSITE": "http://marionrentalapartments.com/" }, "geometry": { "type": "Point", "coordinates": [ -88.923941, 37.7007375 ] } },
{ "type": "Feature", "properties": { "ZIP": "62959", "CITY": "Marion", "TIER": "T1 – EIEC ($500/kW MF + Full Residential)", "ACTIVITY": "Hot", "PROPERTY_TYPE": "Apartment Complex", "PROPERTY_NAME": "Jake & Lexi", "ADDRESS": "1315 Kings Lndg Dr, Marion, IL 62959, USA", "PHONE": null, "WEBSITE": null }, "geometry": { "type": "Point", "coordinates": [ -88.8976996, 37.7390903 ] } },
{ "type": "Feature", "properties": { "ZIP": "62959", "CITY": "Marion", "TIER": "T1 – EIEC ($500/kW MF + Full Residential)", "ACTIVITY": "Hot", "PROPERTY_TYPE": "Apartment Complex", "PROPERTY_NAME": "Southern Meadows Apts", "ADDRESS": "1925 Meadows Ln, Marion, IL 62959, USA", "PHONE": null, "WEBSITE": null }, "geometry": { "type": "Point", "coordinates": [ -88.894465, 37.7392484 ] } },
{ "type": "Feature", "properties": { "ZIP": "62959", "CITY": "Marion", "TIER": "T1 – EIEC ($500/kW MF + Full Residential)", "ACTIVITY": "Hot", "PROPERTY_TYPE": "Apartment Complex", "PROPERTY_NAME": "Apartment", "ADDRESS": "1410 Lionheart Dr, Marion, IL 62959, USA", "PHONE": null, "WEBSITE": null }, "geometry": { "type": "Point", "coordinates": [ -88.896036099999989, 37.739493 ] } },
{ "type": "Feature", "properties": { "ZIP": "62959", "CITY": "Marion", "TIER": "T1 – EIEC ($500/kW MF + Full Residential)", "ACTIVITY": "Hot", "PROPERTY_TYPE": "Apartment Complex", "PROPERTY_NAME": "Apartment", "ADDRESS": "1922 Meadows Ln, Marion, IL 62959, USA", "PHONE": null, "WEBSITE": null }, "geometry": { "type": "Point", "coordinates": [ -88.8938835, 37.7394421 ] } },
{ "type": "Feature", "properties": { "ZIP": "62959", "CITY": "Marion", "TIER": "T1 – EIEC ($500/kW MF + Full Residential)", "ACTIVITY": "Hot", "PROPERTY_TYPE": "Mobile Home / MHC", "PROPERTY_NAME": "Marion Village, an Ozark Community", "ADDRESS": "2004 Village Ln, Marion, IL 62959, USA", "PHONE": "(618) 529-4444", "WEBSITE": "https://ozarkcommunities.com/" }, "geometry": { "type": "Point", "coordinates": [ -88.9072718, 37.7236836 ] } },
{ "type": "Feature", "properties": { "ZIP": "62959", "CITY": "Marion", "TIER": "T1 – EIEC ($500/kW MF + Full Residential)", "ACTIVITY": "Hot", "PROPERTY_TYPE": "Mobile Home / MHC", "PROPERTY_NAME": "Kay-Lou Trailer Courts Inc", "ADDRESS": "709 Kay Lou Dr, Marion, IL 62959, USA", "PHONE": "(618) 841-1428", "WEBSITE": "http://www.parkbridgehomes.com/communities/kay-lou-mhc" }, "geometry": { "type": "Point", "coordinates": [ -88.9618172, 37.7368318 ] } },
{ "type": "Feature", "properties": { "ZIP": "62959", "CITY": "Marion", "TIER": "T1 – EIEC ($500/kW MF + Full Residential)", "ACTIVITY": "Hot", "PROPERTY_TYPE": "Mobile Home / MHC", "PROPERTY_NAME": "Williams Trailer Court", "ADDRESS": "200 E Patrick St #4, Marion, IL 62959, USA", "PHONE": "(618) 208-0322", "WEBSITE": null }, "geometry": { "type": "Point", "coordinates": [ -88.9274299, 37.7475992 ] } },
{ "type": "Feature", "properties": { "ZIP": "62959", "CITY": "Marion", "TIER": "T1 – EIEC ($500/kW MF + Full Residential)", "ACTIVITY": "Hot", "PROPERTY_TYPE": "Mobile Home / MHC", "PROPERTY_NAME": "Route 37 Mobile Home Community", "ADDRESS": "1208 S Court St, Marion, IL 62959, USA", "PHONE": "(408) 394-4107", "WEBSITE": null }, "geometry": { "type": "Point", "coordinates": [ -88.9329121, 37.7193531 ] } },
{ "type": "Feature", "properties": { "ZIP": "62959", "CITY": "Marion", "TIER": "T1 – EIEC ($500/kW MF + Full Residential)", "ACTIVITY": "Hot", "PROPERTY_TYPE": "Mobile Home / MHC", "PROPERTY_NAME": "The Orchards", "ADDRESS": "201 Paradise Acres Rd Apt B, Carterville, IL 62918, USA", "PHONE": "(618) 681-2776", "WEBSITE": "https://rootsmg.com/community/the_orchards_carterville_il" }, "geometry": { "type": "Point", "coordinates": [ -89.116658199999989, 37.7654407 ] } },
{ "type": "Feature", "properties": { "ZIP": "62959", "CITY": "Marion", "TIER": "T1 – EIEC ($500/kW MF + Full Residential)", "ACTIVITY": "Hot", "PROPERTY_TYPE": "Mobile Home / MHC", "PROPERTY_NAME": "Hickory Leaf Mobile Home Park", "ADDRESS": "10015 N Wolf Creek Rd, Carterville, IL 62918, USA", "PHONE": "(618) 985-3079", "WEBSITE": null }, "geometry": { "type": "Point", "coordinates": [ -89.059226900000013, 37.7403602 ] } },
{ "type": "Feature", "properties": { "ZIP": "62220", "CITY": "Belleville", "TIER": "T1 – EIEC ($500/kW MF + Full Residential)", "ACTIVITY": "Hot", "PROPERTY_TYPE": "Apartment Complex", "PROPERTY_NAME": "6301 appartments", "ADDRESS": "6301 Old St Louis Rd #7, Belleville, IL 62223, USA", "PHONE": null, "WEBSITE": null }, "geometry": { "type": "Point", "coordinates": [ -90.0433301, 38.5381599 ] } },
{ "type": "Feature", "properties": { "ZIP": "62220", "CITY": "Belleville", "TIER": "T1 – EIEC ($500/kW MF + Full Residential)", "ACTIVITY": "Hot", "PROPERTY_TYPE": "Apartment Complex", "PROPERTY_NAME": "B. Properties", "ADDRESS": "2804 West Blvd, Belleville, IL 62221, USA", "PHONE": null, "WEBSITE": null }, "geometry": { "type": "Point", "coordinates": [ -89.9464404, 38.5161214 ] } },
{ "type": "Feature", "properties": { "ZIP": "61401", "CITY": "Galesburg", "TIER": "T1 – EIEC ($500/kW MF + Full Residential)", "ACTIVITY": "Hot", "PROPERTY_TYPE": "Apartment Complex", "PROPERTY_NAME": "Parkway Estates", "ADDRESS": "1711 W Carl Sandburg Dr, Galesburg, IL 61401, USA", "PHONE": "(309) 341-0103", "WEBSITE": "https://parkwayestatesliving.com/" }, "geometry": { "type": "Point", "coordinates": [ -90.3994037, 40.9684275 ] } },
{ "type": "Feature", "properties": { "ZIP": "61401", "CITY": "Galesburg", "TIER": "T1 – EIEC ($500/kW MF + Full Residential)", "ACTIVITY": "Hot", "PROPERTY_TYPE": "Apartment Complex", "PROPERTY_NAME": "Hollow Tree Apartments", "ADDRESS": "1351 W Carl Sandburg Dr, Galesburg, IL 61401, USA", "PHONE": "(309) 341-3866", "WEBSITE": "http://www.hollowtreeapartments.com/" }, "geometry": { "type": "Point", "coordinates": [ -90.3939881, 40.9707213 ] } },
{ "type": "Feature", "properties": { "ZIP": "61401", "CITY": "Galesburg", "TIER": "T1 – EIEC ($500/kW MF + Full Residential)", "ACTIVITY": "Hot", "PROPERTY_TYPE": "Apartment Complex", "PROPERTY_NAME": "Whiting Hall Apartments", "ADDRESS": "19 E Tompkins St, Galesburg, IL 61401, USA", "PHONE": "(309) 342-6400", "WEBSITE": "https://ccinvest.com/properties/whiting/" }, "geometry": { "type": "Point", "coordinates": [ -90.370465, 40.9452728 ] } },
{ "type": "Feature", "properties": { "ZIP": "61401", "CITY": "Galesburg", "TIER": "T1 – EIEC ($500/kW MF + Full Residential)", "ACTIVITY": "Hot", "PROPERTY_TYPE": "Apartment Complex", "PROPERTY_NAME": "River Oaks Trails", "ADDRESS": "279 Michigan Ave, Galesburg, IL 61401, USA", "PHONE": "(833) 918-9812", "WEBSITE": "https://riveroakstrails.com/" }, "geometry": { "type": "Point", "coordinates": [ -90.3372016, 40.943919 ] } },
{ "type": "Feature", "properties": { "ZIP": "61401", "CITY": "Galesburg", "TIER": "T1 – EIEC ($500/kW MF + Full Residential)", "ACTIVITY": "Hot", "PROPERTY_TYPE": "Apartment Complex", "PROPERTY_NAME": "Williamsburg Apartments", "ADDRESS": "1072 Olive St, Galesburg, IL 61401, USA", "PHONE": "(319) 759-5654", "WEBSITE": null }, "geometry": { "type": "Point", "coordinates": [ -90.3856887, 40.9603958 ] } },
{ "type": "Feature", "properties": { "ZIP": "61401", "CITY": "Galesburg", "TIER": "T1 – EIEC ($500/kW MF + Full Residential)", "ACTIVITY": "Hot", "PROPERTY_TYPE": "Apartment Complex", "PROPERTY_NAME": "The Villas at Carl Sandburg", "ADDRESS": "3278 N Henderson St, Galesburg, IL 61401, USA", "PHONE": "(309) 297-4490", "WEBSITE": "http://www.villascsc.com/" }, "geometry": { "type": "Point", "coordinates": [ -90.3838283, 40.9846838 ] } },
{ "type": "Feature", "properties": { "ZIP": "61401", "CITY": "Galesburg", "TIER": "T1 – EIEC ($500/kW MF + Full Residential)", "ACTIVITY": "Hot", "PROPERTY_TYPE": "Apartment Complex", "PROPERTY_NAME": "Locust Street Apartments", "ADDRESS": "65 Locust St, Galesburg, IL 61401, USA", "PHONE": "(701) 367-0990", "WEBSITE": null }, "geometry": { "type": "Point", "coordinates": [ -90.3499873, 40.9466304 ] } },
{ "type": "Feature", "properties": { "ZIP": "61401", "CITY": "Galesburg", "TIER": "T1 – EIEC ($500/kW MF + Full Residential)", "ACTIVITY": "Hot", "PROPERTY_TYPE": "Apartment Complex", "PROPERTY_NAME": "Columbia Heights Apartments", "ADDRESS": "400-410 California Avenue- Indiana Ave, Mavis Dr, East Galesburg, IL 61430, USA", "PHONE": "(309) 371-9250", "WEBSITE": null }, "geometry": { "type": "Point", "coordinates": [ -90.3104777, 40.9361671 ] } },
{ "type": "Feature", "properties": { "ZIP": "61401", "CITY": "Galesburg", "TIER": "T1 – EIEC ($500/kW MF + Full Residential)", "ACTIVITY": "Hot", "PROPERTY_TYPE": "Apartment Complex", "PROPERTY_NAME": "Deepak sen", "ADDRESS": "173 Sandeep Dr, Galesburg, IL 61401, USA", "PHONE": null, "WEBSITE": null }, "geometry": { "type": "Point", "coordinates": [ -90.3767032, 40.9737938 ] } },
{ "type": "Feature", "properties": { "ZIP": "61401", "CITY": "Galesburg", "TIER": "T1 – EIEC ($500/kW MF + Full Residential)", "ACTIVITY": "Hot", "PROPERTY_TYPE": "Apartment Complex", "PROPERTY_NAME": "Jessie's place", "ADDRESS": "1045 N Henderson St #8, Galesburg, IL 61401, USA", "PHONE": null, "WEBSITE": null }, "geometry": { "type": "Point", "coordinates": [ -90.3828431, 40.9597801 ] } },
{ "type": "Feature", "properties": { "ZIP": "61401", "CITY": "Galesburg", "TIER": "T1 – EIEC ($500/kW MF + Full Residential)", "ACTIVITY": "Hot", "PROPERTY_TYPE": "Mobile Home / MHC", "PROPERTY_NAME": "Swing's Mobile Estates Inc", "ADDRESS": "Swing Blvd, Galesburg, IL 61401, USA", "PHONE": "(309) 342-1088", "WEBSITE": "http://apartmentsforrentgalesburg.com/" }, "geometry": { "type": "Point", "coordinates": [ -90.4039717, 40.9301872 ] } },
{ "type": "Feature", "properties": { "ZIP": "61401", "CITY": "Galesburg", "TIER": "T1 – EIEC ($500/kW MF + Full Residential)", "ACTIVITY": "Hot", "PROPERTY_TYPE": "Mobile Home / MHC", "PROPERTY_NAME": "Country Air Mobile Park", "ADDRESS": "835 Wisconsin Ave # C3, Galesburg, IL 61401, USA", "PHONE": "(309) 343-2817", "WEBSITE": null }, "geometry": { "type": "Point", "coordinates": [ -90.3328094, 40.9375267 ] } },
{ "type": "Feature", "properties": { "ZIP": "61401", "CITY": "Galesburg", "TIER": "T1 – EIEC ($500/kW MF + Full Residential)", "ACTIVITY": "Hot", "PROPERTY_TYPE": "Mobile Home / MHC", "PROPERTY_NAME": "Country Elms Manufactured Home Community", "ADDRESS": "654 US-150, Galesburg, IL 61401, USA", "PHONE": "(309) 289-6367", "WEBSITE": "https://www.bayshorehomesales.com/communities/countryelmsil?utm_campaign=WebsiteURL&utm_medium=organic&utm_source=GMB" }, "geometry": { "type": "Point", "coordinates": [ -90.3166802, 40.9215505 ] } },
{ "type": "Feature", "properties": { "ZIP": "61401", "CITY": "Galesburg", "TIER": "T1 – EIEC ($500/kW MF + Full Residential)", "ACTIVITY": "Hot", "PROPERTY_TYPE": "Mobile Home / MHC", "PROPERTY_NAME": "Sandburg Lake Estates", "ADDRESS": "80 Herring Ave, Galesburg, IL 61401, USA", "PHONE": "(309) 351-7003", "WEBSITE": null }, "geometry": { "type": "Point", "coordinates": [ -90.4204017, 40.9441 ] } },
{ "type": "Feature", "properties": { "ZIP": "61401", "CITY": "Galesburg", "TIER": "T1 – EIEC ($500/kW MF + Full Residential)", "ACTIVITY": "Hot", "PROPERTY_TYPE": "Mobile Home / MHC", "PROPERTY_NAME": "Kimberly Terrace Manufactured Home Community", "ADDRESS": "3053 Grand Ave, Galesburg, IL 61401, USA", "PHONE": "(309) 351-7179", "WEBSITE": "https://www.bayshorehomesales.com/communities/kimberlyterraceil?utm_campaign=WebsiteURL&utm_medium=organic&utm_source=GMB" }, "geometry": { "type": "Point", "coordinates": [ -90.3277278, 40.9294457 ] } },
{ "type": "Feature", "properties": { "ZIP": "61401", "CITY": "Galesburg", "TIER": "T1 – EIEC ($500/kW MF + Full Residential)", "ACTIVITY": "Hot", "PROPERTY_TYPE": "Mobile Home / MHC", "PROPERTY_NAME": "Jaime", "ADDRESS": "44 Loraine Dr, Galesburg, IL 61401, USA", "PHONE": null, "WEBSITE": null }, "geometry": { "type": "Point", "coordinates": [ -90.3274414, 40.9326733 ] } },
{ "type": "Feature", "properties": { "ZIP": "61604", "CITY": "Peoria", "TIER": "T1 – EIEC ($500/kW MF + Full Residential)", "ACTIVITY": "Hot", "PROPERTY_TYPE": "Apartment Complex", "PROPERTY_NAME": "Aspen Bluff Apartments", "ADDRESS": "2600 N Lavalle Ct, Peoria, IL 61604, USA", "PHONE": "(309) 688-2787", "WEBSITE": "https://aspenbluffapartments.com/" }, "geometry": { "type": "Point", "coordinates": [ -89.6488996, 40.7196593 ] } },
{ "type": "Feature", "properties": { "ZIP": "61604", "CITY": "Peoria", "TIER": "T1 – EIEC ($500/kW MF + Full Residential)", "ACTIVITY": "Hot", "PROPERTY_TYPE": "Apartment Complex", "PROPERTY_NAME": "Lexington Hills Apartments", "ADDRESS": "3440 W Oakcrest Dr, Peoria, IL 61604, USA", "PHONE": "(309) 688-7572", "WEBSITE": null }, "geometry": { "type": "Point", "coordinates": [ -89.6466504, 40.7196694 ] } },
{ "type": "Feature", "properties": { "ZIP": "61604", "CITY": "Peoria", "TIER": "T1 – EIEC ($500/kW MF + Full Residential)", "ACTIVITY": "Hot", "PROPERTY_TYPE": "Apartment Complex", "PROPERTY_NAME": "Carriage Hill Apartments", "ADDRESS": "3400 Knoxville Ave, Peoria, IL 61603, USA", "PHONE": "(309) 322-7077", "WEBSITE": "https://www.mss309.com/carriage-hill-apartments" }, "geometry": { "type": "Point", "coordinates": [ -89.5931317, 40.7283727 ] } },
{ "type": "Feature", "properties": { "ZIP": "61604", "CITY": "Peoria", "TIER": "T1 – EIEC ($500/kW MF + Full Residential)", "ACTIVITY": "Hot", "PROPERTY_TYPE": "Apartment Complex", "PROPERTY_NAME": "Parkwood Commons Apartments", "ADDRESS": "1617 North Great Oak Road, Peoria, IL 61604, USA", "PHONE": "(309) 316-2995", "WEBSITE": "https://www.wallickcommunities.com/parkwood-commons/index.aspx" }, "geometry": { "type": "Point", "coordinates": [ -89.641094099999989, 40.7082655 ] } },
{ "type": "Feature", "properties": { "ZIP": "62712", "CITY": "Springfield", "TIER": "T1 – EIEC ($500/kW MF + Full Residential)", "ACTIVITY": "Hot", "PROPERTY_TYPE": "Apartment Complex", "PROPERTY_NAME": "Ashley", "ADDRESS": "1600 Toronto Rd, Springfield, IL 62712, USA", "PHONE": null, "WEBSITE": null }, "geometry": { "type": "Point", "coordinates": [ -89.6313434, 39.7121684 ] } },
{ "type": "Feature", "properties": { "ZIP": "62712", "CITY": "Springfield", "TIER": "T1 – EIEC ($500/kW MF + Full Residential)", "ACTIVITY": "Hot", "PROPERTY_TYPE": "Apartment Complex", "PROPERTY_NAME": "Larkspur Apartments", "ADDRESS": "LKR – Larkspur Court, 4973 University Dr, Springfield, IL 62703, USA", "PHONE": null, "WEBSITE": null }, "geometry": { "type": "Point", "coordinates": [ -89.6154346, 39.7255894 ] } },
{ "type": "Feature", "properties": { "ZIP": "62712", "CITY": "Springfield", "TIER": "T1 – EIEC ($500/kW MF + Full Residential)", "ACTIVITY": "Hot", "PROPERTY_TYPE": "Mobile Home / MHC", "PROPERTY_NAME": "Hilltop Pointe Mobile Home Park", "ADDRESS": "1000 E Kinzie St lot 21, Riverton, IL 62561, USA", "PHONE": "(217) 508-8387", "WEBSITE": "https://yougotithomes.com/community/hilltop-pointe/" }, "geometry": { "type": "Point", "coordinates": [ -89.5305032, 39.8495107 ] } },
{ "type": "Feature", "properties": { "ZIP": "62901", "CITY": "Carbondale", "TIER": "T1 – EIEC ($500/kW MF + Full Residential)", "ACTIVITY": "Hot", "PROPERTY_TYPE": "Apartment Complex", "PROPERTY_NAME": "University Mall Apartments", "ADDRESS": "1195 E Walnut St, Carbondale, IL 62901, USA", "PHONE": "(618) 490-1018", "WEBSITE": "http://www.leasecarbondale.com/home" }, "geometry": { "type": "Point", "coordinates": [ -89.1943013, 37.7245597 ] } },
{ "type": "Feature", "properties": { "ZIP": "62901", "CITY": "Carbondale", "TIER": "T1 – EIEC ($500/kW MF + Full Residential)", "ACTIVITY": "Hot", "PROPERTY_TYPE": "Apartment Complex", "PROPERTY_NAME": "900 on Park Apartments", "ADDRESS": "900 E Park St, Carbondale, IL 62901, USA", "PHONE": "(618) 912-0909", "WEBSITE": "https://princetonmanagement.com/communities/900-on-park/" }, "geometry": { "type": "Point", "coordinates": [ -89.202912, 37.715925 ] } },
{ "type": "Feature", "properties": { "ZIP": "62901", "CITY": "Carbondale", "TIER": "T1 – EIEC ($500/kW MF + Full Residential)", "ACTIVITY": "Hot", "PROPERTY_TYPE": "Apartment Complex", "PROPERTY_NAME": "University Village Townhome Apartments", "ADDRESS": "800 E Grand Ave, Carbondale, IL 62901, USA", "PHONE": "(618) 457-0446", "WEBSITE": "http://rentsiu.com/" }, "geometry": { "type": "Point", "coordinates": [ -89.204216699999989, 37.7187534 ] } },
{ "type": "Feature", "properties": { "ZIP": "62901", "CITY": "Carbondale", "TIER": "T1 – EIEC ($500/kW MF + Full Residential)", "ACTIVITY": "Hot", "PROPERTY_TYPE": "Apartment Complex", "PROPERTY_NAME": "Brookside Apartments", "ADDRESS": "1200 E Grand Ave, Carbondale, IL 62901, USA", "PHONE": "(618) 549-3600", "WEBSITE": "http://www.brooksidelife.com/" }, "geometry": { "type": "Point", "coordinates": [ -89.1925061, 37.7184806 ] } },
{ "type": "Feature", "properties": { "ZIP": "62901", "CITY": "Carbondale", "TIER": "T1 – EIEC ($500/kW MF + Full Residential)", "ACTIVITY": "Hot", "PROPERTY_TYPE": "Apartment Complex", "PROPERTY_NAME": "Mill Street Apartments", "ADDRESS": "703 S Rawlings St, Carbondale, IL 62901, USA", "PHONE": "(618) 529-3371", "WEBSITE": "http://www.millstreetapts.com/" }, "geometry": { "type": "Point", "coordinates": [ -89.2225415, 37.7197596 ] } },
{ "type": "Feature", "properties": { "ZIP": "62901", "CITY": "Carbondale", "TIER": "T1 – EIEC ($500/kW MF + Full Residential)", "ACTIVITY": "Hot", "PROPERTY_TYPE": "Apartment Complex", "PROPERTY_NAME": "Ashburn apartments", "ADDRESS": "508 S Wall St, Carbondale, IL 62901, USA", "PHONE": null, "WEBSITE": null }, "geometry": { "type": "Point", "coordinates": [ -89.2090518, 37.7216678 ] } },
{ "type": "Feature", "properties": { "ZIP": "62901", "CITY": "Carbondale", "TIER": "T1 – EIEC ($500/kW MF + Full Residential)", "ACTIVITY": "Hot", "PROPERTY_TYPE": "Apartment Complex", "PROPERTY_NAME": "University Edge Apartments", "ADDRESS": "501 E College St, Carbondale, IL 62901, USA", "PHONE": "(618) 457-4422", "WEBSITE": "http://universityedge.net/" }, "geometry": { "type": "Point", "coordinates": [ -89.2093463, 37.7225396 ] } },
{ "type": "Feature", "properties": { "ZIP": "62901", "CITY": "Carbondale", "TIER": "T1 – EIEC ($500/kW MF + Full Residential)", "ACTIVITY": "Hot", "PROPERTY_TYPE": "Apartment Complex", "PROPERTY_NAME": "Pine Shores Rentals", "ADDRESS": "25 Pine Shores Drive Leasing Office, Carbondale, IL 62902, USA", "PHONE": "(618) 457-5700", "WEBSITE": "http://pineshoresrentals.com/" }, "geometry": { "type": "Point", "coordinates": [ -89.1715673, 37.6736099 ] } },
{ "type": "Feature", "properties": { "ZIP": "62901", "CITY": "Carbondale", "TIER": "T1 – EIEC ($500/kW MF + Full Residential)", "ACTIVITY": "Hot", "PROPERTY_TYPE": "Apartment Complex", "PROPERTY_NAME": "Aspen Court", "ADDRESS": "1101 E Grand Ave, Carbondale, IL 62901, USA", "PHONE": "(618) 549-1700", "WEBSITE": "http://aspencourtsiu.com/" }, "geometry": { "type": "Point", "coordinates": [ -89.1968732, 37.716747 ] } },
{ "type": "Feature", "properties": { "ZIP": "62901", "CITY": "Carbondale", "TIER": "T1 – EIEC ($500/kW MF + Full Residential)", "ACTIVITY": "Hot", "PROPERTY_TYPE": "Apartment Complex", "PROPERTY_NAME": "Saluki Apartments", "ADDRESS": "405 E College St, Carbondale, IL 62901, USA", "PHONE": "(970) 510-8792", "WEBSITE": "https://salukiapartments.com/" }, "geometry": { "type": "Point", "coordinates": [ -89.2101211, 37.7225341 ] } },
{ "type": "Feature", "properties": { "ZIP": "62901", "CITY": "Carbondale", "TIER": "T1 – EIEC ($500/kW MF + Full Residential)", "ACTIVITY": "Hot", "PROPERTY_TYPE": "Apartment Complex", "PROPERTY_NAME": "Storyboard on Black Diamond", "ADDRESS": "1210 Black Diamond Dr Ste 1, Carbondale, IL 62901, USA", "PHONE": "(833) 386-1951", "WEBSITE": "https://www.storyboardonblackdiamond.com/" }, "geometry": { "type": "Point", "coordinates": [ -89.2560028, 37.739704 ] } },
{ "type": "Feature", "properties": { "ZIP": "62901", "CITY": "Carbondale", "TIER": "T1 – EIEC ($500/kW MF + Full Residential)", "ACTIVITY": "Hot", "PROPERTY_TYPE": "Apartment Complex", "PROPERTY_NAME": "Storyboard at SIU (Formerly Evolve)", "ADDRESS": "710 S Illinois Ave, Carbondale, IL 62901, USA", "PHONE": "(618) 216-7222", "WEBSITE": "https://www.storyboardatsiu.com/" }, "geometry": { "type": "Point", "coordinates": [ -89.2162532, 37.7204064 ] } },
{ "type": "Feature", "properties": { "ZIP": "62901", "CITY": "Carbondale", "TIER": "T1 – EIEC ($500/kW MF + Full Residential)", "ACTIVITY": "Hot", "PROPERTY_TYPE": "Apartment Complex", "PROPERTY_NAME": "The Hill Apartments", "ADDRESS": "607 E Park St, Carbondale, IL 62901, USA", "PHONE": "(970) 713-8534", "WEBSITE": "http://thehill-apartments.com/" }, "geometry": { "type": "Point", "coordinates": [ -89.2064999, 37.7153548 ] } },
{ "type": "Feature", "properties": { "ZIP": "62901", "CITY": "Carbondale", "TIER": "T1 – EIEC ($500/kW MF + Full Residential)", "ACTIVITY": "Hot", "PROPERTY_TYPE": "Apartment Complex", "PROPERTY_NAME": "Cornerstone Place Apartments", "ADDRESS": "250 S Lewis Ln, Carbondale, IL 62901, USA", "PHONE": "(618) 457-2403", "WEBSITE": "https://www.yms-rentals.com/properties/cornerstone-apartments" }, "geometry": { "type": "Point", "coordinates": [ -89.200012199999989, 37.7242088 ] } },
{ "type": "Feature", "properties": { "ZIP": "62901", "CITY": "Carbondale", "TIER": "T1 – EIEC ($500/kW MF + Full Residential)", "ACTIVITY": "Hot", "PROPERTY_TYPE": "Apartment Complex", "PROPERTY_NAME": "The Field Apartments", "ADDRESS": "700 S Lewis Ln, Carbondale, IL 62901, USA", "PHONE": "(618) 549-7377", "WEBSITE": null }, "geometry": { "type": "Point", "coordinates": [ -89.2010574, 37.7197952 ] } },
{ "type": "Feature", "properties": { "ZIP": "62901", "CITY": "Carbondale", "TIER": "T1 – EIEC ($500/kW MF + Full Residential)", "ACTIVITY": "Hot", "PROPERTY_TYPE": "Apartment Complex", "PROPERTY_NAME": "Ashburn Apartments", "ADDRESS": "513 S Graham Ave, Carbondale, IL 62901, USA", "PHONE": "(618) 440-0445", "WEBSITE": "https://ashburncarbondale.com/" }, "geometry": { "type": "Point", "coordinates": [ -89.2096155, 37.7218161 ] } },
{ "type": "Feature", "properties": { "ZIP": "62901", "CITY": "Carbondale", "TIER": "T1 – EIEC ($500/kW MF + Full Residential)", "ACTIVITY": "Hot", "PROPERTY_TYPE": "Apartment Complex", "PROPERTY_NAME": "Ambassador Housing", "ADDRESS": "600 W Freeman St, Carbondale, IL 62901, USA", "PHONE": "(618) 457-2212", "WEBSITE": "https://ambassadorhousing.com/" }, "geometry": { "type": "Point", "coordinates": [ -89.2222892, 37.7207966 ] } },
{ "type": "Feature", "properties": { "ZIP": "62901", "CITY": "Carbondale", "TIER": "T1 – EIEC ($500/kW MF + Full Residential)", "ACTIVITY": "Hot", "PROPERTY_TYPE": "Apartment Complex", "PROPERTY_NAME": "PALOMINO APARTMENTS", "ADDRESS": "400 N Oakland Ave, Carbondale, IL 62901, USA", "PHONE": "(618) 922-9378", "WEBSITE": "https://www.sirentnow.com/listings/detail/c99be8c8-2423-4e34-8465-e65ffc4da6ee" }, "geometry": { "type": "Point", "coordinates": [ -89.2279726, 37.7296767 ] } },
{ "type": "Feature", "properties": { "ZIP": "62901", "CITY": "Carbondale", "TIER": "T1 – EIEC ($500/kW MF + Full Residential)", "ACTIVITY": "Hot", "PROPERTY_TYPE": "Apartment Complex", "PROPERTY_NAME": "The Quads Apartments", "ADDRESS": "1207 S Wall St, Carbondale, IL 62901, USA", "PHONE": "(618) 440-0445", "WEBSITE": "https://thequadsapartments.com/" }, "geometry": { "type": "Point", "coordinates": [ -89.2084171, 37.7120259 ] } },
{ "type": "Feature", "properties": { "ZIP": "62901", "CITY": "Carbondale", "TIER": "T1 – EIEC ($500/kW MF + Full Residential)", "ACTIVITY": "Hot", "PROPERTY_TYPE": "Apartment Complex", "PROPERTY_NAME": "G & R Rentals", "ADDRESS": "851 E Grand Ave, Carbondale, IL 62901, USA", "PHONE": "(618) 549-4713", "WEBSITE": "http://www.grrentals.com/" }, "geometry": { "type": "Point", "coordinates": [ -89.2040866, 37.7172764 ] } },
{ "type": "Feature", "properties": { "ZIP": "62901", "CITY": "Carbondale", "TIER": "T1 – EIEC ($500/kW MF + Full Residential)", "ACTIVITY": "Hot", "PROPERTY_TYPE": "Mobile Home / MHC", "PROPERTY_NAME": "Cedar Lane Mobile Home Park", "ADDRESS": "2571 S Illinois Ave, Carbondale, IL 62903, USA", "PHONE": "(618) 847-0192", "WEBSITE": null }, "geometry": { "type": "Point", "coordinates": [ -89.2198933, 37.6883046 ] } },
{ "type": "Feature", "properties": { "ZIP": "62901", "CITY": "Carbondale", "TIER": "T1 – EIEC ($500/kW MF + Full Residential)", "ACTIVITY": "Hot", "PROPERTY_TYPE": "Mobile Home / MHC", "PROPERTY_NAME": "Town & Country Mobile Home", "ADDRESS": "2511 S Illinois Ave, Carbondale, IL 62903, USA", "PHONE": "(618) 924-0535", "WEBSITE": "http://comptonrentals.net/" }, "geometry": { "type": "Point", "coordinates": [ -89.2173538, 37.6891975 ] } },
{ "type": "Feature", "properties": { "ZIP": "62901", "CITY": "Carbondale", "TIER": "T1 – EIEC ($500/kW MF + Full Residential)", "ACTIVITY": "Hot", "PROPERTY_TYPE": "Mobile Home / MHC", "PROPERTY_NAME": "Southern Oaks Mobile Homes", "ADDRESS": "335 Warren Rd, Carbondale, IL 62901, USA", "PHONE": "(618) 529-5332", "WEBSITE": "http://www.southernoaks335.com/" }, "geometry": { "type": "Point", "coordinates": [ -89.1952414, 37.7056442 ] } },
{ "type": "Feature", "properties": { "ZIP": "62901", "CITY": "Carbondale", "TIER": "T1 – EIEC ($500/kW MF + Full Residential)", "ACTIVITY": "Hot", "PROPERTY_TYPE": "Mobile Home / MHC", "PROPERTY_NAME": "Malibu Village Mobile Home Prk", "ADDRESS": "2441 S Illinois Ave, Carbondale, IL 62903, USA", "PHONE": "(618) 529-4301", "WEBSITE": "https://www.mhvillage.com/parks/10617" }, "geometry": { "type": "Point", "coordinates": [ -89.218441, 37.689807 ] } },
{ "type": "Feature", "properties": { "ZIP": "62901", "CITY": "Carbondale", "TIER": "T1 – EIEC ($500/kW MF + Full Residential)", "ACTIVITY": "Hot", "PROPERTY_TYPE": "Mobile Home / MHC", "PROPERTY_NAME": "Hidden Oaks Estates", "ADDRESS": "2301 S Illinois Ave, Carbondale, IL 62901, USA", "PHONE": "(618) 529-2432", "WEBSITE": "https://www.parcrestproperties.com/" }, "geometry": { "type": "Point", "coordinates": [ -89.2171266, 37.6928284 ] } },
{ "type": "Feature", "properties": { "ZIP": "62901", "CITY": "Carbondale", "TIER": "T1 – EIEC ($500/kW MF + Full Residential)", "ACTIVITY": "Hot", "PROPERTY_TYPE": "Mobile Home / MHC", "PROPERTY_NAME": "Cornerstone Village", "ADDRESS": "1400 N Illinois Ave, Carbondale, IL 62901, USA", "PHONE": "(618) 549-3000", "WEBSITE": "https://www.cornerstonevillagellc.com/" }, "geometry": { "type": "Point", "coordinates": [ -89.2207489, 37.7427711 ] } },
{ "type": "Feature", "properties": { "ZIP": "62901", "CITY": "Carbondale", "TIER": "T1 – EIEC ($500/kW MF + Full Residential)", "ACTIVITY": "Hot", "PROPERTY_TYPE": "Mobile Home / MHC", "PROPERTY_NAME": "Saluki Homes", "ADDRESS": "290 Warren Rd, Carbondale, IL 62901, USA", "PHONE": "(618) 529-2432", "WEBSITE": "http://www.parcrestproperties.com/" }, "geometry": { "type": "Point", "coordinates": [ -89.1945159, 37.7048458 ] } },
{ "type": "Feature", "properties": { "ZIP": "62901", "CITY": "Carbondale", "TIER": "T1 – EIEC ($500/kW MF + Full Residential)", "ACTIVITY": "Hot", "PROPERTY_TYPE": "Mobile Home / MHC", "PROPERTY_NAME": "Tan Tara Estates Mobile Home Park", "ADDRESS": "2520 New Era Rd, Murphysboro, IL 62966, USA", "PHONE": "(618) 529-2432", "WEBSITE": "http://parcrestproperties.com/" }, "geometry": { "type": "Point", "coordinates": [ -89.2490234, 37.7613754 ] } },
{ "type": "Feature", "properties": { "ZIP": "62901", "CITY": "Carbondale", "TIER": "T1 – EIEC ($500/kW MF + Full Residential)", "ACTIVITY": "Hot", "PROPERTY_TYPE": "Mobile Home / MHC", "PROPERTY_NAME": "Crab Orchard Estates", "ADDRESS": "136 Court Rd, Carbondale, IL 62902, USA", "PHONE": "(618) 529-2432", "WEBSITE": "https://www.parcrestproperties.com/" }, "geometry": { "type": "Point", "coordinates": [ -89.1531237, 37.741106 ] } },
{ "type": "Feature", "properties": { "ZIP": "62901", "CITY": "Carbondale", "TIER": "T1 – EIEC ($500/kW MF + Full Residential)", "ACTIVITY": "Hot", "PROPERTY_TYPE": "Mobile Home / MHC", "PROPERTY_NAME": "Pleasant Valley", "ADDRESS": "182 Warren Rd, Carbondale, IL 62901, USA", "PHONE": "(618) 529-4444", "WEBSITE": "http://www.ozarkcommunities.com/" }, "geometry": { "type": "Point", "coordinates": [ -89.1948805, 37.703439200000012 ] } },
{ "type": "Feature", "properties": { "ZIP": "62305", "CITY": "Quincy", "TIER": "T1 – EIEC ($500/kW MF + Full Residential)", "ACTIVITY": "Hot", "PROPERTY_TYPE": "Apartment Complex", "PROPERTY_NAME": "Cedar Creek Crossing Apartments", "ADDRESS": "2225 N 12th St, Quincy, IL 62305, USA", "PHONE": "(217) 334-4186", "WEBSITE": "https://www.cedar-creek-crossing.com/" }, "geometry": { "type": "Point", "coordinates": [ -91.397007, 39.95868 ] } },
{ "type": "Feature", "properties": { "ZIP": "62305", "CITY": "Quincy", "TIER": "T1 – EIEC ($500/kW MF + Full Residential)", "ACTIVITY": "Hot", "PROPERTY_TYPE": "Apartment Complex", "PROPERTY_NAME": "Hickory Pointe Apartments", "ADDRESS": "429 Hickory Pointe W, Quincy, IL 62305, USA", "PHONE": null, "WEBSITE": "https://koontzproperties.com/hickory-pointe-apartments/" }, "geometry": { "type": "Point", "coordinates": [ -91.3458653, 39.9261771 ] } },
{ "type": "Feature", "properties": { "ZIP": "62305", "CITY": "Quincy", "TIER": "T1 – EIEC ($500/kW MF + Full Residential)", "ACTIVITY": "Hot", "PROPERTY_TYPE": "Apartment Complex", "PROPERTY_NAME": "Northfield Apartment", "ADDRESS": "1115 Diana Dr, Quincy, IL 62305, USA", "PHONE": null, "WEBSITE": null }, "geometry": { "type": "Point", "coordinates": [ -91.3989673, 39.9681469 ] } },
{ "type": "Feature", "properties": { "ZIP": "62305", "CITY": "Quincy", "TIER": "T1 – EIEC ($500/kW MF + Full Residential)", "ACTIVITY": "Hot", "PROPERTY_TYPE": "Apartment Complex", "PROPERTY_NAME": "New Tremont Apartments", "ADDRESS": "513 Hampshire St, Quincy, IL 62301, USA", "PHONE": "(217) 222-2400", "WEBSITE": "http://www.newtremont.com/" }, "geometry": { "type": "Point", "coordinates": [ -91.4077143, 39.9333317 ] } },
{ "type": "Feature", "properties": { "ZIP": "62305", "CITY": "Quincy", "TIER": "T1 – EIEC ($500/kW MF + Full Residential)", "ACTIVITY": "Hot", "PROPERTY_TYPE": "Apartment Complex", "PROPERTY_NAME": "4 Court Apartments", "ADDRESS": "2900 State St, Quincy, IL 62301, USA", "PHONE": "(217) 617-5882", "WEBSITE": null }, "geometry": { "type": "Point", "coordinates": [ -91.3700253, 39.9256746 ] } },
{ "type": "Feature", "properties": { "ZIP": "62305", "CITY": "Quincy", "TIER": "T1 – EIEC ($500/kW MF + Full Residential)", "ACTIVITY": "Hot", "PROPERTY_TYPE": "Mobile Home / MHC", "PROPERTY_NAME": "Paradise Lane Mobile Home Park", "ADDRESS": "1522 Wilkes Ave, Quincy, IL 62305, USA", "PHONE": "(833) 647-7368", "WEBSITE": "http://www.augustinepropertymanagement.com/" }, "geometry": { "type": "Point", "coordinates": [ -91.3900545, 39.9926693 ] } },
{ "type": "Feature", "properties": { "ZIP": "62305", "CITY": "Quincy", "TIER": "T1 – EIEC ($500/kW MF + Full Residential)", "ACTIVITY": "Hot", "PROPERTY_TYPE": "Mobile Home / MHC", "PROPERTY_NAME": "Hultz's Expressway Mobile Home Park", "ADDRESS": "4301 Harvey St, Quincy, IL 62305, USA", "PHONE": "(217) 224-4460", "WEBSITE": "https://hultzpark.com/" }, "geometry": { "type": "Point", "coordinates": [ -91.3971481, 39.8792686 ] } },
{ "type": "Feature", "properties": { "ZIP": "62305", "CITY": "Quincy", "TIER": "T1 – EIEC ($500/kW MF + Full Residential)", "ACTIVITY": "Hot", "PROPERTY_TYPE": "Mobile Home / MHC", "PROPERTY_NAME": "Rancho Vista Estates", "ADDRESS": "2215 Rainbow Ln, Quincy, IL 62305, USA", "PHONE": null, "WEBSITE": null }, "geometry": { "type": "Point", "coordinates": [ -91.3798907, 39.9761228 ] } },
{ "type": "Feature", "properties": { "ZIP": "62305", "CITY": "Quincy", "TIER": "T1 – EIEC ($500/kW MF + Full Residential)", "ACTIVITY": "Hot", "PROPERTY_TYPE": "Mobile Home / MHC", "PROPERTY_NAME": "Halfpap Mobile Home Park", "ADDRESS": "3826 Halfpap Ln, Quincy, IL 62305, USA", "PHONE": null, "WEBSITE": null }, "geometry": { "type": "Point", "coordinates": [ -91.3197479, 39.8837814 ] } },
{ "type": "Feature", "properties": { "ZIP": "62305", "CITY": "Quincy", "TIER": "T1 – EIEC ($500/kW MF + Full Residential)", "ACTIVITY": "Hot", "PROPERTY_TYPE": "Mobile Home / MHC", "PROPERTY_NAME": "Palm Gardens Mobile Home Park", "ADDRESS": "2401 S 8th St, Quincy, IL 62305, USA", "PHONE": null, "WEBSITE": null }, "geometry": { "type": "Point", "coordinates": [ -91.4022404, 39.9006969 ] } },
{ "type": "Feature", "properties": { "ZIP": "61832", "CITY": "Danville", "TIER": "T1 – EIEC ($500/kW MF + Full Residential)", "ACTIVITY": "Warm", "PROPERTY_TYPE": "Apartment Complex", "PROPERTY_NAME": "Townway Place", "ADDRESS": "2730 Townway Rd, Danville, IL 61832, USA", "PHONE": "(217) 442-3500", "WEBSITE": "https://www.townwayplace.com/" }, "geometry": { "type": "Point", "coordinates": [ -87.6280282, 40.168354099999988 ] } },
{ "type": "Feature", "properties": { "ZIP": "61832", "CITY": "Danville", "TIER": "T1 – EIEC ($500/kW MF + Full Residential)", "ACTIVITY": "Warm", "PROPERTY_TYPE": "Apartment Complex", "PROPERTY_NAME": "Vermillion Gardens Apartments", "ADDRESS": "1213 Garden Dr C, Danville, IL 61832, USA", "PHONE": "(217) 213-5692", "WEBSITE": "https://www.evergreenreg.com/" }, "geometry": { "type": "Point", "coordinates": [ -87.6000309, 40.1585092 ] } },
{ "type": "Feature", "properties": { "ZIP": "61832", "CITY": "Danville", "TIER": "T1 – EIEC ($500/kW MF + Full Residential)", "ACTIVITY": "Warm", "PROPERTY_TYPE": "Apartment Complex", "PROPERTY_NAME": "Sunset Cove Apartments", "ADDRESS": "2200 N Vermilion St, Danville, IL 61832, USA", "PHONE": "(217) 442-3266", "WEBSITE": "https://www.sunsetcoveapartments.com/" }, "geometry": { "type": "Point", "coordinates": [ -87.6332244, 40.1624412 ] } },
{ "type": "Feature", "properties": { "ZIP": "61832", "CITY": "Danville", "TIER": "T1 – EIEC ($500/kW MF + Full Residential)", "ACTIVITY": "Warm", "PROPERTY_TYPE": "Apartment Complex", "PROPERTY_NAME": "Brunswick Apartments", "ADDRESS": "3205 Brunswick St, Danville, IL 61832, USA", "PHONE": "(217) 442-1212", "WEBSITE": "http://www.brunswick-apartments.com/home#utm_source=Google%20My%20Business" }, "geometry": { "type": "Point", "coordinates": [ -87.6161016, 40.1759994 ] } },
{ "type": "Feature", "properties": { "ZIP": "61832", "CITY": "Danville", "TIER": "T1 – EIEC ($500/kW MF + Full Residential)", "ACTIVITY": "Warm", "PROPERTY_TYPE": "Apartment Complex", "PROPERTY_NAME": "The Grove Apartments", "ADDRESS": "1610 A, Edgewood Dr, Danville, IL 61832, USA", "PHONE": "(463) 583-1358", "WEBSITE": "https://www.rentatgrove.com/" }, "geometry": { "type": "Point", "coordinates": [ -87.5907262, 40.1436685 ] } },
{ "type": "Feature", "properties": { "ZIP": "61832", "CITY": "Danville", "TIER": "T1 – EIEC ($500/kW MF + Full Residential)", "ACTIVITY": "Warm", "PROPERTY_TYPE": "Apartment Complex", "PROPERTY_NAME": "Silver Acres", "ADDRESS": "Trinity Ln Unit 3, Tilton, IL 61833, USA", "PHONE": "(217) 597-2360", "WEBSITE": "https://silveracresapartments.com/" }, "geometry": { "type": "Point", "coordinates": [ -87.6376443, 40.084273499999988 ] } },
{ "type": "Feature", "properties": { "ZIP": "61832", "CITY": "Danville", "TIER": "T1 – EIEC ($500/kW MF + Full Residential)", "ACTIVITY": "Warm", "PROPERTY_TYPE": "Apartment Complex", "PROPERTY_NAME": "Bradley Lane", "ADDRESS": "Bradley Lane, Danville, IL 61832, USA", "PHONE": null, "WEBSITE": null }, "geometry": { "type": "Point", "coordinates": [ -87.6254516, 40.1262055 ] } },
{ "type": "Feature", "properties": { "ZIP": "61832", "CITY": "Danville", "TIER": "T1 – EIEC ($500/kW MF + Full Residential)", "ACTIVITY": "Warm", "PROPERTY_TYPE": "Apartment Complex", "PROPERTY_NAME": "Brookhaven Apartments", "ADDRESS": "18 Lynn Dr, Westville, IL 61883, USA", "PHONE": "(217) 267-9899", "WEBSITE": "https://www.brook-haven.com/" }, "geometry": { "type": "Point", "coordinates": [ -87.6373512, 40.0489284 ] } },
{ "type": "Feature", "properties": { "ZIP": "61832", "CITY": "Danville", "TIER": "T1 – EIEC ($500/kW MF + Full Residential)", "ACTIVITY": "Warm", "PROPERTY_TYPE": "Apartment Complex", "PROPERTY_NAME": "Little Nugget aprtments", "ADDRESS": "6 S Henning Rd, Danville, IL 61834, USA", "PHONE": null, "WEBSITE": null }, "geometry": { "type": "Point", "coordinates": [ -87.6972748, 40.1287513 ] } },
{ "type": "Feature", "properties": { "ZIP": "61832", "CITY": "Danville", "TIER": "T1 – EIEC ($500/kW MF + Full Residential)", "ACTIVITY": "Warm", "PROPERTY_TYPE": "Mobile Home / MHC", "PROPERTY_NAME": "Danville Mobile Home Park", "ADDRESS": "204 E Hegeler Ln, Danville, IL 61832, USA", "PHONE": "(855) 473-8182", "WEBSITE": "https://ahcommunities.com/" }, "geometry": { "type": "Point", "coordinates": [ -87.630602, 40.0755516 ] } },
{ "type": "Feature", "properties": { "ZIP": "61832", "CITY": "Danville", "TIER": "T1 – EIEC ($500/kW MF + Full Residential)", "ACTIVITY": "Warm", "PROPERTY_TYPE": "Mobile Home / MHC", "PROPERTY_NAME": "Valley Run Mobile Home Park", "ADDRESS": "1800 Perrysville Rd lot 17, Danville, IL 61834, USA", "PHONE": "(217) 601-4720", "WEBSITE": "http://www.parkbridgehomes.com/" }, "geometry": { "type": "Point", "coordinates": [ -87.59524, 40.1088644 ] } },
{ "type": "Feature", "properties": { "ZIP": "61832", "CITY": "Danville", "TIER": "T1 – EIEC ($500/kW MF + Full Residential)", "ACTIVITY": "Warm", "PROPERTY_TYPE": "Mobile Home / MHC", "PROPERTY_NAME": "Danville MHP", "ADDRESS": "300 Spelter Ave #22, Danville, IL 61832, USA", "PHONE": "(217) 655-6700", "WEBSITE": null }, "geometry": { "type": "Point", "coordinates": [ -87.639244, 40.073505399999988 ] } },
{ "type": "Feature", "properties": { "ZIP": "61832", "CITY": "Danville", "TIER": "T1 – EIEC ($500/kW MF + Full Residential)", "ACTIVITY": "Warm", "PROPERTY_TYPE": "Mobile Home / MHC", "PROPERTY_NAME": "Glendale Mobile Home Park", "ADDRESS": "1831 Perrysville Rd #95, Danville, IL 61834, USA", "PHONE": "(217) 446-3676", "WEBSITE": null }, "geometry": { "type": "Point", "coordinates": [ -87.5966189, 40.1073623 ] } },
{ "type": "Feature", "properties": { "ZIP": "61832", "CITY": "Danville", "TIER": "T1 – EIEC ($500/kW MF + Full Residential)", "ACTIVITY": "Warm", "PROPERTY_TYPE": "Mobile Home / MHC", "PROPERTY_NAME": "Coachlight Mobile Home Park", "ADDRESS": "1 Coachlight Dr, Tilton, IL 61832, USA", "PHONE": "(217) 751-2255", "WEBSITE": null }, "geometry": { "type": "Point", "coordinates": [ -87.6492867, 40.0918852 ] } },
{ "type": "Feature", "properties": { "ZIP": "61832", "CITY": "Danville", "TIER": "T1 – EIEC ($500/kW MF + Full Residential)", "ACTIVITY": "Warm", "PROPERTY_TYPE": "Mobile Home / MHC", "PROPERTY_NAME": "Danville South Mobile Home Park", "ADDRESS": "1202 Perrysville Ave, Danville, IL 61832, USA", "PHONE": "(217) 800-2513", "WEBSITE": "https://ahcommunities.com/" }, "geometry": { "type": "Point", "coordinates": [ -87.6065489, 40.1091882 ] } },
{ "type": "Feature", "properties": { "ZIP": "61856", "CITY": "Monticello", "TIER": "T1 – EIEC ($500/kW MF + Full Residential)", "ACTIVITY": "Warm", "PROPERTY_TYPE": "Apartment Complex", "PROPERTY_NAME": "Middletown Place Apartments", "ADDRESS": "1202 Churchill Rd, Mahomet, IL 61853, USA", "PHONE": "(779) 223-1941", "WEBSITE": "https://middletownplace.com/" }, "geometry": { "type": "Point", "coordinates": [ -88.3764746, 40.1843817 ] } },
{ "type": "Feature", "properties": { "ZIP": "61856", "CITY": "Monticello", "TIER": "T1 – EIEC ($500/kW MF + Full Residential)", "ACTIVITY": "Warm", "PROPERTY_TYPE": "Mobile Home / MHC", "PROPERTY_NAME": "Carriage Estates Mobile Home Community", "ADDRESS": "Carriage Dr, Monticello, IL 61856, USA", "PHONE": "(347) 974-2779", "WEBSITE": "http://happyhomeusa.org/" }, "geometry": { "type": "Point", "coordinates": [ -88.5608644, 40.0294956 ] } },
{ "type": "Feature", "properties": { "ZIP": "62401", "CITY": "Effingham", "TIER": "T1 – EIEC ($500/kW MF + Full Residential)", "ACTIVITY": "Warm", "PROPERTY_TYPE": "Apartment Complex", "PROPERTY_NAME": "Lake Pointe Apartment", "ADDRESS": "1706 Ford Ave, Effingham, IL 62401, USA", "PHONE": "(217) 347-5514", "WEBSITE": null }, "geometry": { "type": "Point", "coordinates": [ -88.5664399, 39.1435679 ] } },
{ "type": "Feature", "properties": { "ZIP": "62401", "CITY": "Effingham", "TIER": "T1 – EIEC ($500/kW MF + Full Residential)", "ACTIVITY": "Warm", "PROPERTY_TYPE": "Apartment Complex", "PROPERTY_NAME": "Evergreen Terrace Apartments", "ADDRESS": "300 Greenview Dr, Effingham, IL 62401, USA", "PHONE": "(217) 347-5100", "WEBSITE": null }, "geometry": { "type": "Point", "coordinates": [ -88.5391977, 39.1362669 ] } },
{ "type": "Feature", "properties": { "ZIP": "62401", "CITY": "Effingham", "TIER": "T1 – EIEC ($500/kW MF + Full Residential)", "ACTIVITY": "Warm", "PROPERTY_TYPE": "Apartment Complex", "PROPERTY_NAME": "Effingham Village Apartments", "ADDRESS": "504 N Henrietta St, Effingham, IL 62401, USA", "PHONE": "(217) 347-3337", "WEBSITE": null }, "geometry": { "type": "Point", "coordinates": [ -88.5552389, 39.1255751 ] } },
{ "type": "Feature", "properties": { "ZIP": "62401", "CITY": "Effingham", "TIER": "T1 – EIEC ($500/kW MF + Full Residential)", "ACTIVITY": "Warm", "PROPERTY_TYPE": "Apartment Complex", "PROPERTY_NAME": "Eastland Apartments", "ADDRESS": "408 S 3rd St, Effingham, IL 62401, USA", "PHONE": "(618) 927-2662", "WEBSITE": null }, "geometry": { "type": "Point", "coordinates": [ -88.5405086, 39.118371 ] } },
{ "type": "Feature", "properties": { "ZIP": "62401", "CITY": "Effingham", "TIER": "T1 – EIEC ($500/kW MF + Full Residential)", "ACTIVITY": "Warm", "PROPERTY_TYPE": "Mobile Home / MHC", "PROPERTY_NAME": "Lakewood Manor Mobile Home Park Inc", "ADDRESS": "601 W Rickelman Ave, Effingham, IL 62401, USA", "PHONE": "(217) 821-1658", "WEBSITE": "http://www.lakewoodmanormobilehomepark.com/" }, "geometry": { "type": "Point", "coordinates": [ -88.5654441, 39.1493295 ] } },
{ "type": "Feature", "properties": { "ZIP": "62401", "CITY": "Effingham", "TIER": "T1 – EIEC ($500/kW MF + Full Residential)", "ACTIVITY": "Warm", "PROPERTY_TYPE": "Mobile Home / MHC", "PROPERTY_NAME": "Easy Breeze Mobile Home Park", "ADDRESS": "Easy Breeze Trailer Park, Effingham, IL 62401, USA", "PHONE": null, "WEBSITE": null }, "geometry": { "type": "Point", "coordinates": [ -88.5469456, 39.0895415 ] } },
{ "type": "Feature", "properties": { "ZIP": "62401", "CITY": "Effingham", "TIER": "T1 – EIEC ($500/kW MF + Full Residential)", "ACTIVITY": "Warm", "PROPERTY_TYPE": "Mobile Home / MHC", "PROPERTY_NAME": "Four Seasons Estates", "ADDRESS": "92 4 Seasons Estates Est, Effingham, IL 62401, USA", "PHONE": null, "WEBSITE": null }, "geometry": { "type": "Point", "coordinates": [ -88.5508316, 39.0899518 ] } },
{ "type": "Feature", "properties": { "ZIP": "62864", "CITY": "Mount Vernon", "TIER": "T1 – EIEC ($500/kW MF + Full Residential)", "ACTIVITY": "Warm", "PROPERTY_TYPE": "Apartment Complex", "PROPERTY_NAME": "Renaissance Hills Apartments", "ADDRESS": "3801 S Water Tower Pl, Mt Vernon, IL 62864, USA", "PHONE": "(888) 705-4669", "WEBSITE": "http://www.renaissancehills.com/" }, "geometry": { "type": "Point", "coordinates": [ -88.9366625, 38.3046343 ] } },
{ "type": "Feature", "properties": { "ZIP": "62864", "CITY": "Mount Vernon", "TIER": "T1 – EIEC ($500/kW MF + Full Residential)", "ACTIVITY": "Warm", "PROPERTY_TYPE": "Apartment Complex", "PROPERTY_NAME": "Garden Glen", "ADDRESS": "1407 S 34th St, Mt Vernon, IL 62864, USA", "PHONE": "(833) 690-3353", "WEBSITE": "https://www.liveatgardenglen.com/?switch_cls[id]=90830&utm_source=google%20-%20entratammb&utm_medium=organic&utm_campaign=gmb&utm_content=websiteclick" }, "geometry": { "type": "Point", "coordinates": [ -88.9341944, 38.3008588 ] } },
{ "type": "Feature", "properties": { "ZIP": "62864", "CITY": "Mount Vernon", "TIER": "T1 – EIEC ($500/kW MF + Full Residential)", "ACTIVITY": "Warm", "PROPERTY_TYPE": "Apartment Complex", "PROPERTY_NAME": "Chesterfield Village Apartments", "ADDRESS": "4201 Valley Forge Rd, Mt Vernon, IL 62864, USA", "PHONE": "(618) 242-7534", "WEBSITE": "http://www.chesterfieldvillageapartments.com/" }, "geometry": { "type": "Point", "coordinates": [ -88.942935, 38.3229593 ] } },
{ "type": "Feature", "properties": { "ZIP": "62864", "CITY": "Mount Vernon", "TIER": "T1 – EIEC ($500/kW MF + Full Residential)", "ACTIVITY": "Warm", "PROPERTY_TYPE": "Apartment Complex", "PROPERTY_NAME": "Westmont Apartments", "ADDRESS": "3400 Westmont St, Mt Vernon, IL 62864, USA", "PHONE": "(618) 242-8366", "WEBSITE": "http://westmontapartmentsmtv.com/" }, "geometry": { "type": "Point", "coordinates": [ -88.934189, 38.3023121 ] } },
{ "type": "Feature", "properties": { "ZIP": "62864", "CITY": "Mount Vernon", "TIER": "T1 – EIEC ($500/kW MF + Full Residential)", "ACTIVITY": "Warm", "PROPERTY_TYPE": "Apartment Complex", "PROPERTY_NAME": "Southgate Apartments & Duplexes", "ADDRESS": "1014 Southgate Dr, Mt Vernon, IL 62864, USA", "PHONE": "(618) 244-1225", "WEBSITE": "https://www.southgateapartmentsmtvernon.com/" }, "geometry": { "type": "Point", "coordinates": [ -88.9042434, 38.2868771 ] } },
{ "type": "Feature", "properties": { "ZIP": "62864", "CITY": "Mount Vernon", "TIER": "T1 – EIEC ($500/kW MF + Full Residential)", "ACTIVITY": "Warm", "PROPERTY_TYPE": "Senior Living", "PROPERTY_NAME": "Heritage Landing 55+ Apartments", "ADDRESS": "4260 Heritage Ave, Mt Vernon, IL 62864, USA", "PHONE": "(855) 420-0854", "WEBSITE": "https://www.heritagelandingapts.com/?rcstdid=Mg%3D%3D-YRjTEizZPgM%3D&utm_source=GoogleSearch_Referral&utm_campaign=Directory_Listing" }, "geometry": { "type": "Point", "coordinates": [ -88.9445319, 38.3023996 ] } },
{ "type": "Feature", "properties": { "ZIP": "62864", "CITY": "Mount Vernon", "TIER": "T1 – EIEC ($500/kW MF + Full Residential)", "ACTIVITY": "Warm", "PROPERTY_TYPE": "Mobile Home / MHC", "PROPERTY_NAME": "Rolling Meadows Mobile Home Community", "ADDRESS": "16584 IL-37 #47, Mt Vernon, IL 62864, USA", "PHONE": "(813) 772-4489", "WEBSITE": null }, "geometry": { "type": "Point", "coordinates": [ -88.9192504, 38.3692245 ] } },
{ "type": "Feature", "properties": { "ZIP": "62864", "CITY": "Mount Vernon", "TIER": "T1 – EIEC ($500/kW MF + Full Residential)", "ACTIVITY": "Warm", "PROPERTY_TYPE": "Mobile Home / MHC", "PROPERTY_NAME": "Oak Grove Village Manufactured Home Community", "ADDRESS": "2401 Veterans Memorial Dr, Mt Vernon, IL 62864, USA", "PHONE": "(618) 242-4450", "WEBSITE": "https://www.bayshorehomesales.com/communities/oakgrovevillageIL?utm_campaign=WebsiteURL&utm_medium=organic&utm_source=GMB" }, "geometry": { "type": "Point", "coordinates": [ -88.9194953, 38.2981527 ] } },
{ "type": "Feature", "properties": { "ZIP": "62010", "CITY": "Bethalto", "TIER": "T1 – EIEC ($500/kW MF + Full Residential)", "ACTIVITY": "Warm", "PROPERTY_TYPE": "Apartment Complex", "PROPERTY_NAME": "Metro Apartments at Bethalto", "ADDRESS": "190 Rue Sans Souci, Bethalto, IL 62010, USA", "PHONE": "(618) 693-2165", "WEBSITE": "https://www.rentbethalto.com/?utm_source=google&utm_medium=organic&utm_campaign=gbp&utm_content=metro-apartments-bethalto" }, "geometry": { "type": "Point", "coordinates": [ -90.0369686, 38.8971036 ] } },
{ "type": "Feature", "properties": { "ZIP": "62010", "CITY": "Bethalto", "TIER": "T1 – EIEC ($500/kW MF + Full Residential)", "ACTIVITY": "Warm", "PROPERTY_TYPE": "Apartment Complex", "PROPERTY_NAME": "Metro Apartments at Bethalto", "ADDRESS": "819 S Prairie St, Bethalto, IL 62010, USA", "PHONE": null, "WEBSITE": "https://www.rentbethalto.com/" }, "geometry": { "type": "Point", "coordinates": [ -90.0401826, 38.8986281 ] } },
{ "type": "Feature", "properties": { "ZIP": "62232", "CITY": "Caseyville", "TIER": "T1 – EIEC ($500/kW MF + Full Residential)", "ACTIVITY": "Warm", "PROPERTY_TYPE": "Senior Living", "PROPERTY_NAME": "Valley Ridge Senior Living", "ADDRESS": "8805 Braden Dr, Caseyville, IL 62232, USA", "PHONE": "(618) 489-4525", "WEBSITE": "https://valleyridgeseniorliving.com/" }, "geometry": { "type": "Point", "coordinates": [ -90.0369671, 38.6268712 ] } },
{ "type": "Feature", "properties": { "ZIP": "62232", "CITY": "Caseyville", "TIER": "T1 – EIEC ($500/kW MF + Full Residential)", "ACTIVITY": "Warm", "PROPERTY_TYPE": "Apartment Complex", "PROPERTY_NAME": "Kp Place", "ADDRESS": "11 Willow Wood Ct, Caseyville, IL 62232, USA", "PHONE": null, "WEBSITE": null }, "geometry": { "type": "Point", "coordinates": [ -89.9878594, 38.6362083 ] } },
{ "type": "Feature", "properties": { "ZIP": "62650", "CITY": "Jacksonville", "TIER": "T1 – EIEC ($500/kW MF + Full Residential)", "ACTIVITY": "Warm", "PROPERTY_TYPE": "Apartment Complex", "PROPERTY_NAME": "Stonebridge Apartments", "ADDRESS": "1225 Lincoln Ave, Jacksonville, IL 62650, USA", "PHONE": "(217) 243-8081", "WEBSITE": "https://www.wilhoitproperties.com/apartments/il/jacksonville/lincoln-ave" }, "geometry": { "type": "Point", "coordinates": [ -90.2485221, 39.7183943 ] } },
{ "type": "Feature", "properties": { "ZIP": "62650", "CITY": "Jacksonville", "TIER": "T1 – EIEC ($500/kW MF + Full Residential)", "ACTIVITY": "Warm", "PROPERTY_TYPE": "Apartment Complex", "PROPERTY_NAME": "Greenbriar Apartment Homes", "ADDRESS": "12 Greenbriar Dr, Jacksonville, IL 62650, USA", "PHONE": "(217) 982-2068", "WEBSITE": "http://loneprairieproperties.tenantcloud.com/" }, "geometry": { "type": "Point", "coordinates": [ -90.2624992, 39.7343225 ] } },
{ "type": "Feature", "properties": { "ZIP": "62650", "CITY": "Jacksonville", "TIER": "T1 – EIEC ($500/kW MF + Full Residential)", "ACTIVITY": "Warm", "PROPERTY_TYPE": "Apartment Complex", "PROPERTY_NAME": "Walnut Terrace", "ADDRESS": "315 N Clay Ave, Jacksonville, IL 62650, USA", "PHONE": null, "WEBSITE": null }, "geometry": { "type": "Point", "coordinates": [ -90.2247931, 39.7365405 ] } },
{ "type": "Feature", "properties": { "ZIP": "62650", "CITY": "Jacksonville", "TIER": "T1 – EIEC ($500/kW MF + Full Residential)", "ACTIVITY": "Warm", "PROPERTY_TYPE": "Apartment Complex", "PROPERTY_NAME": "Joby", "ADDRESS": "120 Walnut Ct, Jacksonville, IL 62650, USA", "PHONE": null, "WEBSITE": null }, "geometry": { "type": "Point", "coordinates": [ -90.2355898, 39.7381793 ] } },
{ "type": "Feature", "properties": { "ZIP": "62650", "CITY": "Jacksonville", "TIER": "T1 – EIEC ($500/kW MF + Full Residential)", "ACTIVITY": "Warm", "PROPERTY_TYPE": "Mobile Home / MHC", "PROPERTY_NAME": "Northwood Manufactured Home Community", "ADDRESS": "1110 Sandusky Rd, Jacksonville, IL 62650, USA", "PHONE": "(217) 243-2802", "WEBSITE": "https://www.bayshorehomesales.com/communities/northwoodil?utm_campaign=WebsiteURL&utm_medium=organic&utm_source=GMB" }, "geometry": { "type": "Point", "coordinates": [ -90.2479439, 39.7459921 ] } },
{ "type": "Feature", "properties": { "ZIP": "62650", "CITY": "Jacksonville", "TIER": "T1 – EIEC ($500/kW MF + Full Residential)", "ACTIVITY": "Warm", "PROPERTY_TYPE": "Mobile Home / MHC", "PROPERTY_NAME": "Prairie Knolls", "ADDRESS": "Blacks Ln, Jacksonville, IL 62650, USA", "PHONE": "(309) 431-5511", "WEBSITE": "https://www.prairieknollsmhc.com/" }, "geometry": { "type": "Point", "coordinates": [ -90.1968612, 39.7275657 ] } },
{ "type": "Feature", "properties": { "ZIP": "62650", "CITY": "Jacksonville", "TIER": "T1 – EIEC ($500/kW MF + Full Residential)", "ACTIVITY": "Warm", "PROPERTY_TYPE": "Mobile Home / MHC", "PROPERTY_NAME": "Rolling Acres Mobile Estates", "ADDRESS": "1042 E Morton Ave #58, Jacksonville, IL 62650, USA", "PHONE": "(309) 431-5511", "WEBSITE": "https://www.rollingacresmhc.com/" }, "geometry": { "type": "Point", "coordinates": [ -90.2092816, 39.7251499 ] } },
{ "type": "Feature", "properties": { "ZIP": "62650", "CITY": "Jacksonville", "TIER": "T1 – EIEC ($500/kW MF + Full Residential)", "ACTIVITY": "Warm", "PROPERTY_TYPE": "Mobile Home / MHC", "PROPERTY_NAME": "Cedarbrook Estates", "ADDRESS": "544 Brooklyn Ave, Jacksonville, IL 62650, USA", "PHONE": "(309) 431-5511", "WEBSITE": "https://www.cedarbrookestatesmhp.com/" }, "geometry": { "type": "Point", "coordinates": [ -90.2145843, 39.7273826 ] } },
{ "type": "Feature", "properties": { "ZIP": "61920", "CITY": "Charleston", "TIER": "T1 – EIEC ($500/kW MF + Full Residential)", "ACTIVITY": "Warm", "PROPERTY_TYPE": "Apartment Complex", "PROPERTY_NAME": "Grant View Apartments", "ADDRESS": "1501 20th St (Office 105 Grant Ave 111, 605 Grant Ave, Charleston, IL 61920, USA", "PHONE": "(217) 549-7671", "WEBSITE": "http://www.grantviewapts.com/" }, "geometry": { "type": "Point", "coordinates": [ -88.1796892, 39.4820101 ] } },
{ "type": "Feature", "properties": { "ZIP": "61920", "CITY": "Charleston", "TIER": "T1 – EIEC ($500/kW MF + Full Residential)", "ACTIVITY": "Warm", "PROPERTY_TYPE": "Apartment Complex", "PROPERTY_NAME": "Woodfall Villas", "ADDRESS": "1606 Taurus Loop, Charleston, IL 61920, USA", "PHONE": "(217) 345-1400", "WEBSITE": "https://woodfallvillas.com/" }, "geometry": { "type": "Point", "coordinates": [ -88.1533526, 39.483808 ] } },
{ "type": "Feature", "properties": { "ZIP": "61920", "CITY": "Charleston", "TIER": "T1 – EIEC ($500/kW MF + Full Residential)", "ACTIVITY": "Warm", "PROPERTY_TYPE": "Apartment Complex", "PROPERTY_NAME": "Lincolnshire Apartments", "ADDRESS": "1840 Douglas St, Charleston, IL 61920, USA", "PHONE": "(217) 348-8441", "WEBSITE": "http://renthps.com/" }, "geometry": { "type": "Point", "coordinates": [ -88.196609099999989, 39.4788248 ] } },
{ "type": "Feature", "properties": { "ZIP": "61920", "CITY": "Charleston", "TIER": "T1 – EIEC ($500/kW MF + Full Residential)", "ACTIVITY": "Warm", "PROPERTY_TYPE": "Apartment Complex", "PROPERTY_NAME": "Country Garden Apartments", "ADDRESS": "506 James Dr #6, Charleston, IL 61920, USA", "PHONE": "(217) 259-2364", "WEBSITE": "http://www.countrygardenapartments.com/" }, "geometry": { "type": "Point", "coordinates": [ -88.1880944, 39.4904759 ] } },
{ "type": "Feature", "properties": { "ZIP": "61920", "CITY": "Charleston", "TIER": "T1 – EIEC ($500/kW MF + Full Residential)", "ACTIVITY": "Warm", "PROPERTY_TYPE": "Apartment Complex", "PROPERTY_NAME": "The Pines Apartments", "ADDRESS": "2219 South 9th St, Charleston, IL 61920, USA", "PHONE": "(217) 345-6000", "WEBSITE": null }, "geometry": { "type": "Point", "coordinates": [ -88.1719301, 39.4739915 ] } },
{ "type": "Feature", "properties": { "ZIP": "61920", "CITY": "Charleston", "TIER": "T1 – EIEC ($500/kW MF + Full Residential)", "ACTIVITY": "Warm", "PROPERTY_TYPE": "Apartment Complex", "PROPERTY_NAME": "Marty's Apartments", "ADDRESS": "1554 4th St, Charleston, IL 61920, USA", "PHONE": "(217) 254-4641", "WEBSITE": "http://rentjflp.com/" }, "geometry": { "type": "Point", "coordinates": [ -88.1773248, 39.4826124 ] } },
{ "type": "Feature", "properties": { "ZIP": "61920", "CITY": "Charleston", "TIER": "T1 – EIEC ($500/kW MF + Full Residential)", "ACTIVITY": "Warm", "PROPERTY_TYPE": "Apartment Complex", "PROPERTY_NAME": "Charleston Meadows II", "ADDRESS": "2100 Madison Ave, Charleston, IL 61920, USA", "PHONE": "(217) 345-3554", "WEBSITE": null }, "geometry": { "type": "Point", "coordinates": [ -88.1605497, 39.4974662 ] } },
{ "type": "Feature", "properties": { "ZIP": "61920", "CITY": "Charleston", "TIER": "T1 – EIEC ($500/kW MF + Full Residential)", "ACTIVITY": "Warm", "PROPERTY_TYPE": "Apartment Complex", "PROPERTY_NAME": "The Metro at Charleston", "ADDRESS": "2222 9th St, Charleston, IL 61920, USA", "PHONE": "(217) 345-6000", "WEBSITE": "https://www.themetro.us/" }, "geometry": { "type": "Point", "coordinates": [ -88.1723951, 39.4739534 ] } },
{ "type": "Feature", "properties": { "ZIP": "61920", "CITY": "Charleston", "TIER": "T1 – EIEC ($500/kW MF + Full Residential)", "ACTIVITY": "Warm", "PROPERTY_TYPE": "Apartment Complex", "PROPERTY_NAME": "Park Place Apartments", "ADDRESS": "715 Grant Ave, Charleston, IL 61920, USA", "PHONE": "(217) 348-1479", "WEBSITE": "http://www.tricountymg.com/" }, "geometry": { "type": "Point", "coordinates": [ -88.1736644, 39.4820326 ] } },
{ "type": "Feature", "properties": { "ZIP": "61920", "CITY": "Charleston", "TIER": "T1 – EIEC ($500/kW MF + Full Residential)", "ACTIVITY": "Warm", "PROPERTY_TYPE": "Apartment Complex", "PROPERTY_NAME": "Country View Estates", "ADDRESS": "2228 Country View Dr, Charleston, IL 61920, USA", "PHONE": "(217) 348-3002", "WEBSITE": null }, "geometry": { "type": "Point", "coordinates": [ -88.1581794, 39.4956137 ] } },
{ "type": "Feature", "properties": { "ZIP": "61920", "CITY": "Charleston", "TIER": "T1 – EIEC ($500/kW MF + Full Residential)", "ACTIVITY": "Warm", "PROPERTY_TYPE": "Senior Living", "PROPERTY_NAME": "Cougill Senior Apartments", "ADDRESS": "500 W Polk Ave, Charleston, IL 61920, USA", "PHONE": "(217) 348-0875", "WEBSITE": "https://pkmanagement.com/blog/property/cougill-senior-apartments/" }, "geometry": { "type": "Point", "coordinates": [ -88.188858, 39.486589 ] } },
{ "type": "Feature", "properties": { "ZIP": "61920", "CITY": "Charleston", "TIER": "T1 – EIEC ($500/kW MF + Full Residential)", "ACTIVITY": "Warm", "PROPERTY_TYPE": "Apartment Complex", "PROPERTY_NAME": "Charleston Meadows I", "ADDRESS": "1404 Monroe Ave, Charleston, IL 61920, USA", "PHONE": null, "WEBSITE": null }, "geometry": { "type": "Point", "coordinates": [ -88.1673208, 39.4959584 ] } },
{ "type": "Feature", "properties": { "ZIP": "61920", "CITY": "Charleston", "TIER": "T1 – EIEC ($500/kW MF + Full Residential)", "ACTIVITY": "Warm", "PROPERTY_TYPE": "Apartment Complex", "PROPERTY_NAME": "Charleston Illinois", "ADDRESS": "2500 Nantucket, Charleston, IL 61920, USA", "PHONE": null, "WEBSITE": null }, "geometry": { "type": "Point", "coordinates": [ -88.17126, 39.4715274 ] } },
{ "type": "Feature", "properties": { "ZIP": "61920", "CITY": "Charleston", "TIER": "T1 – EIEC ($500/kW MF + Full Residential)", "ACTIVITY": "Warm", "PROPERTY_TYPE": "Mobile Home / MHC", "PROPERTY_NAME": "Longacre Estates Manufactured Home Community", "ADDRESS": "530 Reynolds Dr #137, Charleston, IL 61920, USA", "PHONE": "(217) 345-5543", "WEBSITE": "https://www.bayshorehomesales.com/communities/longacreestatesil?utm_campaign=WebsiteURL&utm_medium=organic&utm_source=GMB" }, "geometry": { "type": "Point", "coordinates": [ -88.1914848, 39.4944897 ] } },
{ "type": "Feature", "properties": { "ZIP": "61920", "CITY": "Charleston", "TIER": "T1 – EIEC ($500/kW MF + Full Residential)", "ACTIVITY": "Warm", "PROPERTY_TYPE": "Mobile Home / MHC", "PROPERTY_NAME": "Eastern Estates", "ADDRESS": "505 N Division St, Charleston, IL 61920, USA", "PHONE": "(920) 322-5151", "WEBSITE": "https://www.mhcommunities.com/communities/eastern-estates" }, "geometry": { "type": "Point", "coordinates": [ -88.1808984, 39.5021643 ] } },
{ "type": "Feature", "properties": { "ZIP": "61920", "CITY": "Charleston", "TIER": "T1 – EIEC ($500/kW MF + Full Residential)", "ACTIVITY": "Warm", "PROPERTY_TYPE": "Mobile Home / MHC", "PROPERTY_NAME": "University Estates Manufactured Home Community", "ADDRESS": "775 W Elm Ave, Charleston, IL 61920, USA", "PHONE": "(217) 345-3133", "WEBSITE": "https://www.bayshorehomesales.com/communities/universityestatesil?utm_campaign=WebsiteURL&utm_medium=organic&utm_source=GMB" }, "geometry": { "type": "Point", "coordinates": [ -88.189476, 39.5022392 ] } },
{ "type": "Feature", "properties": { "ZIP": "61920", "CITY": "Charleston", "TIER": "T1 – EIEC ($500/kW MF + Full Residential)", "ACTIVITY": "Warm", "PROPERTY_TYPE": "Mobile Home / MHC", "PROPERTY_NAME": "Seven Hickory Estates", "ADDRESS": "17336 E County Rd 1400 N Lot 13, Charleston, IL 61920, USA", "PHONE": null, "WEBSITE": null }, "geometry": { "type": "Point", "coordinates": [ -88.1522597, 39.5791571 ] } },
{ "type": "Feature", "properties": { "ZIP": "62918", "CITY": "Carterville", "TIER": "T1 – EIEC ($500/kW MF + Full Residential)", "ACTIVITY": "Warm", "PROPERTY_TYPE": "Apartment Complex", "PROPERTY_NAME": "Fillmore Square - Pineview Apartments", "ADDRESS": "701 Fillmore Sq, Herrin, IL 62948, USA", "PHONE": "(618) 988-2017", "WEBSITE": "https://budslickmanagement.com/?page_id=71" }, "geometry": { "type": "Point", "coordinates": [ -89.0358264, 37.8098395 ] } },
{ "type": "Feature", "properties": { "ZIP": "62918", "CITY": "Carterville", "TIER": "T1 – EIEC ($500/kW MF + Full Residential)", "ACTIVITY": "Warm", "PROPERTY_TYPE": "Apartment Complex", "PROPERTY_NAME": "Katie Renee", "ADDRESS": "870 Pierce Square, Herrin, IL 62948, USA", "PHONE": null, "WEBSITE": null }, "geometry": { "type": "Point", "coordinates": [ -89.036754, 37.809674 ] } },
{ "type": "Feature", "properties": { "ZIP": "62656", "CITY": "Lincoln", "TIER": "T1 – EIEC ($500/kW MF + Full Residential)", "ACTIVITY": "Warm", "PROPERTY_TYPE": "Apartment Complex", "PROPERTY_NAME": "Brainard Landings Apartments", "ADDRESS": "1104 N State St, Lincoln, IL 62656, USA", "PHONE": "(217) 735-3838", "WEBSITE": "https://www.pedcorliving.com/apartments/brainard-landings" }, "geometry": { "type": "Point", "coordinates": [ -89.3775477, 40.1617881 ] } },
{ "type": "Feature", "properties": { "ZIP": "62656", "CITY": "Lincoln", "TIER": "T1 – EIEC ($500/kW MF + Full Residential)", "ACTIVITY": "Warm", "PROPERTY_TYPE": "Apartment Complex", "PROPERTY_NAME": "Lincoln Village", "ADDRESS": "1000 N College St, Lincoln, IL 62656, USA", "PHONE": "(217) 732-4755", "WEBSITE": "https://www.tmamgroup.com/lincoln-village4/default.aspx" }, "geometry": { "type": "Point", "coordinates": [ -89.3741176, 40.1591266 ] } },
{ "type": "Feature", "properties": { "ZIP": "62656", "CITY": "Lincoln", "TIER": "T1 – EIEC ($500/kW MF + Full Residential)", "ACTIVITY": "Warm", "PROPERTY_TYPE": "Apartment Complex", "PROPERTY_NAME": "Plowfield Square", "ADDRESS": "700 Malerich Dr, Lincoln, IL 62656, USA", "PHONE": "(217) 732-2399", "WEBSITE": "http://plowfieldsquare.com/" }, "geometry": { "type": "Point", "coordinates": [ -89.3951984, 40.1537025 ] } },
{ "type": "Feature", "properties": { "ZIP": "62656", "CITY": "Lincoln", "TIER": "T1 – EIEC ($500/kW MF + Full Residential)", "ACTIVITY": "Warm", "PROPERTY_TYPE": "Apartment Complex", "PROPERTY_NAME": "Lincoln Northside", "ADDRESS": "2305 Railsplitter Ave, Lincoln, IL 62656, USA", "PHONE": "(217) 732-4755", "WEBSITE": "https://www.tmamgroup.com/lincoln-northside-apartments1/default.aspx?_yTrackUser=NTI1OTI0MTc0Izc3MzE1NTA0Nw%3D%3D-uDHt9kasSn0%3D&_yTrackVisit=NDE3OTUwMzgxNyMyNzg5NTU4MTg%253d-ZctjfbZLloE%253d&_yTrackReqDT=55311620231810" }, "geometry": { "type": "Point", "coordinates": [ -89.3372948, 40.166926 ] } },
{ "type": "Feature", "properties": { "ZIP": "62656", "CITY": "Lincoln", "TIER": "T1 – EIEC ($500/kW MF + Full Residential)", "ACTIVITY": "Warm", "PROPERTY_TYPE": "Apartment Complex", "PROPERTY_NAME": "Centennial court", "ADDRESS": "72 Centennial Ct, Lincoln, IL 62656, USA", "PHONE": "(217) 732-7776", "WEBSITE": null }, "geometry": { "type": "Point", "coordinates": [ -89.3546555, 40.1476692 ] } },
{ "type": "Feature", "properties": { "ZIP": "62656", "CITY": "Lincoln", "TIER": "T1 – EIEC ($500/kW MF + Full Residential)", "ACTIVITY": "Warm", "PROPERTY_TYPE": "Mobile Home / MHC", "PROPERTY_NAME": "Lincoln Terrace", "ADDRESS": "904 21st St, Lincoln, IL 62656, USA", "PHONE": "(217) 693-6296", "WEBSITE": "https://www.lincolnterracemhc.com/" }, "geometry": { "type": "Point", "coordinates": [ -89.3836898, 40.163063 ] } },
{ "type": "Feature", "properties": { "ZIP": "62656", "CITY": "Lincoln", "TIER": "T1 – EIEC ($500/kW MF + Full Residential)", "ACTIVITY": "Warm", "PROPERTY_TYPE": "Mobile Home / MHC", "PROPERTY_NAME": "Tremont Park", "ADDRESS": "lot 12, 1500 Tremont St, Lincoln, IL 62656, USA", "PHONE": "(217) 416-4867", "WEBSITE": null }, "geometry": { "type": "Point", "coordinates": [ -89.353746500000014, 40.146662 ] } },
{ "type": "Feature", "properties": { "ZIP": "62656", "CITY": "Lincoln", "TIER": "T1 – EIEC ($500/kW MF + Full Residential)", "ACTIVITY": "Warm", "PROPERTY_TYPE": "Mobile Home / MHC", "PROPERTY_NAME": "Simonson Cove", "ADDRESS": "1230 21st St, Lincoln, IL 62656, USA", "PHONE": "(217) 735-3235", "WEBSITE": null }, "geometry": { "type": "Point", "coordinates": [ -89.3843391, 40.1615775 ] } },
{ "type": "Feature", "properties": { "ZIP": "62260", "CITY": "Millstadt", "TIER": "T1 – EIEC ($500/kW MF + Full Residential)", "ACTIVITY": "Warm", "PROPERTY_TYPE": "Apartment Complex", "PROPERTY_NAME": "Waterloo Apartments", "ADDRESS": "300 Park St, Waterloo, IL 62298, USA", "PHONE": "(618) 882-4439", "WEBSITE": null }, "geometry": { "type": "Point", "coordinates": [ -90.153031, 38.3323329 ] } },
{ "type": "Feature", "properties": { "ZIP": "62260", "CITY": "Millstadt", "TIER": "T1 – EIEC ($500/kW MF + Full Residential)", "ACTIVITY": "Warm", "PROPERTY_TYPE": "Apartment Complex", "PROPERTY_NAME": "Parsons Place", "ADDRESS": "1060 N 18th St, East St Louis, IL 62205, USA", "PHONE": "(618) 271-6970", "WEBSITE": "https://www.parsonsplaceapts.com/" }, "geometry": { "type": "Point", "coordinates": [ -90.1324252, 38.6279578 ] } },
{ "type": "Feature", "properties": { "ZIP": "62260", "CITY": "Millstadt", "TIER": "T1 – EIEC ($500/kW MF + Full Residential)", "ACTIVITY": "Warm", "PROPERTY_TYPE": "Apartment Complex", "PROPERTY_NAME": "Dawson Manor Apartments", "ADDRESS": "1745 Russell Ave, East St Louis, IL 62207, USA", "PHONE": "(618) 274-0373", "WEBSITE": null }, "geometry": { "type": "Point", "coordinates": [ -90.1562719, 38.6042841 ] } },
{ "type": "Feature", "properties": { "ZIP": "62260", "CITY": "Millstadt", "TIER": "T1 – EIEC ($500/kW MF + Full Residential)", "ACTIVITY": "Warm", "PROPERTY_TYPE": "Mobile Home / MHC", "PROPERTY_NAME": "Pheasant Run MHP LLC", "ADDRESS": "87 Circle Creek Ln, Sauget, IL 62206, USA", "PHONE": "(618) 332-6883", "WEBSITE": null }, "geometry": { "type": "Point", "coordinates": [ -90.1836928, 38.5747071 ] } },
{ "type": "Feature", "properties": { "ZIP": "61938", "CITY": "Mattoon", "TIER": "T1 – EIEC ($500/kW MF + Full Residential)", "ACTIVITY": "Warm", "PROPERTY_TYPE": "Apartment Complex", "PROPERTY_NAME": "17th Place Apartments", "ADDRESS": "2200 S 17th St, Mattoon, IL 61938, USA", "PHONE": "(217) 235-4323", "WEBSITE": "http://17thplaceapartments.com/" }, "geometry": { "type": "Point", "coordinates": [ -88.3742999, 39.4609242 ] } },
{ "type": "Feature", "properties": { "ZIP": "61938", "CITY": "Mattoon", "TIER": "T1 – EIEC ($500/kW MF + Full Residential)", "ACTIVITY": "Warm", "PROPERTY_TYPE": "Apartment Complex", "PROPERTY_NAME": "Sunrise", "ADDRESS": "Mattoon, IL 61938, USA", "PHONE": null, "WEBSITE": null }, "geometry": { "type": "Point", "coordinates": [ -88.3728255, 39.4830897 ] } },
{ "type": "Feature", "properties": { "ZIP": "61938", "CITY": "Mattoon", "TIER": "T1 – EIEC ($500/kW MF + Full Residential)", "ACTIVITY": "Warm", "PROPERTY_TYPE": "Mobile Home / MHC", "PROPERTY_NAME": "New Harvest Estates", "ADDRESS": "1501 Old State Rd, Mattoon, IL 61938, USA", "PHONE": "(217) 584-0050", "WEBSITE": null }, "geometry": { "type": "Point", "coordinates": [ -88.3729101, 39.4550877 ] } },
{ "type": "Feature", "properties": { "ZIP": "61938", "CITY": "Mattoon", "TIER": "T1 – EIEC ($500/kW MF + Full Residential)", "ACTIVITY": "Warm", "PROPERTY_TYPE": "Mobile Home / MHC", "PROPERTY_NAME": "Wilson's Landing", "ADDRESS": "805 8th St, Mattoon, IL 61938, USA", "PHONE": "(217) 460-0619", "WEBSITE": null }, "geometry": { "type": "Point", "coordinates": [ -88.3627404, 39.4910886 ] } },
{ "type": "Feature", "properties": { "ZIP": "61938", "CITY": "Mattoon", "TIER": "T1 – EIEC ($500/kW MF + Full Residential)", "ACTIVITY": "Warm", "PROPERTY_TYPE": "Mobile Home / MHC", "PROPERTY_NAME": "Lakeview Ranch MHC", "ADDRESS": "19 Lakeview Rd, Gays, IL 61928, USA", "PHONE": "(217) 549-8217", "WEBSITE": null }, "geometry": { "type": "Point", "coordinates": [ -88.4625462, 39.3810733 ] } },
{ "type": "Feature", "properties": { "ZIP": "61528", "CITY": "Edwards", "TIER": "T1 – EIEC ($500/kW MF + Full Residential)", "ACTIVITY": "Warm", "PROPERTY_TYPE": "Apartment Complex", "PROPERTY_NAME": "Woodsage Apartments", "ADDRESS": "9012 N Scrimshaw Dr, Peoria, IL 61615, USA", "PHONE": "(309) 222-8670", "WEBSITE": null }, "geometry": { "type": "Point", "coordinates": [ -89.6762145, 40.7978541 ] } },
{ "type": "Feature", "properties": { "ZIP": "61528", "CITY": "Edwards", "TIER": "T1 – EIEC ($500/kW MF + Full Residential)", "ACTIVITY": "Warm", "PROPERTY_TYPE": "Apartment Complex", "PROPERTY_NAME": "Haymeadow Apartments", "ADDRESS": "5802 Haymeadow Ln, Peoria, IL 61615, USA", "PHONE": "(309) 250-4663", "WEBSITE": "http://www.haymeadowapartments.com/" }, "geometry": { "type": "Point", "coordinates": [ -89.6783625, 40.7585606 ] } },
{ "type": "Feature", "properties": { "ZIP": "61528", "CITY": "Edwards", "TIER": "T1 – EIEC ($500/kW MF + Full Residential)", "ACTIVITY": "Warm", "PROPERTY_TYPE": "Apartment Complex", "PROPERTY_NAME": "Hillcrest Apartments", "ADDRESS": "6709 N Terra Vista Dr, Peoria, IL 61614, USA", "PHONE": "(309) 340-1650", "WEBSITE": "https://www.hillcrestapartmentspeoria.com/?p=1&nocache=1" }, "geometry": { "type": "Point", "coordinates": [ -89.6305809, 40.769695899999988 ] } },
{ "type": "Feature", "properties": { "ZIP": "61528", "CITY": "Edwards", "TIER": "T1 – EIEC ($500/kW MF + Full Residential)", "ACTIVITY": "Warm", "PROPERTY_TYPE": "Apartment Complex", "PROPERTY_NAME": "Nordic Villa Apartments", "ADDRESS": "3102 W Willow Knolls Dr, Peoria, IL 61614, USA", "PHONE": "(309) 693-1200", "WEBSITE": null }, "geometry": { "type": "Point", "coordinates": [ -89.6413594, 40.7758592 ] } },
{ "type": "Feature", "properties": { "ZIP": "61528", "CITY": "Edwards", "TIER": "T1 – EIEC ($500/kW MF + Full Residential)", "ACTIVITY": "Warm", "PROPERTY_TYPE": "Apartment Complex", "PROPERTY_NAME": "Oakridge apartment", "ADDRESS": "2700 W Willowlake Dr, Peoria, IL 61614, USA", "PHONE": "(309) 340-1764", "WEBSITE": null }, "geometry": { "type": "Point", "coordinates": [ -89.6337626, 40.7741724 ] } },
{ "type": "Feature", "properties": { "ZIP": "61528", "CITY": "Edwards", "TIER": "T1 – EIEC ($500/kW MF + Full Residential)", "ACTIVITY": "Warm", "PROPERTY_TYPE": "Apartment Complex", "PROPERTY_NAME": "Cedars Of Lebanon Apartments", "ADDRESS": "1047 N Emily Pl, Peoria, IL 61604, USA", "PHONE": "(309) 673-0917", "WEBSITE": "http://www.cedars-lebanon.com/" }, "geometry": { "type": "Point", "coordinates": [ -89.6716232, 40.7022209 ] } },
{ "type": "Feature", "properties": { "ZIP": "61528", "CITY": "Edwards", "TIER": "T1 – EIEC ($500/kW MF + Full Residential)", "ACTIVITY": "Warm", "PROPERTY_TYPE": "Apartment Complex", "PROPERTY_NAME": "Eagle Point Apartments", "ADDRESS": "3015 W Willow Knolls Dr, Peoria, IL 61614, USA", "PHONE": null, "WEBSITE": null }, "geometry": { "type": "Point", "coordinates": [ -89.6401306, 40.7767008 ] } },
{ "type": "Feature", "properties": { "ZIP": "61301", "CITY": "La Salle", "TIER": "T1 – EIEC ($500/kW MF + Full Residential)", "ACTIVITY": "Warm", "PROPERTY_TYPE": "Apartment Complex", "PROPERTY_NAME": "LaSalle Manor", "ADDRESS": "1135 10th St, La Salle, IL 61301, USA", "PHONE": "(815) 223-0557", "WEBSITE": null }, "geometry": { "type": "Point", "coordinates": [ -89.0907852, 41.3388338 ] } },
{ "type": "Feature", "properties": { "ZIP": "61301", "CITY": "La Salle", "TIER": "T1 – EIEC ($500/kW MF + Full Residential)", "ACTIVITY": "Warm", "PROPERTY_TYPE": "Apartment Complex", "PROPERTY_NAME": "Oak Ridge Village", "ADDRESS": "777 N 3029th Rd #1, North Utica, IL 61373, USA", "PHONE": "(765) 618-5345", "WEBSITE": null }, "geometry": { "type": "Point", "coordinates": [ -89.0171894, 41.369808 ] } },
{ "type": "Feature", "properties": { "ZIP": "61301", "CITY": "La Salle", "TIER": "T1 – EIEC ($500/kW MF + Full Residential)", "ACTIVITY": "Warm", "PROPERTY_TYPE": "Apartment Complex", "PROPERTY_NAME": "Valley View Apartment's", "ADDRESS": "476 IL-351, Oglesby, IL 61348, USA", "PHONE": "(815) 200-8703", "WEBSITE": "https://bnbus.click/valley-view-apartment-43lkds" }, "geometry": { "type": "Point", "coordinates": [ -89.0723, 41.310331 ] } },
{ "type": "Feature", "properties": { "ZIP": "61301", "CITY": "La Salle", "TIER": "T1 – EIEC ($500/kW MF + Full Residential)", "ACTIVITY": "Warm", "PROPERTY_TYPE": "Mobile Home / MHC", "PROPERTY_NAME": "Oglesby Mobile Home Park", "ADDRESS": "641 W Walnut St, Oglesby, IL 61348, USA", "PHONE": "(815) 993-9225", "WEBSITE": "https://endeavorcommunities.com/community/ilog-oglesby-mhp-manufactured-home-community/" }, "geometry": { "type": "Point", "coordinates": [ -89.0724487, 41.294498399999988 ] } },
{ "type": "Feature", "properties": { "ZIP": "61301", "CITY": "La Salle", "TIER": "T1 – EIEC ($500/kW MF + Full Residential)", "ACTIVITY": "Warm", "PROPERTY_TYPE": "Mobile Home / MHC", "PROPERTY_NAME": "Peru Estates Mobile Home Park", "ADDRESS": "2830 4th St, Peru, IL 61354, USA", "PHONE": "(815) 246-2102", "WEBSITE": "https://knightscommunities.com/community/peru-estates-mobile-home-park/" }, "geometry": { "type": "Point", "coordinates": [ -89.143163, 41.3269616 ] } },
{ "type": "Feature", "properties": { "ZIP": "61523", "CITY": "Chillicothe", "TIER": "T1 – EIEC ($500/kW MF + Full Residential)", "ACTIVITY": "Warm", "PROPERTY_TYPE": "Apartment Complex", "PROPERTY_NAME": "Old Orchard Apartments", "ADDRESS": "423 W Moffitt St, Chillicothe, IL 61523, USA", "PHONE": null, "WEBSITE": null }, "geometry": { "type": "Point", "coordinates": [ -89.4874037, 40.9273946 ] } },
{ "type": "Feature", "properties": { "ZIP": "61523", "CITY": "Chillicothe", "TIER": "T1 – EIEC ($500/kW MF + Full Residential)", "ACTIVITY": "Warm", "PROPERTY_TYPE": "Apartment Complex", "PROPERTY_NAME": "Sweetbriar Apartments", "ADDRESS": "504 S Sweetbriar Dr 512, 524 S Sweetbriar Dr, Chillicothe, IL 61523, USA", "PHONE": "(309) 322-7077", "WEBSITE": "https://www.mss309.com/sweetbriar-apartments" }, "geometry": { "type": "Point", "coordinates": [ -89.496189, 40.9029353 ] } },
{ "type": "Feature", "properties": { "ZIP": "61523", "CITY": "Chillicothe", "TIER": "T1 – EIEC ($500/kW MF + Full Residential)", "ACTIVITY": "Warm", "PROPERTY_TYPE": "Apartment Complex", "PROPERTY_NAME": "Riverwalk Commons", "ADDRESS": "227 W Elm St, Chillicothe, IL 61523, USA", "PHONE": "(309) 643-5643", "WEBSITE": null }, "geometry": { "type": "Point", "coordinates": [ -89.4869948, 40.9154783 ] } },
{ "type": "Feature", "properties": { "ZIP": "61523", "CITY": "Chillicothe", "TIER": "T1 – EIEC ($500/kW MF + Full Residential)", "ACTIVITY": "Warm", "PROPERTY_TYPE": "Apartment Complex", "PROPERTY_NAME": "River Beach Townhouses", "ADDRESS": "14711 N River Beach Dr, Chillicothe, IL 61523, USA", "PHONE": "(309) 635-0558", "WEBSITE": "http://riverbeachtownhouse.com/" }, "geometry": { "type": "Point", "coordinates": [ -89.513403, 40.8668899 ] } },
{ "type": "Feature", "properties": { "ZIP": "61523", "CITY": "Chillicothe", "TIER": "T1 – EIEC ($500/kW MF + Full Residential)", "ACTIVITY": "Warm", "PROPERTY_TYPE": "Apartment Complex", "PROPERTY_NAME": "Crabel court apartments", "ADDRESS": "1105 Crabel Ct, Chillicothe, IL 61523, USA", "PHONE": null, "WEBSITE": null }, "geometry": { "type": "Point", "coordinates": [ -89.4988698, 40.9255817 ] } },
{ "type": "Feature", "properties": { "ZIP": "61523", "CITY": "Chillicothe", "TIER": "T1 – EIEC ($500/kW MF + Full Residential)", "ACTIVITY": "Warm", "PROPERTY_TYPE": "Apartment Complex", "PROPERTY_NAME": "Bayberry B", "ADDRESS": "1405 N Bayberry Ct, Chillicothe, IL 61523, USA", "PHONE": "(309) 274-4411", "WEBSITE": "http://www.wodagroup.com/bayberryb" }, "geometry": { "type": "Point", "coordinates": [ -89.5035838, 40.9233213 ] } },
{ "type": "Feature", "properties": { "ZIP": "61523", "CITY": "Chillicothe", "TIER": "T1 – EIEC ($500/kW MF + Full Residential)", "ACTIVITY": "Warm", "PROPERTY_TYPE": "Apartment Complex", "PROPERTY_NAME": "Andrea Arms", "ADDRESS": "1024 Crabel Ct, Chillicothe, IL 61523, USA", "PHONE": "(309) 673-2252", "WEBSITE": "https://multicounty-properties.com/andrea-arms" }, "geometry": { "type": "Point", "coordinates": [ -89.4983184, 40.9250268 ] } },
{ "type": "Feature", "properties": { "ZIP": "62052", "CITY": "Jerseyville", "TIER": "T1 – EIEC ($500/kW MF + Full Residential)", "ACTIVITY": "Warm", "PROPERTY_TYPE": "Apartment Complex", "PROPERTY_NAME": "Brookshire Estate Apartments", "ADDRESS": "1241 Brookshire Pl, Jerseyville, IL 62052, USA", "PHONE": "(618) 639-7666", "WEBSITE": "https://brookshireestatesliving.com/" }, "geometry": { "type": "Point", "coordinates": [ -90.3264581, 39.1066075 ] } },
{ "type": "Feature", "properties": { "ZIP": "62052", "CITY": "Jerseyville", "TIER": "T1 – EIEC ($500/kW MF + Full Residential)", "ACTIVITY": "Warm", "PROPERTY_TYPE": "Apartment Complex", "PROPERTY_NAME": "Diamond Apartments", "ADDRESS": "1340 Lilac Wy, Jerseyville, IL 62052, USA", "PHONE": null, "WEBSITE": null }, "geometry": { "type": "Point", "coordinates": [ -90.327171800000016, 39.1028486 ] } },
{ "type": "Feature", "properties": { "ZIP": "62052", "CITY": "Jerseyville", "TIER": "T1 – EIEC ($500/kW MF + Full Residential)", "ACTIVITY": "Warm", "PROPERTY_TYPE": "Apartment Complex", "PROPERTY_NAME": "Lexington Farms", "ADDRESS": "1190 Lexington Dr, Jerseyville, IL 62052, USA", "PHONE": "(618) 639-1040", "WEBSITE": "https://lexingtonfarmhomes.com/" }, "geometry": { "type": "Point", "coordinates": [ -90.3155746, 39.1284484 ] } },
{ "type": "Feature", "properties": { "ZIP": "62052", "CITY": "Jerseyville", "TIER": "T1 – EIEC ($500/kW MF + Full Residential)", "ACTIVITY": "Warm", "PROPERTY_TYPE": "Apartment Complex", "PROPERTY_NAME": "Diamond Apartments", "ADDRESS": "1335 Lilac Wy, Jerseyville, IL 62052, USA", "PHONE": "(217) 636-3963", "WEBSITE": "http://www.ccdchousing.org/" }, "geometry": { "type": "Point", "coordinates": [ -90.3267012, 39.1032072 ] } },
{ "type": "Feature", "properties": { "ZIP": "62052", "CITY": "Jerseyville", "TIER": "T1 – EIEC ($500/kW MF + Full Residential)", "ACTIVITY": "Warm", "PROPERTY_TYPE": "Mobile Home / MHC", "PROPERTY_NAME": "Tri-Lakes Estates Mobile Home", "ADDRESS": "23281 Helen Ct, Jerseyville, IL 62052, USA", "PHONE": "(618) 498-3253", "WEBSITE": null }, "geometry": { "type": "Point", "coordinates": [ -90.364752, 39.120256 ] } },
{ "type": "Feature", "properties": { "ZIP": "62568", "CITY": "Taylorville", "TIER": "T1 – EIEC ($500/kW MF + Full Residential)", "ACTIVITY": "Warm", "PROPERTY_TYPE": "Apartment Complex", "PROPERTY_NAME": "Shumway Apartments", "ADDRESS": "600 W 3rd St, Taylorville, IL 62568, USA", "PHONE": "(217) 824-9363", "WEBSITE": "https://www.tmamgroup.com/shumway-apartments1/default.aspx?_yTrackUser=NTI1OTI0MTc0Izc3MzE1NTA0Nw%3D%3D-uDHt9kasSn0%3D&_yTrackVisit=NDE4OTAzODA5NyM0MzU3ODI0-HlJj9s7EHx4%253d&_yTrackReqDT=04451420232310" }, "geometry": { "type": "Point", "coordinates": [ -89.3005998, 39.5410814 ] } },
{ "type": "Feature", "properties": { "ZIP": "62568", "CITY": "Taylorville", "TIER": "T1 – EIEC ($500/kW MF + Full Residential)", "ACTIVITY": "Warm", "PROPERTY_TYPE": "Mobile Home / MHC", "PROPERTY_NAME": "Taylorville Valley View Mobile Home Park", "ADDRESS": "913 N Taylorville Blvd Lot 47, Taylorville, IL 62568, USA", "PHONE": "(217) 803-0168", "WEBSITE": "https://www.facebook.com/taylorvillesvalleyviewmhp" }, "geometry": { "type": "Point", "coordinates": [ -89.3102403, 39.5587469 ] } },
{ "type": "Feature", "properties": { "ZIP": "62568", "CITY": "Taylorville", "TIER": "T1 – EIEC ($500/kW MF + Full Residential)", "ACTIVITY": "Warm", "PROPERTY_TYPE": "Mobile Home / MHC", "PROPERTY_NAME": "Fairview Mobile Home Park", "ADDRESS": "Fairview Trailer Ct, Taylorville, IL 62568, USA", "PHONE": null, "WEBSITE": "http://augustinepropertymanagement.com/" }, "geometry": { "type": "Point", "coordinates": [ -89.3122796, 39.5519031 ] } },
{ "type": "Feature", "properties": { "ZIP": "62568", "CITY": "Taylorville", "TIER": "T1 – EIEC ($500/kW MF + Full Residential)", "ACTIVITY": "Warm", "PROPERTY_TYPE": "Mobile Home / MHC", "PROPERTY_NAME": "Hillcrest Mobile Home Park", "ADDRESS": "Lincoln Prairie Trail (Lincoln Heritage Trail), Taylorville, IL 62568, USA", "PHONE": null, "WEBSITE": null }, "geometry": { "type": "Point", "coordinates": [ -89.2808668, 39.5492007 ] } },
{ "type": "Feature", "properties": { "ZIP": "62881", "CITY": "Salem", "TIER": "T1 – EIEC ($500/kW MF + Full Residential)", "ACTIVITY": "Warm", "PROPERTY_TYPE": "Apartment Complex", "PROPERTY_NAME": "Mills Crossing", "ADDRESS": "Mills Cart Rd, Salem, IL 62881, USA", "PHONE": "(618) 548-8030", "WEBSITE": "https://www.millscrossingapts.com/" }, "geometry": { "type": "Point", "coordinates": [ -88.9659221, 38.6266097 ] } },
{ "type": "Feature", "properties": { "ZIP": "62881", "CITY": "Salem", "TIER": "T1 – EIEC ($500/kW MF + Full Residential)", "ACTIVITY": "Warm", "PROPERTY_TYPE": "Apartment Complex", "PROPERTY_NAME": "Sherwood Salem Apartments", "ADDRESS": "Lynwood Dr, Salem, IL 62881, USA", "PHONE": "(618) 882-4439", "WEBSITE": "http://www.purcellcapitalgroup.com/" }, "geometry": { "type": "Point", "coordinates": [ -88.9372636, 38.6488707 ] } },
{ "type": "Feature", "properties": { "ZIP": "62881", "CITY": "Salem", "TIER": "T1 – EIEC ($500/kW MF + Full Residential)", "ACTIVITY": "Warm", "PROPERTY_TYPE": "Apartment Complex", "PROPERTY_NAME": "Southern Gardens", "ADDRESS": "2601 S Broadway, Salem, IL 62881, USA", "PHONE": "(618) 882-4439", "WEBSITE": null }, "geometry": { "type": "Point", "coordinates": [ -88.9408209, 38.6052603 ] } },
{ "type": "Feature", "properties": { "ZIP": "62881", "CITY": "Salem", "TIER": "T1 – EIEC ($500/kW MF + Full Residential)", "ACTIVITY": "Warm", "PROPERTY_TYPE": "Apartment Complex", "PROPERTY_NAME": "Broadway Apartments", "ADDRESS": "423 S Broadway, Salem, IL 62881, USA", "PHONE": "(618) 882-4439", "WEBSITE": null }, "geometry": { "type": "Point", "coordinates": [ -88.9459878, 38.6242892 ] } },
{ "type": "Feature", "properties": { "ZIP": "62881", "CITY": "Salem", "TIER": "T1 – EIEC ($500/kW MF + Full Residential)", "ACTIVITY": "Warm", "PROPERTY_TYPE": "Apartment Complex", "PROPERTY_NAME": "Salem Air Apartments", "ADDRESS": "402 Airport Rd, Salem, IL 62881, USA", "PHONE": "(618) 882-4439", "WEBSITE": "http://www.purcellcapitalgroup.com/" }, "geometry": { "type": "Point", "coordinates": [ -88.9671697, 38.6298983 ] } },
{ "type": "Feature", "properties": { "ZIP": "62881", "CITY": "Salem", "TIER": "T1 – EIEC ($500/kW MF + Full Residential)", "ACTIVITY": "Warm", "PROPERTY_TYPE": "Apartment Complex", "PROPERTY_NAME": "Cottonwood Apartments", "ADDRESS": "902 Cottonwood Village, Salem, IL 62881, USA", "PHONE": "(618) 882-4439", "WEBSITE": "http://www.purcellcapitalgroup.com/" }, "geometry": { "type": "Point", "coordinates": [ -88.9380367, 38.6485756 ] } },
{ "type": "Feature", "properties": { "ZIP": "62881", "CITY": "Salem", "TIER": "T1 – EIEC ($500/kW MF + Full Residential)", "ACTIVITY": "Warm", "PROPERTY_TYPE": "Apartment Complex", "PROPERTY_NAME": "Washington School Apartments", "ADDRESS": "500 W Broadway, Centralia, IL 62801, USA", "PHONE": "(618) 882-4439", "WEBSITE": null }, "geometry": { "type": "Point", "coordinates": [ -89.1427255, 38.5296093 ] } },
{ "type": "Feature", "properties": { "ZIP": "62881", "CITY": "Salem", "TIER": "T1 – EIEC ($500/kW MF + Full Residential)", "ACTIVITY": "Warm", "PROPERTY_TYPE": "Apartment Complex", "PROPERTY_NAME": "Maplewood Estates", "ADDRESS": "102 Fairway Dr, Centralia, IL 62801, USA", "PHONE": "(618) 545-0219", "WEBSITE": "https://www.facebook.com/MaplewoodCentralia" }, "geometry": { "type": "Point", "coordinates": [ -89.0956962, 38.5311139 ] } },
{ "type": "Feature", "properties": { "ZIP": "62881", "CITY": "Salem", "TIER": "T1 – EIEC ($500/kW MF + Full Residential)", "ACTIVITY": "Warm", "PROPERTY_TYPE": "Apartment Complex", "PROPERTY_NAME": "Centralia Meadows Apartments", "ADDRESS": "104 Fairway Dr, Centralia, IL 62801, USA", "PHONE": "(618) 533-3171", "WEBSITE": "https://www.facebook.com/centraliameadows/" }, "geometry": { "type": "Point", "coordinates": [ -89.097183, 38.530123 ] } },
{ "type": "Feature", "properties": { "ZIP": "62881", "CITY": "Salem", "TIER": "T1 – EIEC ($500/kW MF + Full Residential)", "ACTIVITY": "Warm", "PROPERTY_TYPE": "Mobile Home / MHC", "PROPERTY_NAME": "Southern Gardens MHP, an Ozark Community", "ADDRESS": "2501 S Broadway Ave, Salem, IL 62881, USA", "PHONE": "(314) 626-3130", "WEBSITE": null }, "geometry": { "type": "Point", "coordinates": [ -88.9429855, 38.606388 ] } },
{ "type": "Feature", "properties": { "ZIP": "62881", "CITY": "Salem", "TIER": "T1 – EIEC ($500/kW MF + Full Residential)", "ACTIVITY": "Warm", "PROPERTY_TYPE": "Mobile Home / MHC", "PROPERTY_NAME": "Salem Estates", "ADDRESS": "5025 US-51, Sandoval, IL 62882, USA", "PHONE": null, "WEBSITE": null }, "geometry": { "type": "Point", "coordinates": [ -89.1058781, 38.6570949 ] } },
{ "type": "Feature", "properties": { "ZIP": "61834", "CITY": "Danville", "TIER": "T1 – EIEC ($500/kW MF + Full Residential)", "ACTIVITY": "Warm", "PROPERTY_TYPE": "Mobile Home / MHC", "PROPERTY_NAME": "Lake Bluff Mobile Home Park", "ADDRESS": "20 Pattie Dr, Oakwood, IL 61858, USA", "PHONE": "(217) 354-5040", "WEBSITE": "http://lakebluffmhp.com/" }, "geometry": { "type": "Point", "coordinates": [ -87.7755914, 40.102875399999988 ] } },
{ "type": "Feature", "properties": { "ZIP": "61727", "CITY": "Clinton", "TIER": "T1 – EIEC ($500/kW MF + Full Residential)", "ACTIVITY": "Warm", "PROPERTY_TYPE": "Apartment Complex", "PROPERTY_NAME": "Arbor Apartments", "ADDRESS": "999 IL-10 West, Clinton, IL 61727, USA", "PHONE": null, "WEBSITE": null }, "geometry": { "type": "Point", "coordinates": [ -88.9712671, 40.1491595 ] } },
{ "type": "Feature", "properties": { "ZIP": "61727", "CITY": "Clinton", "TIER": "T1 – EIEC ($500/kW MF + Full Residential)", "ACTIVITY": "Warm", "PROPERTY_TYPE": "Apartment Complex", "PROPERTY_NAME": "Hammer Apartments", "ADDRESS": "700 E Main St, Clinton, IL 61727, USA", "PHONE": null, "WEBSITE": null }, "geometry": { "type": "Point", "coordinates": [ -88.9533189, 40.152598 ] } },
{ "type": "Feature", "properties": { "ZIP": "61727", "CITY": "Clinton", "TIER": "T1 – EIEC ($500/kW MF + Full Residential)", "ACTIVITY": "Warm", "PROPERTY_TYPE": "Mobile Home / MHC", "PROPERTY_NAME": "Clinton Estates", "ADDRESS": "8737 Antelope Dr, Clinton, IL 61727, USA", "PHONE": "(217) 650-9771", "WEBSITE": "https://clintonestates.godaddysites.com/" }, "geometry": { "type": "Point", "coordinates": [ -88.979871, 40.1539331 ] } },
{ "type": "Feature", "properties": { "ZIP": "61727", "CITY": "Clinton", "TIER": "T1 – EIEC ($500/kW MF + Full Residential)", "ACTIVITY": "Warm", "PROPERTY_TYPE": "Mobile Home / MHC", "PROPERTY_NAME": "Clinton Manufactured Housing Community", "ADDRESS": "809 S Grant St, Clinton, IL 61727, USA", "PHONE": "(217) 828-4018", "WEBSITE": "http://www.clintonmhc.com/" }, "geometry": { "type": "Point", "coordinates": [ -88.9656633, 40.1445402 ] } },
{ "type": "Feature", "properties": { "ZIP": "62902", "CITY": "Carbondale", "TIER": "T1 – EIEC ($500/kW MF + Full Residential)", "ACTIVITY": "Warm", "PROPERTY_TYPE": "Apartment Complex", "PROPERTY_NAME": "Lake Ashley", "ADDRESS": "8 Chelsea Ln, Carbondale, IL 62902, USA", "PHONE": null, "WEBSITE": null }, "geometry": { "type": "Point", "coordinates": [ -89.170977600000015, 37.6858525 ] } },
{ "type": "Feature", "properties": { "ZIP": "62966", "CITY": "Murphysboro", "TIER": "T1 – EIEC ($500/kW MF + Full Residential)", "ACTIVITY": "Warm", "PROPERTY_TYPE": "Apartment Complex", "PROPERTY_NAME": "Premier Property Management And Development", "ADDRESS": "347 S Williams St, Murphysboro, IL 62966, USA", "PHONE": "(618) 207-8017", "WEBSITE": "http://www.premierpmd.com/" }, "geometry": { "type": "Point", "coordinates": [ -89.321156, 37.7621535 ] } },
{ "type": "Feature", "properties": { "ZIP": "61254", "CITY": "Geneseo", "TIER": "T1 – EIEC ($500/kW MF + Full Residential)", "ACTIVITY": "Warm", "PROPERTY_TYPE": "Senior Living", "PROPERTY_NAME": "Geneseo Commons - Senior Apartments", "ADDRESS": "600 Olivia Dr, Geneseo, IL 61254, USA", "PHONE": "(309) 507-6155", "WEBSITE": "https://geneseoapts.com/senior-apartments?utm_source=Google&utm_medium=BusinessProfile&utm_campaign=GBP" }, "geometry": { "type": "Point", "coordinates": [ -90.1458053, 41.4645233 ] } },
{ "type": "Feature", "properties": { "ZIP": "61254", "CITY": "Geneseo", "TIER": "T1 – EIEC ($500/kW MF + Full Residential)", "ACTIVITY": "Warm", "PROPERTY_TYPE": "Apartment Complex", "PROPERTY_NAME": "Dad's", "ADDRESS": "950 Curcuru Dr, Geneseo, IL 61254, USA", "PHONE": null, "WEBSITE": null }, "geometry": { "type": "Point", "coordinates": [ -90.1718201, 41.4436854 ] } },
{ "type": "Feature", "properties": { "ZIP": "61254", "CITY": "Geneseo", "TIER": "T1 – EIEC ($500/kW MF + Full Residential)", "ACTIVITY": "Warm", "PROPERTY_TYPE": "Mobile Home / MHC", "PROPERTY_NAME": "Green Acres Mobile Estates", "ADDRESS": "37 Green Acres, Geneseo, IL 61254, USA", "PHONE": "(309) 944-4610", "WEBSITE": "https://greenacresgeneseo.com/" }, "geometry": { "type": "Point", "coordinates": [ -90.1730728, 41.4645347 ] } },
{ "type": "Feature", "properties": { "ZIP": "61254", "CITY": "Geneseo", "TIER": "T1 – EIEC ($500/kW MF + Full Residential)", "ACTIVITY": "Warm", "PROPERTY_TYPE": "Mobile Home / MHC", "PROPERTY_NAME": "Willow Haven Mobile Home Community", "ADDRESS": "1400 Cleveland Rd #14, Colona, IL 61241, USA", "PHONE": null, "WEBSITE": null }, "geometry": { "type": "Point", "coordinates": [ -90.3361791, 41.4854315 ] } },
{ "type": "Feature", "properties": { "ZIP": "61356", "CITY": "Princeton", "TIER": "T1 – EIEC ($500/kW MF + Full Residential)", "ACTIVITY": "Warm", "PROPERTY_TYPE": "Apartment Complex", "PROPERTY_NAME": "Parkway Apartments", "ADDRESS": "419 S Anderson St, Princeton, IL 61356, USA", "PHONE": "(815) 719-3190", "WEBSITE": "https://www.tmamgroup.com/parkway-apartments8/default.aspx?_yTrackUser=NTI1OTI0MTc0Izc3MzE1NTA0Nw%3D%3D-uDHt9kasSn0%3D&_yTrackVisit=NDE4OTAzODA5NyM0MzU3ODI0-HlJj9s7EHx4%253d&_yTrackReqDT=23331420232310" }, "geometry": { "type": "Point", "coordinates": [ -89.4737613, 41.3704537 ] } },
{ "type": "Feature", "properties": { "ZIP": "61356", "CITY": "Princeton", "TIER": "T1 – EIEC ($500/kW MF + Full Residential)", "ACTIVITY": "Warm", "PROPERTY_TYPE": "Senior Living", "PROPERTY_NAME": "Diamond Senior Apartments of Princeton", "ADDRESS": "1000 Diamond Circle, Princeton, IL 61356, USA", "PHONE": "(815) 915-8243", "WEBSITE": null }, "geometry": { "type": "Point", "coordinates": [ -89.4710139, 41.3700186 ] } },
{ "type": "Feature", "properties": { "ZIP": "61356", "CITY": "Princeton", "TIER": "T1 – EIEC ($500/kW MF + Full Residential)", "ACTIVITY": "Warm", "PROPERTY_TYPE": "Apartment Complex", "PROPERTY_NAME": "Clark House Bureau County Housing Authority", "ADDRESS": "500 S Main St, Princeton, IL 61356, USA", "PHONE": null, "WEBSITE": null }, "geometry": { "type": "Point", "coordinates": [ -89.4652131, 41.3702678 ] } },
{ "type": "Feature", "properties": { "ZIP": "61356", "CITY": "Princeton", "TIER": "T1 – EIEC ($500/kW MF + Full Residential)", "ACTIVITY": "Warm", "PROPERTY_TYPE": "Mobile Home / MHC", "PROPERTY_NAME": "Maple Acres Mobile Home Park", "ADDRESS": "1915 Maple Acres Dr, Princeton, IL 61356, USA", "PHONE": "(815) 875-1502", "WEBSITE": null }, "geometry": { "type": "Point", "coordinates": [ -89.490121699999989, 41.3950133 ] } },
{ "type": "Feature", "properties": { "ZIP": "61356", "CITY": "Princeton", "TIER": "T1 – EIEC ($500/kW MF + Full Residential)", "ACTIVITY": "Warm", "PROPERTY_TYPE": "Mobile Home / MHC", "PROPERTY_NAME": "Hummingbird Lane mobile homes", "ADDRESS": "12522, 2765 East St Lot 22, Princeton, IL 61356, USA", "PHONE": "(734) 221-4026", "WEBSITE": null }, "geometry": { "type": "Point", "coordinates": [ -89.3232884, 41.3284216 ] } },
{ "type": "Feature", "properties": { "ZIP": "62896", "CITY": "West Frankfort", "TIER": "T1 – EIEC ($500/kW MF + Full Residential)", "ACTIVITY": "Warm", "PROPERTY_TYPE": "Apartment Complex", "PROPERTY_NAME": "West Frankfort Village Apartments", "ADDRESS": "700 E Cleveland St, West Frankfort, IL 62896, USA", "PHONE": "(618) 997-5365", "WEBSITE": null }, "geometry": { "type": "Point", "coordinates": [ -88.9192015, 37.8909008 ] } },
{ "type": "Feature", "properties": { "ZIP": "62896", "CITY": "West Frankfort", "TIER": "T1 – EIEC ($500/kW MF + Full Residential)", "ACTIVITY": "Warm", "PROPERTY_TYPE": "Apartment Complex", "PROPERTY_NAME": "Monroe Street Apartments", "ADDRESS": "1007 S Monroe St, West Frankfort, IL 62896, USA", "PHONE": "(618) 997-5365", "WEBSITE": "https://placeus.cfd/monroe-street-apartments-xyqkcy" }, "geometry": { "type": "Point", "coordinates": [ -88.9229816, 37.8892112 ] } },
{ "type": "Feature", "properties": { "ZIP": "62896", "CITY": "West Frankfort", "TIER": "T1 – EIEC ($500/kW MF + Full Residential)", "ACTIVITY": "Warm", "PROPERTY_TYPE": "Apartment Complex", "PROPERTY_NAME": "Hill City Apartments", "ADDRESS": "7261 Hill City Rd, Benton, IL 62812, USA", "PHONE": null, "WEBSITE": null }, "geometry": { "type": "Point", "coordinates": [ -88.9385295, 37.9685051 ] } },
{ "type": "Feature", "properties": { "ZIP": "62896", "CITY": "West Frankfort", "TIER": "T1 – EIEC ($500/kW MF + Full Residential)", "ACTIVITY": "Warm", "PROPERTY_TYPE": "Mobile Home / MHC", "PROPERTY_NAME": "Rend Lake Mobile Home Park", "ADDRESS": "231 S Court St, Benton, IL 62812, USA", "PHONE": "(408) 905-7352", "WEBSITE": null }, "geometry": { "type": "Point", "coordinates": [ -88.950859, 37.991127 ] } },
{ "type": "Feature", "properties": { "ZIP": "62896", "CITY": "West Frankfort", "TIER": "T1 – EIEC ($500/kW MF + Full Residential)", "ACTIVITY": "Warm", "PROPERTY_TYPE": "Mobile Home / MHC", "PROPERTY_NAME": "Benton Mobile Home Park Section 1", "ADDRESS": "1106 Lickliter St, Benton, IL 62812, USA", "PHONE": null, "WEBSITE": null }, "geometry": { "type": "Point", "coordinates": [ -88.9169049, 37.9870335 ] } },
{ "type": "Feature", "properties": { "ZIP": "62471", "CITY": "Vandalia", "TIER": "T1 – EIEC ($500/kW MF + Full Residential)", "ACTIVITY": "Warm", "PROPERTY_TYPE": "Apartment Complex", "PROPERTY_NAME": "Country Place: Vandalia", "ADDRESS": "929 W Johnson St, Vandalia, IL 62471, USA", "PHONE": "(618) 283-3444", "WEBSITE": "https://www.tmamgroup.com/country-place-apartments-vandalia0/default.aspx" }, "geometry": { "type": "Point", "coordinates": [ -89.1017511, 38.9576304 ] } },
{ "type": "Feature", "properties": { "ZIP": "62471", "CITY": "Vandalia", "TIER": "T1 – EIEC ($500/kW MF + Full Residential)", "ACTIVITY": "Warm", "PROPERTY_TYPE": "Mobile Home / MHC", "PROPERTY_NAME": "Oak Grove Mobile Home Park", "ADDRESS": "740 W Orchard St, Vandalia, IL 62471, USA", "PHONE": "(618) 283-2344", "WEBSITE": null }, "geometry": { "type": "Point", "coordinates": [ -89.0988538, 38.9728558 ] } },
{ "type": "Feature", "properties": { "ZIP": "61764", "CITY": "Pontiac", "TIER": "T1 – EIEC ($500/kW MF + Full Residential)", "ACTIVITY": "Warm", "PROPERTY_TYPE": "Apartment Complex", "PROPERTY_NAME": "Pontiac I-Edgefield Apartments", "ADDRESS": "707 - 709 Illini Dr, Pontiac, IL 61764, USA", "PHONE": "(815) 842-2704", "WEBSITE": "https://www.tmamgroup.com/pontiac-i-edgefield-apts0/default.aspx" }, "geometry": { "type": "Point", "coordinates": [ -88.6147977, 40.8848553 ] } },
{ "type": "Feature", "properties": { "ZIP": "61764", "CITY": "Pontiac", "TIER": "T1 – EIEC ($500/kW MF + Full Residential)", "ACTIVITY": "Warm", "PROPERTY_TYPE": "Apartment Complex", "PROPERTY_NAME": "Pontiac A-Northpointe Apartments", "ADDRESS": "1300 Trainor Dr, Pontiac, IL 61764, USA", "PHONE": "(815) 842-2704", "WEBSITE": "https://www.tmamgroup.com/pontiac-a-northpointe-apts0/default.aspx" }, "geometry": { "type": "Point", "coordinates": [ -88.6523831, 40.8904485 ] } },
{ "type": "Feature", "properties": { "ZIP": "61764", "CITY": "Pontiac", "TIER": "T1 – EIEC ($500/kW MF + Full Residential)", "ACTIVITY": "Warm", "PROPERTY_TYPE": "Apartment Complex", "PROPERTY_NAME": "Saint James Place", "ADDRESS": "110 Saint James Place, Pontiac, IL 61764, USA", "PHONE": null, "WEBSITE": null }, "geometry": { "type": "Point", "coordinates": [ -88.6215972, 40.8784561 ] } },
{ "type": "Feature", "properties": { "ZIP": "61764", "CITY": "Pontiac", "TIER": "T1 – EIEC ($500/kW MF + Full Residential)", "ACTIVITY": "Warm", "PROPERTY_TYPE": "Mobile Home / MHC", "PROPERTY_NAME": "Vermillion", "ADDRESS": "1225 4h Park Rd, Pontiac, IL 61764, USA", "PHONE": "(815) 842-2011", "WEBSITE": "https://rootsmg.com/community/vermillion_estates_pontiac_il" }, "geometry": { "type": "Point", "coordinates": [ -88.6500854, 40.8908576 ] } },
{ "type": "Feature", "properties": { "ZIP": "61764", "CITY": "Pontiac", "TIER": "T1 – EIEC ($500/kW MF + Full Residential)", "ACTIVITY": "Warm", "PROPERTY_TYPE": "Mobile Home / MHC", "PROPERTY_NAME": "Sterling Estates", "ADDRESS": "1201 S Old Airport Rd, Pontiac, IL 61764, USA", "PHONE": "(815) 844-5914", "WEBSITE": "http://sterling-estates.jany.io/" }, "geometry": { "type": "Point", "coordinates": [ -88.6435699, 40.8670349 ] } },
{ "type": "Feature", "properties": { "ZIP": "61764", "CITY": "Pontiac", "TIER": "T1 – EIEC ($500/kW MF + Full Residential)", "ACTIVITY": "Warm", "PROPERTY_TYPE": "Mobile Home / MHC", "PROPERTY_NAME": "Riverside Estates", "ADDRESS": "1037 E Water St, Pontiac, IL 61764, USA", "PHONE": null, "WEBSITE": null }, "geometry": { "type": "Point", "coordinates": [ -88.6149932, 40.8794686 ] } },
{ "type": "Feature", "properties": { "ZIP": "61764", "CITY": "Pontiac", "TIER": "T1 – EIEC ($500/kW MF + Full Residential)", "ACTIVITY": "Warm", "PROPERTY_TYPE": "Mobile Home / MHC", "PROPERTY_NAME": "Redwood MHC and Storage", "ADDRESS": "15242 E 1830 N Rd, Pontiac, IL 61764, USA", "PHONE": "(815) 842-2112", "WEBSITE": "http://www.redwoodmhcstorage.com/" }, "geometry": { "type": "Point", "coordinates": [ -88.6386184, 40.8917236 ] } },
{ "type": "Feature", "properties": { "ZIP": "61764", "CITY": "Pontiac", "TIER": "T1 – EIEC ($500/kW MF + Full Residential)", "ACTIVITY": "Warm", "PROPERTY_TYPE": "Mobile Home / MHC", "PROPERTY_NAME": "Sandy Creek Estates", "ADDRESS": "601 W Lincoln Ave, Pontiac, IL 61764, USA", "PHONE": null, "WEBSITE": null }, "geometry": { "type": "Point", "coordinates": [ -88.6344704, 40.887005 ] } },
{ "type": "Feature", "properties": { "ZIP": "61764", "CITY": "Pontiac", "TIER": "T1 – EIEC ($500/kW MF + Full Residential)", "ACTIVITY": "Warm", "PROPERTY_TYPE": "Mobile Home / MHC", "PROPERTY_NAME": "All Seasons & Autumn Oaks", "ADDRESS": "104 Enterprise Dr, Chenoa, IL 61726, USA", "PHONE": null, "WEBSITE": null }, "geometry": { "type": "Point", "coordinates": [ -88.7317201, 40.7426908 ] } },
{ "type": "Feature", "properties": { "ZIP": "61866", "CITY": "Rantoul", "TIER": "T1 – EIEC ($500/kW MF + Full Residential)", "ACTIVITY": "Warm", "PROPERTY_TYPE": "Apartment Complex", "PROPERTY_NAME": "Abbott Acres Apartments", "ADDRESS": "1505 Hobson Dr, Rantoul, IL 61866, USA", "PHONE": "(217) 893-4888", "WEBSITE": "http://abbottacresrantoul.com/" }, "geometry": { "type": "Point", "coordinates": [ -88.1311429, 40.3245948 ] } },
{ "type": "Feature", "properties": { "ZIP": "61866", "CITY": "Rantoul", "TIER": "T1 – EIEC ($500/kW MF + Full Residential)", "ACTIVITY": "Warm", "PROPERTY_TYPE": "Apartment Complex", "PROPERTY_NAME": "Rantoul Apartments", "ADDRESS": "720 Congress St, Rantoul, IL 61866, USA", "PHONE": null, "WEBSITE": null }, "geometry": { "type": "Point", "coordinates": [ -88.148552900000013, 40.3094197 ] } },
{ "type": "Feature", "properties": { "ZIP": "61866", "CITY": "Rantoul", "TIER": "T1 – EIEC ($500/kW MF + Full Residential)", "ACTIVITY": "Warm", "PROPERTY_TYPE": "Senior Living", "PROPERTY_NAME": "Twin Lakes Senior Villas", "ADDRESS": "405 Twin Lakes Dr, Rantoul, IL 61866, USA", "PHONE": "(217) 282-9729", "WEBSITE": "http://twinlakessenior.com/" }, "geometry": { "type": "Point", "coordinates": [ -88.142081, 40.314135 ] } },
{ "type": "Feature", "properties": { "ZIP": "61866", "CITY": "Rantoul", "TIER": "T1 – EIEC ($500/kW MF + Full Residential)", "ACTIVITY": "Warm", "PROPERTY_TYPE": "Apartment Complex", "PROPERTY_NAME": "West Liberty Point", "ADDRESS": "1320 McCullough St, Rantoul, IL 61866, USA", "PHONE": "(217) 377-8850", "WEBSITE": "http://nevesgroup.com/" }, "geometry": { "type": "Point", "coordinates": [ -88.1648571, 40.2894013 ] } },
{ "type": "Feature", "properties": { "ZIP": "61866", "CITY": "Rantoul", "TIER": "T1 – EIEC ($500/kW MF + Full Residential)", "ACTIVITY": "Warm", "PROPERTY_TYPE": "Apartment Complex", "PROPERTY_NAME": "RANTOUL CHICAGO", "ADDRESS": "Keystone Dr, Rantoul, IL 61866, USA", "PHONE": null, "WEBSITE": null }, "geometry": { "type": "Point", "coordinates": [ -88.1352541, 40.3092291 ] } },
{ "type": "Feature", "properties": { "ZIP": "61866", "CITY": "Rantoul", "TIER": "T1 – EIEC ($500/kW MF + Full Residential)", "ACTIVITY": "Warm", "PROPERTY_TYPE": "Mobile Home / MHC", "PROPERTY_NAME": "Rancho Rantoul Estates", "ADDRESS": "8 Mahoning Ave, Rantoul, IL 61866, USA", "PHONE": "(833) 647-7368", "WEBSITE": "http://www.augustinepropertymanagement.com/" }, "geometry": { "type": "Point", "coordinates": [ -88.1364875, 40.3200268 ] } },
{ "type": "Feature", "properties": { "ZIP": "61866", "CITY": "Rantoul", "TIER": "T1 – EIEC ($500/kW MF + Full Residential)", "ACTIVITY": "Warm", "PROPERTY_TYPE": "Mobile Home / MHC", "PROPERTY_NAME": "Maplewood Estates of Rantoul", "ADDRESS": "1300 N Maplewood Dr, Rantoul, IL 61866, USA", "PHONE": "(217) 771-4216", "WEBSITE": null }, "geometry": { "type": "Point", "coordinates": [ -88.1384554, 40.3219522 ] } },
{ "type": "Feature", "properties": { "ZIP": "61866", "CITY": "Rantoul", "TIER": "T1 – EIEC ($500/kW MF + Full Residential)", "ACTIVITY": "Warm", "PROPERTY_TYPE": "Mobile Home / MHC", "PROPERTY_NAME": "Eastside Mobile Home Village", "ADDRESS": "1938 County Rd 3000 N #52, Rantoul, IL 61866, USA", "PHONE": "(217) 892-9270", "WEBSITE": null }, "geometry": { "type": "Point", "coordinates": [ -88.0894655, 40.314199599999988 ] } },
{ "type": "Feature", "properties": { "ZIP": "61866", "CITY": "Rantoul", "TIER": "T1 – EIEC ($500/kW MF + Full Residential)", "ACTIVITY": "Warm", "PROPERTY_TYPE": "Mobile Home / MHC", "PROPERTY_NAME": "Hillcrest Mobile Home Park", "ADDRESS": "Rantoul, IL 61866, USA", "PHONE": null, "WEBSITE": null }, "geometry": { "type": "Point", "coordinates": [ -88.0430445, 40.3129836 ] } },
{ "type": "Feature", "properties": { "ZIP": "61866", "CITY": "Rantoul", "TIER": "T1 – EIEC ($500/kW MF + Full Residential)", "ACTIVITY": "Warm", "PROPERTY_TYPE": "Mobile Home / MHC", "PROPERTY_NAME": "Maplewood Mac LLC", "ADDRESS": "1265 Aspen Dr, Rantoul, IL 61866, USA", "PHONE": "(217) 892-4934", "WEBSITE": null }, "geometry": { "type": "Point", "coordinates": [ -88.137952, 40.3212895 ] } },
{ "type": "Feature", "properties": { "ZIP": "61520", "CITY": "Canton", "TIER": "T1 – EIEC ($500/kW MF + Full Residential)", "ACTIVITY": "Warm", "PROPERTY_TYPE": "Apartment Complex", "PROPERTY_NAME": "Oaklawn Apartments", "ADDRESS": "900 E Oak St, Canton, IL 61520, USA", "PHONE": "(309) 647-7456", "WEBSITE": "http://oak-lawn-apartments.keeq.io/" }, "geometry": { "type": "Point", "coordinates": [ -90.0219147, 40.5494597 ] } },
{ "type": "Feature", "properties": { "ZIP": "61520", "CITY": "Canton", "TIER": "T1 – EIEC ($500/kW MF + Full Residential)", "ACTIVITY": "Warm", "PROPERTY_TYPE": "Apartment Complex", "PROPERTY_NAME": "Village Square Apartments", "ADDRESS": "1626 E Myrtle St, Canton, IL 61520, USA", "PHONE": "(309) 647-3211", "WEBSITE": null }, "geometry": { "type": "Point", "coordinates": [ -90.0057749, 40.5647723 ] } },
{ "type": "Feature", "properties": { "ZIP": "61520", "CITY": "Canton", "TIER": "T1 – EIEC ($500/kW MF + Full Residential)", "ACTIVITY": "Warm", "PROPERTY_TYPE": "Apartment Complex", "PROPERTY_NAME": "Ashland Place Townhomes", "ADDRESS": "1750 E Ash St, Canton, IL 61520, USA", "PHONE": "(309) 647-9802", "WEBSITE": "http://www.ashlandplacecanton.com/" }, "geometry": { "type": "Point", "coordinates": [ -90.005971699999989, 40.559675299999988 ] } },
{ "type": "Feature", "properties": { "ZIP": "61520", "CITY": "Canton", "TIER": "T1 – EIEC ($500/kW MF + Full Residential)", "ACTIVITY": "Warm", "PROPERTY_TYPE": "Mobile Home / MHC", "PROPERTY_NAME": "Woodland Hills", "ADDRESS": "1100 W Locust St, Canton, IL 61520, USA", "PHONE": "(309) 647-8850", "WEBSITE": "https://woodlandhillsrvpark.com/" }, "geometry": { "type": "Point", "coordinates": [ -90.0654144, 40.5575027 ] } },
{ "type": "Feature", "properties": { "ZIP": "61944", "CITY": "Paris", "TIER": "T1 – EIEC ($500/kW MF + Full Residential)", "ACTIVITY": "Warm", "PROPERTY_TYPE": "Apartment Complex", "PROPERTY_NAME": "Maple ridge 2", "ADDRESS": "644 E Court St #41, Paris, IL 61944, USA", "PHONE": null, "WEBSITE": null }, "geometry": { "type": "Point", "coordinates": [ -87.6803846, 39.6061682 ] } },
{ "type": "Feature", "properties": { "ZIP": "61944", "CITY": "Paris", "TIER": "T1 – EIEC ($500/kW MF + Full Residential)", "ACTIVITY": "Warm", "PROPERTY_TYPE": "Mobile Home / MHC", "PROPERTY_NAME": "Cherrypoint Mobile Home Park", "ADDRESS": "Unnamed Road, Paris, IL 61944, USA", "PHONE": "(217) 463-8800", "WEBSITE": null }, "geometry": { "type": "Point", "coordinates": [ -87.7016143, 39.6189002 ] } },
{ "type": "Feature", "properties": { "ZIP": "61455", "CITY": "Macomb", "TIER": "T1 – EIEC ($500/kW MF + Full Residential)", "ACTIVITY": "Warm", "PROPERTY_TYPE": "Apartment Complex", "PROPERTY_NAME": "Lexington Concord Apartments", "ADDRESS": "902 N Charles St, Macomb, IL 61455, USA", "PHONE": "(309) 837-3377", "WEBSITE": "http://www.macombapartments.com/" }, "geometry": { "type": "Point", "coordinates": [ -90.6783856, 40.468632199999988 ] } },
{ "type": "Feature", "properties": { "ZIP": "61455", "CITY": "Macomb", "TIER": "T1 – EIEC ($500/kW MF + Full Residential)", "ACTIVITY": "Warm", "PROPERTY_TYPE": "Apartment Complex", "PROPERTY_NAME": "Creekside Park", "ADDRESS": "101 Wigwam Hollow Cir, Macomb, IL 61455, USA", "PHONE": "(309) 245-1071", "WEBSITE": "https://creeksidepark-apts.com/" }, "geometry": { "type": "Point", "coordinates": [ -90.6939191, 40.4617774 ] } },
{ "type": "Feature", "properties": { "ZIP": "61455", "CITY": "Macomb", "TIER": "T1 – EIEC ($500/kW MF + Full Residential)", "ACTIVITY": "Warm", "PROPERTY_TYPE": "Apartment Complex", "PROPERTY_NAME": "Aspen Court Apartments", "ADDRESS": "1507 W Jackson St, Macomb, IL 61455, USA", "PHONE": "(309) 833-3600", "WEBSITE": "http://www.aspencourtwiu.com/" }, "geometry": { "type": "Point", "coordinates": [ -90.6933291, 40.4578739 ] } },
{ "type": "Feature", "properties": { "ZIP": "61455", "CITY": "Macomb", "TIER": "T1 – EIEC ($500/kW MF + Full Residential)", "ACTIVITY": "Warm", "PROPERTY_TYPE": "Apartment Complex", "PROPERTY_NAME": "Macomb Rentals", "ADDRESS": "104 N Ward St, Macomb, IL 61455, USA", "PHONE": "(309) 833-2320", "WEBSITE": "http://www.macombrentals.com/" }, "geometry": { "type": "Point", "coordinates": [ -90.6855131, 40.4590953 ] } },
{ "type": "Feature", "properties": { "ZIP": "61455", "CITY": "Macomb", "TIER": "T1 – EIEC ($500/kW MF + Full Residential)", "ACTIVITY": "Warm", "PROPERTY_TYPE": "Apartment Complex", "PROPERTY_NAME": "River Run Apartments", "ADDRESS": "401 River Run Dr, Macomb, IL 61455, USA", "PHONE": "(309) 837-4811", "WEBSITE": null }, "geometry": { "type": "Point", "coordinates": [ -90.677612, 40.4786823 ] } },
{ "type": "Feature", "properties": { "ZIP": "61455", "CITY": "Macomb", "TIER": "T1 – EIEC ($500/kW MF + Full Residential)", "ACTIVITY": "Warm", "PROPERTY_TYPE": "Mobile Home / MHC", "PROPERTY_NAME": "Kiljordan Meadows Manufactured Home Community", "ADDRESS": "1601 E Jackson, Macomb, IL 61455, USA", "PHONE": "(309) 837-2883", "WEBSITE": "https://inspirecommunities.com/communities/kiljordan-meadows-manufactured-home-community/" }, "geometry": { "type": "Point", "coordinates": [ -90.6482394, 40.4583163 ] } },
{ "type": "Feature", "properties": { "ZIP": "61455", "CITY": "Macomb", "TIER": "T1 – EIEC ($500/kW MF + Full Residential)", "ACTIVITY": "Warm", "PROPERTY_TYPE": "Mobile Home / MHC", "PROPERTY_NAME": "Raintree Mobile Home Park", "ADDRESS": "48 Raintree Trailer Ct, Macomb, IL 61455, USA", "PHONE": "(309) 837-3756", "WEBSITE": null }, "geometry": { "type": "Point", "coordinates": [ -90.6867675, 40.451065 ] } },
{ "type": "Feature", "properties": { "ZIP": "61455", "CITY": "Macomb", "TIER": "T1 – EIEC ($500/kW MF + Full Residential)", "ACTIVITY": "Warm", "PROPERTY_TYPE": "Mobile Home / MHC", "PROPERTY_NAME": "Greenview Estates Mobile Park", "ADDRESS": "1400 S Johnson St # 6, Macomb, IL 61455, USA", "PHONE": "(309) 837-7902", "WEBSITE": null }, "geometry": { "type": "Point", "coordinates": [ -90.676199, 40.4398145 ] } },
{ "type": "Feature", "properties": { "ZIP": "61455", "CITY": "Macomb", "TIER": "T1 – EIEC ($500/kW MF + Full Residential)", "ACTIVITY": "Warm", "PROPERTY_TYPE": "Mobile Home / MHC", "PROPERTY_NAME": "Country Living Estates", "ADDRESS": "9825 US Hwy 136, Macomb, IL 61455, USA", "PHONE": null, "WEBSITE": "https://www.facebook.com/Country-Living-Estates-2032130816998514/" }, "geometry": { "type": "Point", "coordinates": [ -90.7183685, 40.4503402 ] } },
{ "type": "Feature", "properties": { "ZIP": "62441", "CITY": "Marshall", "TIER": "T1 – EIEC ($500/kW MF + Full Residential)", "ACTIVITY": "Warm", "PROPERTY_TYPE": "Mobile Home / MHC", "PROPERTY_NAME": "Neoga Estates Mobile Home Park", "ADDRESS": "1030 US-45, Neoga, IL 62447, USA", "PHONE": "(855) 473-8182", "WEBSITE": "https://tcmanagement.co/" }, "geometry": { "type": "Point", "coordinates": [ -88.444583, 39.327926 ] } },
{ "type": "Feature", "properties": { "ZIP": "61342", "CITY": "Mendota", "TIER": "T1 – EIEC ($500/kW MF + Full Residential)", "ACTIVITY": "Warm", "PROPERTY_TYPE": "Apartment Complex", "PROPERTY_NAME": "Westridge Apartments", "ADDRESS": "509 Plaza Dr #104, Mendota, IL 61342, USA", "PHONE": "(815) 615-8507", "WEBSITE": "http://www.tmamgroup.com/" }, "geometry": { "type": "Point", "coordinates": [ -89.1328217, 41.545849 ] } },
{ "type": "Feature", "properties": { "ZIP": "61342", "CITY": "Mendota", "TIER": "T1 – EIEC ($500/kW MF + Full Residential)", "ACTIVITY": "Warm", "PROPERTY_TYPE": "Apartment Complex", "PROPERTY_NAME": "Wentworth Commons", "ADDRESS": "205 Sandra Ave, Mendota, IL 61342, USA", "PHONE": "(815) 830-4422", "WEBSITE": "https://wentworthcommonsmendota.com/" }, "geometry": { "type": "Point", "coordinates": [ -89.1317052, 41.5419051 ] } },
{ "type": "Feature", "properties": { "ZIP": "61342", "CITY": "Mendota", "TIER": "T1 – EIEC ($500/kW MF + Full Residential)", "ACTIVITY": "Warm", "PROPERTY_TYPE": "Mobile Home / MHC", "PROPERTY_NAME": "Mendota Mobile Home Community", "ADDRESS": "100 1st Ave, Mendota, IL 61342, USA", "PHONE": "(815) 538-6647", "WEBSITE": null }, "geometry": { "type": "Point", "coordinates": [ -89.1083935, 41.5405915 ] } },
{ "type": "Feature", "properties": { "ZIP": "61342", "CITY": "Mendota", "TIER": "T1 – EIEC ($500/kW MF + Full Residential)", "ACTIVITY": "Warm", "PROPERTY_TYPE": "Mobile Home / MHC", "PROPERTY_NAME": "Mendota Estates Mobile Home Park", "ADDRESS": "FRONT OFFICE, 111 13th Ave, Mendota, IL 61342, USA", "PHONE": "(815) 214-9110", "WEBSITE": "https://knightscommunities.com/community/mendota-estates-mobile-home-park/" }, "geometry": { "type": "Point", "coordinates": [ -89.1253585, 41.5399742 ] } },
{ "type": "Feature", "properties": { "ZIP": "61342", "CITY": "Mendota", "TIER": "T1 – EIEC ($500/kW MF + Full Residential)", "ACTIVITY": "Warm", "PROPERTY_TYPE": "Mobile Home / MHC", "PROPERTY_NAME": "Cherry Estates Mobile Home Park", "ADDRESS": "100 S 1st Ave, Mendota, IL 61342, USA", "PHONE": "(815) 214-9110", "WEBSITE": "https://knightscommunities.com/community/cherry-estates-mobile-home-park/" }, "geometry": { "type": "Point", "coordinates": [ -89.1082977, 41.5389388 ] } },
{ "type": "Feature", "properties": { "ZIP": "62246", "CITY": "Greenville", "TIER": "T1 – EIEC ($500/kW MF + Full Residential)", "ACTIVITY": "Warm", "PROPERTY_TYPE": "Apartment Complex", "PROPERTY_NAME": "Storyboard on Beaumont", "ADDRESS": "649 E Beaumont Ave, Greenville, IL 62246, USA", "PHONE": "(844) 920-3586", "WEBSITE": "https://www.storyboardonbeaumont.com/" }, "geometry": { "type": "Point", "coordinates": [ -89.4050249, 38.898371 ] } },
{ "type": "Feature", "properties": { "ZIP": "62246", "CITY": "Greenville", "TIER": "T1 – EIEC ($500/kW MF + Full Residential)", "ACTIVITY": "Warm", "PROPERTY_TYPE": "Apartment Complex", "PROPERTY_NAME": "South Elm St Apartments", "ADDRESS": "1805 Hillview Rd, Greenville, IL 62246, USA", "PHONE": null, "WEBSITE": null }, "geometry": { "type": "Point", "coordinates": [ -89.405429500000011, 38.8758001 ] } },
{ "type": "Feature", "properties": { "ZIP": "62246", "CITY": "Greenville", "TIER": "T1 – EIEC ($500/kW MF + Full Residential)", "ACTIVITY": "Warm", "PROPERTY_TYPE": "Mobile Home / MHC", "PROPERTY_NAME": "Paul's Friendly City Manufactured Home", "ADDRESS": "1323 Gold St, Greenville, IL 62246, USA", "PHONE": "(618) 664-0758", "WEBSITE": null }, "geometry": { "type": "Point", "coordinates": [ -89.3943328, 38.879150300000013 ] } },
{ "type": "Feature", "properties": { "ZIP": "61603", "CITY": "Peoria", "TIER": "T1 – EIEC ($500/kW MF + Full Residential)", "ACTIVITY": "Warm", "PROPERTY_TYPE": "Apartment Complex", "PROPERTY_NAME": "Schlarman House", "ADDRESS": "707 NE Madison Ave, Peoria, IL 61603, USA", "PHONE": "(309) 674-2394", "WEBSITE": "https://www.schlarmanhouse.com/" }, "geometry": { "type": "Point", "coordinates": [ -89.5844771, 40.6990323 ] } },
{ "type": "Feature", "properties": { "ZIP": "61603", "CITY": "Peoria", "TIER": "T1 – EIEC ($500/kW MF + Full Residential)", "ACTIVITY": "Warm", "PROPERTY_TYPE": "Apartment Complex", "PROPERTY_NAME": "Woodhaven Apartments", "ADDRESS": "205 E Forrest Hill Ave, Peoria, IL 61603, USA", "PHONE": "(309) 322-7077", "WEBSITE": "https://www.mss309.com/woodhaven-apartments" }, "geometry": { "type": "Point", "coordinates": [ -89.592305, 40.7259288 ] } },
{ "type": "Feature", "properties": { "ZIP": "61602", "CITY": "Peoria", "TIER": "T1 – EIEC ($500/kW MF + Full Residential)", "ACTIVITY": "Warm", "PROPERTY_TYPE": "Apartment Complex", "PROPERTY_NAME": "River West Apartments", "ADDRESS": "312 S Merriman St, Peoria, IL 61605, USA", "PHONE": "(309) 637-7150", "WEBSITE": null }, "geometry": { "type": "Point", "coordinates": [ -89.6048507, 40.6849157 ] } },
{ "type": "Feature", "properties": { "ZIP": "61602", "CITY": "Peoria", "TIER": "T1 – EIEC ($500/kW MF + Full Residential)", "ACTIVITY": "Warm", "PROPERTY_TYPE": "Apartment Complex", "PROPERTY_NAME": "812 Lofts", "ADDRESS": "812 SW Washington St, Peoria, IL 61602, USA", "PHONE": null, "WEBSITE": "https://peoria812lofts.com/" }, "geometry": { "type": "Point", "coordinates": [ -89.5977189, 40.6845128 ] } },
{ "type": "Feature", "properties": { "ZIP": "61602", "CITY": "Peoria", "TIER": "T1 – EIEC ($500/kW MF + Full Residential)", "ACTIVITY": "Warm", "PROPERTY_TYPE": "Apartment Complex", "PROPERTY_NAME": "Southside Manor Apartments", "ADDRESS": "915 S Helen St, Peoria, IL 61605, USA", "PHONE": "(309) 676-5087", "WEBSITE": "http://www.southsidemanor.net/" }, "geometry": { "type": "Point", "coordinates": [ -89.6140805, 40.67889 ] } },
{ "type": "Feature", "properties": { "ZIP": "61602", "CITY": "Peoria", "TIER": "T1 – EIEC ($500/kW MF + Full Residential)", "ACTIVITY": "Warm", "PROPERTY_TYPE": "Apartment Complex", "PROPERTY_NAME": "Golfview Apartments", "ADDRESS": "2317 West Martin Luther King Junior Drive #107, Peoria, IL 61604, USA", "PHONE": "(308) 839-0743", "WEBSITE": null }, "geometry": { "type": "Point", "coordinates": [ -89.6304088, 40.6854258 ] } },
{ "type": "Feature", "properties": { "ZIP": "62812", "CITY": "Benton", "TIER": "T1 – EIEC ($500/kW MF + Full Residential)", "ACTIVITY": "Warm", "PROPERTY_TYPE": "Apartment Complex", "PROPERTY_NAME": "Meadowbrook Apartments", "ADDRESS": "1415 N Lincoln Dr, Benton, IL 62812, USA", "PHONE": null, "WEBSITE": "http://www.macocompanies.com/" }, "geometry": { "type": "Point", "coordinates": [ -88.9185048, 38.0120244 ] } },
{ "type": "Feature", "properties": { "ZIP": "62812", "CITY": "Benton", "TIER": "T1 – EIEC ($500/kW MF + Full Residential)", "ACTIVITY": "Warm", "PROPERTY_TYPE": "Apartment Complex", "PROPERTY_NAME": "Hunter's Trace Subdivision", "ADDRESS": "1036 Hunter Cir, Benton, IL 62812, USA", "PHONE": "(618) 435-2060", "WEBSITE": "https://sansonegroup.com/property/hunters-trace-subdivison/" }, "geometry": { "type": "Point", "coordinates": [ -88.9096885, 38.0096442 ] } },
{ "type": "Feature", "properties": { "ZIP": "62801", "CITY": "Centralia", "TIER": "T1 – EIEC ($500/kW MF + Full Residential)", "ACTIVITY": "Warm", "PROPERTY_TYPE": "Apartment Complex", "PROPERTY_NAME": "Hickory Meadows", "ADDRESS": "33 Hickory Meadows Dr, Centralia, IL 62801, USA", "PHONE": "(618) 545-1144", "WEBSITE": "https://sansonegroup.com/property/hickory-meadows/" }, "geometry": { "type": "Point", "coordinates": [ -89.1336968, 38.510849 ] } },
{ "type": "Feature", "properties": { "ZIP": "62801", "CITY": "Centralia", "TIER": "T1 – EIEC ($500/kW MF + Full Residential)", "ACTIVITY": "Warm", "PROPERTY_TYPE": "Mobile Home / MHC", "PROPERTY_NAME": "Deerwood Park", "ADDRESS": "1755 W McCord St, Centralia, IL 62801, USA", "PHONE": "(618) 206-5050", "WEBSITE": null }, "geometry": { "type": "Point", "coordinates": [ -89.1747959, 38.5324248 ] } },
{ "type": "Feature", "properties": { "ZIP": "62012", "CITY": "Brighton", "TIER": "T1 – EIEC ($500/kW MF + Full Residential)", "ACTIVITY": "Warm", "PROPERTY_TYPE": "Apartment Complex", "PROPERTY_NAME": "Brighton Meadows", "ADDRESS": "Brighton, IL 62012, USA", "PHONE": null, "WEBSITE": null }, "geometry": { "type": "Point", "coordinates": [ -90.1379851, 39.0507224 ] } },
{ "type": "Feature", "properties": { "ZIP": "62206", "CITY": "East Saint Louis", "TIER": "T1 – EIEC ($500/kW MF + Full Residential)", "ACTIVITY": "Warm", "PROPERTY_TYPE": "Apartment Complex", "PROPERTY_NAME": "Alta Sita Plaza Apartments", "ADDRESS": "3403 Converse Ave, East St Louis, IL 62207, USA", "PHONE": "(618) 271-3040", "WEBSITE": "http://rentataltasitaplaza.com/" }, "geometry": { "type": "Point", "coordinates": [ -90.1326444, 38.596135200000013 ] } },
{ "type": "Feature", "properties": { "ZIP": "62206", "CITY": "East Saint Louis", "TIER": "T1 – EIEC ($500/kW MF + Full Residential)", "ACTIVITY": "Warm", "PROPERTY_TYPE": "Apartment Complex", "PROPERTY_NAME": "Denverside Redevelopment", "ADDRESS": "1640 Boismenue Ave, East St Louis, IL 62207, USA", "PHONE": "(618) 875-0037", "WEBSITE": null }, "geometry": { "type": "Point", "coordinates": [ -90.1581354, 38.606489 ] } },
{ "type": "Feature", "properties": { "ZIP": "62206", "CITY": "East Saint Louis", "TIER": "T1 – EIEC ($500/kW MF + Full Residential)", "ACTIVITY": "Warm", "PROPERTY_TYPE": "Apartment Complex", "PROPERTY_NAME": "The New Broadview", "ADDRESS": "411 E Broadway, East St Louis, IL 62201, USA", "PHONE": "(618) 373-4030", "WEBSITE": "https://www.thenewbroadview.com/" }, "geometry": { "type": "Point", "coordinates": [ -90.1610301, 38.6246088 ] } },
{ "type": "Feature", "properties": { "ZIP": "61415", "CITY": "Avon", "TIER": "T1 – EIEC ($500/kW MF + Full Residential)", "ACTIVITY": "Warm", "PROPERTY_TYPE": "Mobile Home / MHC", "PROPERTY_NAME": "Cranks place", "ADDRESS": "Cuba, IL 61427, USA", "PHONE": null, "WEBSITE": null }, "geometry": { "type": "Point", "coordinates": [ -90.1908325, 40.4769661 ] } },
{ "type": "Feature", "properties": { "ZIP": "61530", "CITY": "Eureka", "TIER": "T1 – EIEC ($500/kW MF + Full Residential)", "ACTIVITY": "Warm", "PROPERTY_TYPE": "Apartment Complex", "PROPERTY_NAME": "Maple Lawn Apartments", "ADDRESS": "700 N Main St #174, Eureka, IL 61530, USA", "PHONE": "(309) 467-9071", "WEBSITE": null }, "geometry": { "type": "Point", "coordinates": [ -89.2758786, 40.7310312 ] } },
{ "type": "Feature", "properties": { "ZIP": "61530", "CITY": "Eureka", "TIER": "T1 – EIEC ($500/kW MF + Full Residential)", "ACTIVITY": "Warm", "PROPERTY_TYPE": "Apartment Complex", "PROPERTY_NAME": "Eureka Woodridge Apartments", "ADDRESS": "703 E Bullock St, Eureka, IL 61530, USA", "PHONE": "(309) 467-5224", "WEBSITE": "http://www.wodagroup.com/eurekawoodridge" }, "geometry": { "type": "Point", "coordinates": [ -89.2641491, 40.7242332 ] } },
{ "type": "Feature", "properties": { "ZIP": "61530", "CITY": "Eureka", "TIER": "T1 – EIEC ($500/kW MF + Full Residential)", "ACTIVITY": "Warm", "PROPERTY_TYPE": "Mobile Home / MHC", "PROPERTY_NAME": "Alpha Park", "ADDRESS": "11 Alpha Park, Eureka, IL 61530, USA", "PHONE": null, "WEBSITE": null }, "geometry": { "type": "Point", "coordinates": [ -89.2680293, 40.7119892 ] } },
{ "type": "Feature", "properties": { "ZIP": "61530", "CITY": "Eureka", "TIER": "T1 – EIEC ($500/kW MF + Full Residential)", "ACTIVITY": "Warm", "PROPERTY_TYPE": "Mobile Home / MHC", "PROPERTY_NAME": "Timberline MHP", "ADDRESS": "1 Magnolia Dr, Goodfield, IL 61742, USA", "PHONE": "(401) 592-8462", "WEBSITE": null }, "geometry": { "type": "Point", "coordinates": [ -89.2560307, 40.6447291 ] } },
{ "type": "Feature", "properties": { "ZIP": "61348", "CITY": "Oglesby", "TIER": "T1 – EIEC ($500/kW MF + Full Residential)", "ACTIVITY": "Warm", "PROPERTY_TYPE": "Apartment Complex", "PROPERTY_NAME": "Highlands Oglesby Apartments", "ADDRESS": "400-413 E Florence St, Oglesby, IL 61348, USA", "PHONE": "(815) 883-3101", "WEBSITE": "https://www.tmamgroup.com/highland-oglesby-apartments1/default.aspx?_yTrackUser=NTI1OTI0MTc0Izc3MzE1NTA0Nw%3D%3D-uDHt9kasSn0%3D&_yTrackVisit=NDE3OTUwMzgxNyMyNzg5NTU4MTg%253d-ZctjfbZLloE%253d&_yTrackReqDT=16251620231810" }, "geometry": { "type": "Point", "coordinates": [ -89.0527973, 41.2966594 ] } },
{ "type": "Feature", "properties": { "ZIP": "61348", "CITY": "Oglesby", "TIER": "T1 – EIEC ($500/kW MF + Full Residential)", "ACTIVITY": "Warm", "PROPERTY_TYPE": "Senior Living", "PROPERTY_NAME": "Oglesby Senior Apartments", "ADDRESS": "355 Cerulla Cir, Oglesby, IL 61348, USA", "PHONE": "(815) 993-9082", "WEBSITE": null }, "geometry": { "type": "Point", "coordinates": [ -89.0692835, 41.2970632 ] } },
{ "type": "Feature", "properties": { "ZIP": "62960", "CITY": "Metropolis", "TIER": "T1 – EIEC ($500/kW MF + Full Residential)", "ACTIVITY": "Warm", "PROPERTY_TYPE": "Apartment Complex", "PROPERTY_NAME": "Parkview Apartments of Metropolis", "ADDRESS": "820 Parkview, Metropolis, IL 62960, USA", "PHONE": "(618) 524-5236", "WEBSITE": "http://www.yms-rentals.com/" }, "geometry": { "type": "Point", "coordinates": [ -88.7167902, 37.1501864 ] } },
{ "type": "Feature", "properties": { "ZIP": "62960", "CITY": "Metropolis", "TIER": "T1 – EIEC ($500/kW MF + Full Residential)", "ACTIVITY": "Warm", "PROPERTY_TYPE": "Apartment Complex", "PROPERTY_NAME": "Massac Village Apartments", "ADDRESS": "60 Lois Ln, Metropolis, IL 62960, USA", "PHONE": "(618) 997-5365", "WEBSITE": "https://padsus.cfd/massac-village-apartments-pm6tce" }, "geometry": { "type": "Point", "coordinates": [ -88.725574, 37.1694926 ] } },
{ "type": "Feature", "properties": { "ZIP": "62960", "CITY": "Metropolis", "TIER": "T1 – EIEC ($500/kW MF + Full Residential)", "ACTIVITY": "Warm", "PROPERTY_TYPE": "Apartment Complex", "PROPERTY_NAME": "Spence Apartments", "ADDRESS": "1209 E 5th St apt 1e, Metropolis, IL 62960, USA", "PHONE": null, "WEBSITE": null }, "geometry": { "type": "Point", "coordinates": [ -88.7157302, 37.1451732 ] } },
{ "type": "Feature", "properties": { "ZIP": "61745", "CITY": "Heyworth", "TIER": "T1 – EIEC ($500/kW MF + Full Residential)", "ACTIVITY": "Warm", "PROPERTY_TYPE": "Apartment Complex", "PROPERTY_NAME": "Heyworth Eagle Apartments", "ADDRESS": "219 E Main St unit 5, Heyworth, IL 61745, USA", "PHONE": "(309) 825-8961", "WEBSITE": null }, "geometry": { "type": "Point", "coordinates": [ -88.9748517, 40.3140273 ] } },
{ "type": "Feature", "properties": { "ZIP": "61752", "CITY": "Le Roy", "TIER": "T1 – EIEC ($500/kW MF + Full Residential)", "ACTIVITY": "Warm", "PROPERTY_TYPE": "Mobile Home / MHC", "PROPERTY_NAME": "Knotty Pines", "ADDRESS": "707 Catherine Dr, Red Bud, IL 62278, USA", "PHONE": "(618) 433-3795", "WEBSITE": "http://knottypinesmhc.com/" }, "geometry": { "type": "Point", "coordinates": [ -90.0157089, 38.217403399999988 ] } },
{ "type": "Feature", "properties": { "ZIP": "62265", "CITY": "New Baden", "TIER": "T1 – EIEC ($500/kW MF + Full Residential)", "ACTIVITY": "Warm", "PROPERTY_TYPE": "Apartment Complex", "PROPERTY_NAME": "408C M&D Apartments", "ADDRESS": "116-426 E Poos Dr, New Baden, IL 62265, USA", "PHONE": null, "WEBSITE": null }, "geometry": { "type": "Point", "coordinates": [ -89.6987064, 38.5398485 ] } },
{ "type": "Feature", "properties": { "ZIP": "62946", "CITY": "Harrisburg", "TIER": "T1 – EIEC ($500/kW MF + Full Residential)", "ACTIVITY": "Warm", "PROPERTY_TYPE": "Apartment Complex", "PROPERTY_NAME": "Shawnee Pines", "ADDRESS": "105 E Poplar St, Harrisburg, IL 62946, USA", "PHONE": "(618) 202-5247", "WEBSITE": "https://sivr.rentals/shawnee-pines" }, "geometry": { "type": "Point", "coordinates": [ -88.5390704, 37.7382271 ] } },
{ "type": "Feature", "properties": { "ZIP": "62946", "CITY": "Harrisburg", "TIER": "T1 – EIEC ($500/kW MF + Full Residential)", "ACTIVITY": "Warm", "PROPERTY_TYPE": "Apartment Complex", "PROPERTY_NAME": "Kathryn Neal Apartments", "ADDRESS": "801 Sahara St, Harrisburg, IL 62946, USA", "PHONE": "(618) 252-6381", "WEBSITE": null }, "geometry": { "type": "Point", "coordinates": [ -88.5279699, 37.7458486 ] } },
{ "type": "Feature", "properties": { "ZIP": "62946", "CITY": "Harrisburg", "TIER": "T1 – EIEC ($500/kW MF + Full Residential)", "ACTIVITY": "Warm", "PROPERTY_TYPE": "Apartment Complex", "PROPERTY_NAME": "Bella Pedra Gardens", "ADDRESS": "2475 US-45, Harrisburg, IL 62946, USA", "PHONE": null, "WEBSITE": null }, "geometry": { "type": "Point", "coordinates": [ -88.513579600000014, 37.7674508 ] } },
{ "type": "Feature", "properties": { "ZIP": "62946", "CITY": "Harrisburg", "TIER": "T1 – EIEC ($500/kW MF + Full Residential)", "ACTIVITY": "Warm", "PROPERTY_TYPE": "Apartment Complex", "PROPERTY_NAME": "Mings Apts.", "ADDRESS": "201 Marsh St, Harrisburg, IL 62946, USA", "PHONE": "(618) 294-4870", "WEBSITE": null }, "geometry": { "type": "Point", "coordinates": [ -88.5583261, 37.7354339 ] } },
{ "type": "Feature", "properties": { "ZIP": "62946", "CITY": "Harrisburg", "TIER": "T1 – EIEC ($500/kW MF + Full Residential)", "ACTIVITY": "Warm", "PROPERTY_TYPE": "Apartment Complex", "PROPERTY_NAME": "Aaron C. Pickering Apartments", "ADDRESS": "927 W Barnett St, Harrisburg, IL 62946, USA", "PHONE": "(618) 252-6381", "WEBSITE": null }, "geometry": { "type": "Point", "coordinates": [ -88.5512071, 37.7200931 ] } },
{ "type": "Feature", "properties": { "ZIP": "62946", "CITY": "Harrisburg", "TIER": "T1 – EIEC ($500/kW MF + Full Residential)", "ACTIVITY": "Warm", "PROPERTY_TYPE": "Apartment Complex", "PROPERTY_NAME": "Timber Trails", "ADDRESS": "21B timber driver, Harrisburg, IL 62946, USA", "PHONE": null, "WEBSITE": null }, "geometry": { "type": "Point", "coordinates": [ -88.5273455, 37.7475034 ] } },
{ "type": "Feature", "properties": { "ZIP": "62231", "CITY": "Carlyle", "TIER": "T1 – EIEC ($500/kW MF + Full Residential)", "ACTIVITY": "Warm", "PROPERTY_TYPE": "Apartment Complex", "PROPERTY_NAME": "McKay Manor", "ADDRESS": "1 McKay Manor Dr, Breese, IL 62230, USA", "PHONE": "(618) 572-8051", "WEBSITE": "https://www.wodagroup.com/mckaymanor" }, "geometry": { "type": "Point", "coordinates": [ -89.5133735, 38.6241345 ] } },
{ "type": "Feature", "properties": { "ZIP": "62231", "CITY": "Carlyle", "TIER": "T1 – EIEC ($500/kW MF + Full Residential)", "ACTIVITY": "Warm", "PROPERTY_TYPE": "Senior Living", "PROPERTY_NAME": "Diamond Senior Apartments of Breese", "ADDRESS": "2 Diamond Circle, Breese, IL 62230, USA", "PHONE": null, "WEBSITE": null }, "geometry": { "type": "Point", "coordinates": [ -89.529174, 38.620621 ] } },
{ "type": "Feature", "properties": { "ZIP": "62958", "CITY": "Makanda", "TIER": "T1 – EIEC ($500/kW MF + Full Residential)", "ACTIVITY": "Warm", "PROPERTY_TYPE": "Apartment Complex", "PROPERTY_NAME": "Marissa", "ADDRESS": "9 Twickingham Ln, Makanda, IL 62958, USA", "PHONE": null, "WEBSITE": null }, "geometry": { "type": "Point", "coordinates": [ -89.2570592, 37.6647054 ] } },
{ "type": "Feature", "properties": { "ZIP": "62958", "CITY": "Makanda", "TIER": "T1 – EIEC ($500/kW MF + Full Residential)", "ACTIVITY": "Warm", "PROPERTY_TYPE": "Apartment Complex", "PROPERTY_NAME": "Parsons Properties", "ADDRESS": "906 S Giant City Rd, Carbondale, IL 62902, USA", "PHONE": "(618) 967-8449", "WEBSITE": null }, "geometry": { "type": "Point", "coordinates": [ -89.1856459, 37.7178569 ] } },
{ "type": "Feature", "properties": { "ZIP": "61241", "CITY": "Colona", "TIER": "T1 – EIEC ($500/kW MF + Full Residential)", "ACTIVITY": "Warm", "PROPERTY_TYPE": "Mobile Home / MHC", "PROPERTY_NAME": "Colona Park Mobile Home Community", "ADDRESS": "63 Kershaw Ct, Colona, IL 61241, USA", "PHONE": "(563) 279-2226", "WEBSITE": "https://sgcommunities.com/community/colona-park/" }, "geometry": { "type": "Point", "coordinates": [ -90.3644638, 41.485870299999988 ] } },
{ "type": "Feature", "properties": { "ZIP": "62056", "CITY": "Litchfield", "TIER": "T1 – EIEC ($500/kW MF + Full Residential)", "ACTIVITY": "Warm", "PROPERTY_TYPE": "Mobile Home / MHC", "PROPERTY_NAME": "Cappelatti Washburn Mobile Home Park", "ADDRESS": "600 Charles St, Gillespie, IL 62033, USA", "PHONE": "(618) 541-4666", "WEBSITE": null }, "geometry": { "type": "Point", "coordinates": [ -89.8195129, 39.1166306 ] } },
{ "type": "Feature", "properties": { "ZIP": "62056", "CITY": "Litchfield", "TIER": "T1 – EIEC ($500/kW MF + Full Residential)", "ACTIVITY": "Warm", "PROPERTY_TYPE": "Mobile Home / MHC", "PROPERTY_NAME": "Sumner Pointe Mobile Home Park", "ADDRESS": "510 Ross St, Carlinville, IL 62626, USA", "PHONE": "(217) 577-2060", "WEBSITE": "https://hometownmhp.com/sumner-pointe/" }, "geometry": { "type": "Point", "coordinates": [ -89.8766221, 39.2923857 ] } },
{ "type": "Feature", "properties": { "ZIP": "61616", "CITY": "Peoria Heights", "TIER": "T1 – EIEC ($500/kW MF + Full Residential)", "ACTIVITY": "Warm", "PROPERTY_TYPE": "Apartment Complex", "PROPERTY_NAME": "The Hillsides", "ADDRESS": "4731 N Galena Rd, Peoria Heights, IL 61616, USA", "PHONE": "(309) 678-2945", "WEBSITE": "http://309homerun.com/" }, "geometry": { "type": "Point", "coordinates": [ -89.5563967, 40.7447322 ] } },
{ "type": "Feature", "properties": { "ZIP": "61616", "CITY": "Peoria Heights", "TIER": "T1 – EIEC ($500/kW MF + Full Residential)", "ACTIVITY": "Warm", "PROPERTY_TYPE": "Apartment Complex", "PROPERTY_NAME": "Peoria North Appointments", "ADDRESS": "126 E Lake Ave, Peoria, IL 61614, USA", "PHONE": "(844) 527-2300", "WEBSITE": null }, "geometry": { "type": "Point", "coordinates": [ -89.591953, 40.7391543 ] } },
{ "type": "Feature", "properties": { "ZIP": "62275", "CITY": "Pocahontas", "TIER": "T1 – EIEC ($500/kW MF + Full Residential)", "ACTIVITY": "Warm", "PROPERTY_TYPE": "Mobile Home / MHC", "PROPERTY_NAME": "Park Estates MHC", "ADDRESS": "69 Park Estates Ct, Sparta, IL 62286, USA", "PHONE": "(618) 443-5018", "WEBSITE": "http://parkbridgehomes.com/communities/park-estates-mhc" }, "geometry": { "type": "Point", "coordinates": [ -89.7050781, 38.1110496 ] } },
{ "type": "Feature", "properties": { "ZIP": "62450", "CITY": "Olney", "TIER": "T1 – EIEC ($500/kW MF + Full Residential)", "ACTIVITY": "Warm", "PROPERTY_TYPE": "Apartment Complex", "PROPERTY_NAME": "Country Place: Olney", "ADDRESS": "1601 N Silver St, Olney, IL 62450, USA", "PHONE": "(618) 395-3149", "WEBSITE": "https://www.tmamgroup.com/country-place-apartments-olney0/default.aspx?_yTrackUser=NTI1OTI0MTc0Izc3MzE1NTA0Nw%3D%3D-uDHt9kasSn0%3D&_yTrackVisit=NDE3OTUwMzgxNyMyNzg5NTU4MTg%253d-ZctjfbZLloE%253d&_yTrackReqDT=33091620231810" }, "geometry": { "type": "Point", "coordinates": [ -88.0810387, 38.7481803 ] } },
{ "type": "Feature", "properties": { "ZIP": "62450", "CITY": "Olney", "TIER": "T1 – EIEC ($500/kW MF + Full Residential)", "ACTIVITY": "Warm", "PROPERTY_TYPE": "Apartment Complex", "PROPERTY_NAME": "Olney Park Apartments", "ADDRESS": "1002 W Parker St, Olney, IL 62450, USA", "PHONE": null, "WEBSITE": null }, "geometry": { "type": "Point", "coordinates": [ -88.0996104, 38.7384037 ] } },
{ "type": "Feature", "properties": { "ZIP": "62450", "CITY": "Olney", "TIER": "T1 – EIEC ($500/kW MF + Full Residential)", "ACTIVITY": "Warm", "PROPERTY_TYPE": "Apartment Complex", "PROPERTY_NAME": "Country View Apartments", "ADDRESS": "East Lafayette Street &, S Lincoln St, Olney, IL 62450, USA", "PHONE": null, "WEBSITE": null }, "geometry": { "type": "Point", "coordinates": [ -88.0717629, 38.7233079 ] } },
{ "type": "Feature", "properties": { "ZIP": "62450", "CITY": "Olney", "TIER": "T1 – EIEC ($500/kW MF + Full Residential)", "ACTIVITY": "Warm", "PROPERTY_TYPE": "Mobile Home / MHC", "PROPERTY_NAME": "Olney Earl", "ADDRESS": "1019 W Main St, Olney, IL 62450, USA", "PHONE": null, "WEBSITE": null }, "geometry": { "type": "Point", "coordinates": [ -88.0969208, 38.729566 ] } },
{ "type": "Feature", "properties": { "ZIP": "62450", "CITY": "Olney", "TIER": "T1 – EIEC ($500/kW MF + Full Residential)", "ACTIVITY": "Warm", "PROPERTY_TYPE": "Mobile Home / MHC", "PROPERTY_NAME": "Olney Jeff's Mobile Home Park", "ADDRESS": "1039 W Main St, Olney, IL 62450, USA", "PHONE": "(217) 952-9049", "WEBSITE": null }, "geometry": { "type": "Point", "coordinates": [ -88.0991392, 38.7297905 ] } },
{ "type": "Feature", "properties": { "ZIP": "62450", "CITY": "Olney", "TIER": "T1 – EIEC ($500/kW MF + Full Residential)", "ACTIVITY": "Warm", "PROPERTY_TYPE": "Mobile Home / MHC", "PROPERTY_NAME": "Acorn Acres MHP", "ADDRESS": "1116 S West St, Olney, IL 62450, USA", "PHONE": "(214) 316-2666", "WEBSITE": "https://lots.dcc-mh.com/" }, "geometry": { "type": "Point", "coordinates": [ -88.093166599999989, 38.7176422 ] } },
{ "type": "Feature", "properties": { "ZIP": "61883", "CITY": "Westville", "TIER": "T1 – EIEC ($500/kW MF + Full Residential)", "ACTIVITY": "Warm", "PROPERTY_TYPE": "Mobile Home / MHC", "PROPERTY_NAME": "Georgetown Mobile Home Park", "ADDRESS": "710 Mill St, Georgetown, IL 61846, USA", "PHONE": "(855) 473-8182", "WEBSITE": "https://tcmanagement.co/" }, "geometry": { "type": "Point", "coordinates": [ -87.6257047, 39.9783467 ] } },
{ "type": "Feature", "properties": { "ZIP": "61883", "CITY": "Westville", "TIER": "T1 – EIEC ($500/kW MF + Full Residential)", "ACTIVITY": "Warm", "PROPERTY_TYPE": "Mobile Home / MHC", "PROPERTY_NAME": "Mobile Manor Park", "ADDRESS": "1706 N Main St, Georgetown, IL 61846, USA", "PHONE": null, "WEBSITE": null }, "geometry": { "type": "Point", "coordinates": [ -87.6378608, 39.990373100000014 ] } },
{ "type": "Feature", "properties": { "ZIP": "61883", "CITY": "Westville", "TIER": "T1 – EIEC ($500/kW MF + Full Residential)", "ACTIVITY": "Warm", "PROPERTY_TYPE": "Mobile Home / MHC", "PROPERTY_NAME": "Lake Bluff MHP", "ADDRESS": "26 Pattie Dr, Oakwood, IL 61858, USA", "PHONE": "(217) 751-2255", "WEBSITE": null }, "geometry": { "type": "Point", "coordinates": [ -87.7766799, 40.1036491 ] } },
{ "type": "Feature", "properties": { "ZIP": "62626", "CITY": "Carlinville", "TIER": "T1 – EIEC ($500/kW MF + Full Residential)", "ACTIVITY": "Warm", "PROPERTY_TYPE": "Senior Living", "PROPERTY_NAME": "Lott's Landing Senior Apartments", "ADDRESS": "800 Randall Rd, Carlinville, IL 62626, USA", "PHONE": "(217) 854-4375", "WEBSITE": "http://www.lottslandingapartments.com/" }, "geometry": { "type": "Point", "coordinates": [ -89.893173100000013, 39.2698018 ] } },
{ "type": "Feature", "properties": { "ZIP": "62626", "CITY": "Carlinville", "TIER": "T1 – EIEC ($500/kW MF + Full Residential)", "ACTIVITY": "Warm", "PROPERTY_TYPE": "Apartment Complex", "PROPERTY_NAME": "Pine Creek Villas Hebenstreit Apts", "ADDRESS": "1130 E Main St, Carlinville, IL 62626, USA", "PHONE": "(217) 835-2222", "WEBSITE": null }, "geometry": { "type": "Point", "coordinates": [ -89.868694, 39.2801269 ] } },
{ "type": "Feature", "properties": { "ZIP": "62626", "CITY": "Carlinville", "TIER": "T1 – EIEC ($500/kW MF + Full Residential)", "ACTIVITY": "Warm", "PROPERTY_TYPE": "Mobile Home / MHC", "PROPERTY_NAME": "Vine and Roses Mobile Home Park", "ADDRESS": "0 Zachary Ct, Girard, IL 62640, USA", "PHONE": "(217) 414-9663", "WEBSITE": "http://www.vineandrosesmhpark.com/" }, "geometry": { "type": "Point", "coordinates": [ -89.7927862, 39.4452071 ] } },
{ "type": "Feature", "properties": { "ZIP": "62626", "CITY": "Carlinville", "TIER": "T1 – EIEC ($500/kW MF + Full Residential)", "ACTIVITY": "Warm", "PROPERTY_TYPE": "Mobile Home / MHC", "PROPERTY_NAME": "Summer point", "ADDRESS": "18 Ross St, Carlinville, IL 62626, USA", "PHONE": null, "WEBSITE": null }, "geometry": { "type": "Point", "coordinates": [ -89.8766221, 39.2923857 ] } },
{ "type": "Feature", "properties": { "ZIP": "61525", "CITY": "Dunlap", "TIER": "T2 – Non-EIEC ($300/kW MF only)", "ACTIVITY": "Hot", "PROPERTY_TYPE": "Apartment Complex", "PROPERTY_NAME": "Timberpoint Apartments", "ADDRESS": "Dunlap, IL 61525, USA", "PHONE": "(309) 839-5585", "WEBSITE": null }, "geometry": { "type": "Point", "coordinates": [ -89.6144731, 40.8371665 ] } },
{ "type": "Feature", "properties": { "ZIP": "62034", "CITY": "Glen Carbon", "TIER": "T2 – Non-EIEC ($300/kW MF only)", "ACTIVITY": "Hot", "PROPERTY_TYPE": "Apartment Complex", "PROPERTY_NAME": "Colin Bade & Rachel Loepker", "ADDRESS": "98 Magnolia Dr Apt.4101, Glen Carbon, IL 62034, USA", "PHONE": null, "WEBSITE": null }, "geometry": { "type": "Point", "coordinates": [ -89.9821089, 38.7746736 ] } },
{ "type": "Feature", "properties": { "ZIP": "61853", "CITY": "Mahomet", "TIER": "T2 – Non-EIEC ($300/kW MF only)", "ACTIVITY": "Hot", "PROPERTY_TYPE": "Apartment Complex", "PROPERTY_NAME": "Solace of Mahomet", "ADDRESS": "905 E Oak St, Mahomet, IL 61853, USA", "PHONE": "(217) 531-7379", "WEBSITE": "http://www.solaceofmahomet.com/" }, "geometry": { "type": "Point", "coordinates": [ -88.3940376, 40.1890799 ] } },
{ "type": "Feature", "properties": { "ZIP": "61853", "CITY": "Mahomet", "TIER": "T2 – Non-EIEC ($300/kW MF only)", "ACTIVITY": "Hot", "PROPERTY_TYPE": "Apartment Complex", "PROPERTY_NAME": "Meadowview Apartments", "ADDRESS": "2004 Middletown Dr, Mahomet, IL 61853, USA", "PHONE": "(217) 586-6773", "WEBSITE": "https://meadowview-mahomet.com/" }, "geometry": { "type": "Point", "coordinates": [ -88.3661344, 40.2053174 ] } },
{ "type": "Feature", "properties": { "ZIP": "61853", "CITY": "Mahomet", "TIER": "T2 – Non-EIEC ($300/kW MF only)", "ACTIVITY": "Hot", "PROPERTY_TYPE": "Apartment Complex", "PROPERTY_NAME": "Wood River Terrace Luxury Apartments", "ADDRESS": "803 E Franklin St, Mahomet, IL 61853, USA", "PHONE": null, "WEBSITE": null }, "geometry": { "type": "Point", "coordinates": [ -88.3972084, 40.194304 ] } },
{ "type": "Feature", "properties": { "ZIP": "61571", "CITY": "Washington", "TIER": "T2 – Non-EIEC ($300/kW MF only)", "ACTIVITY": "Hot", "PROPERTY_TYPE": "Apartment Complex", "PROPERTY_NAME": "100 Pheasant Run, Washington IL", "ADDRESS": "100 Pheasant Run, Washington, IL 61571, USA", "PHONE": null, "WEBSITE": null }, "geometry": { "type": "Point", "coordinates": [ -89.5035623, 40.7036325 ] } },
{ "type": "Feature", "properties": { "ZIP": "62629", "CITY": "Chatham", "TIER": "T2 – Non-EIEC ($300/kW MF only)", "ACTIVITY": "Hot", "PROPERTY_TYPE": "Apartment Complex", "PROPERTY_NAME": "Cardinal Ridge Apartments", "ADDRESS": "1819 Ridge Rd, Chatham, IL 62629, USA", "PHONE": "(217) 483-1004", "WEBSITE": "https://cardinalridgeapartments.com/" }, "geometry": { "type": "Point", "coordinates": [ -89.722557, 39.6965718 ] } },
{ "type": "Feature", "properties": { "ZIP": "62629", "CITY": "Chatham", "TIER": "T2 – Non-EIEC ($300/kW MF only)", "ACTIVITY": "Hot", "PROPERTY_TYPE": "Apartment Complex", "PROPERTY_NAME": "Chatham Crossing 2", "ADDRESS": "799 Titan Ct, Chatham, IL 62629, USA", "PHONE": "(217) 483-7811", "WEBSITE": null }, "geometry": { "type": "Point", "coordinates": [ -89.6958507, 39.6875165 ] } },
{ "type": "Feature", "properties": { "ZIP": "62629", "CITY": "Chatham", "TIER": "T2 – Non-EIEC ($300/kW MF only)", "ACTIVITY": "Hot", "PROPERTY_TYPE": "Apartment Complex", "PROPERTY_NAME": "Praire", "ADDRESS": "217 4 Meadow Dr, Chatham, IL 62629, USA", "PHONE": null, "WEBSITE": null }, "geometry": { "type": "Point", "coordinates": [ -89.7093484, 39.6949723 ] } },
{ "type": "Feature", "properties": { "ZIP": "62629", "CITY": "Chatham", "TIER": "T2 – Non-EIEC ($300/kW MF only)", "ACTIVITY": "Hot", "PROPERTY_TYPE": "Mobile Home / MHC", "PROPERTY_NAME": "Chatham Villa Mobile Home Park", "ADDRESS": "503 S Main St, Chatham, IL 62629, USA", "PHONE": "(217) 483-4555", "WEBSITE": null }, "geometry": { "type": "Point", "coordinates": [ -89.7053146, 39.6683387 ] } },
{ "type": "Feature", "properties": { "ZIP": "62629", "CITY": "Chatham", "TIER": "T2 – Non-EIEC ($300/kW MF only)", "ACTIVITY": "Hot", "PROPERTY_TYPE": "Mobile Home / MHC", "PROPERTY_NAME": "Chatham Southgate Mobile Home", "ADDRESS": "601 S Main St, Chatham, IL 62629, USA", "PHONE": "(217) 483-3257", "WEBSITE": null }, "geometry": { "type": "Point", "coordinates": [ -89.7058412, 39.6670618 ] } },
{ "type": "Feature", "properties": { "ZIP": "62629", "CITY": "Chatham", "TIER": "T2 – Non-EIEC ($300/kW MF only)", "ACTIVITY": "Hot", "PROPERTY_TYPE": "Mobile Home / MHC", "PROPERTY_NAME": "Blue Spruce Mobile Home Park", "ADDRESS": "414 E Locust St, Chatham, IL 62629, USA", "PHONE": "(217) 629-9469", "WEBSITE": null }, "geometry": { "type": "Point", "coordinates": [ -89.700670699999989, 39.672593 ] } },
{ "type": "Feature", "properties": { "ZIP": "61548", "CITY": "Metamora", "TIER": "T2 – Non-EIEC ($300/kW MF only)", "ACTIVITY": "Hot", "PROPERTY_TYPE": "Apartment Complex", "PROPERTY_NAME": "Meta ponds", "ADDRESS": "1260 Johanna Dr, Metamora, IL 61548, USA", "PHONE": null, "WEBSITE": null }, "geometry": { "type": "Point", "coordinates": [ -89.3808314, 40.800415699999988 ] } },
{ "type": "Feature", "properties": { "ZIP": "62563", "CITY": "Rochester", "TIER": "T2 – Non-EIEC ($300/kW MF only)", "ACTIVITY": "Warm", "PROPERTY_TYPE": "Apartment Complex", "PROPERTY_NAME": "Residences at Cardinal Hill", "ADDRESS": "Rochester, IL 62563, USA", "PHONE": null, "WEBSITE": null }, "geometry": { "type": "Point", "coordinates": [ -89.5226982, 39.7467895 ] } },
{ "type": "Feature", "properties": { "ZIP": "62563", "CITY": "Rochester", "TIER": "T2 – Non-EIEC ($300/kW MF only)", "ACTIVITY": "Warm", "PROPERTY_TYPE": "Mobile Home / MHC", "PROPERTY_NAME": "Lucky Horseshoe", "ADDRESS": "129 Lucky Horseshoe Ct, Riverton, IL 62561, USA", "PHONE": "(201) 951-7359", "WEBSITE": null }, "geometry": { "type": "Point", "coordinates": [ -89.545417, 39.86083 ] } },
{ "type": "Feature", "properties": { "ZIP": "62281", "CITY": "Saint Jacob", "TIER": "T2 – Non-EIEC ($300/kW MF only)", "ACTIVITY": "Warm", "PROPERTY_TYPE": "Apartment Complex", "PROPERTY_NAME": "Storyboard on Northtowne", "ADDRESS": "104 Northtowne St, Lebanon, IL 62254, USA", "PHONE": "(855) 968-4553", "WEBSITE": "https://www.storyboardonnorthtowne.com/" }, "geometry": { "type": "Point", "coordinates": [ -89.8065008, 38.6127465 ] } },
{ "type": "Feature", "properties": { "ZIP": "62254", "CITY": "Lebanon", "TIER": "T2 – Non-EIEC ($300/kW MF only)", "ACTIVITY": "Warm", "PROPERTY_TYPE": "Apartment Complex", "PROPERTY_NAME": "Aberdeen Village", "ADDRESS": "332 Coral Sea Way A, O'Fallon, IL 62269, USA", "PHONE": null, "WEBSITE": null }, "geometry": { "type": "Point", "coordinates": [ -89.8720919, 38.5864342 ] } },
{ "type": "Feature", "properties": { "ZIP": "62535", "CITY": "Forsyth", "TIER": "T2 – Non-EIEC ($300/kW MF only)", "ACTIVITY": "Warm", "PROPERTY_TYPE": "Apartment Complex", "PROPERTY_NAME": "Country Place: Maroa", "ADDRESS": "202 S Maple St, Maroa, IL 61756, USA", "PHONE": "(217) 794-5326", "WEBSITE": "https://www.tmamgroup.com/country-place-apartments-maroa0/default.aspx?_yTrackUser=NTI1OTI0MTc0Izc3MzE1NTA0Nw%3D%3D-uDHt9kasSn0%3D&_yTrackVisit=NDE3OTUwMzgxNyMyNzg5NTU4MTg%253d-ZctjfbZLloE%253d&_yTrackReqDT=55081620231810" }, "geometry": { "type": "Point", "coordinates": [ -88.9570758, 40.034064699999988 ] } },
{ "type": "Feature", "properties": { "ZIP": "62535", "CITY": "Forsyth", "TIER": "T2 – Non-EIEC ($300/kW MF only)", "ACTIVITY": "Warm", "PROPERTY_TYPE": "Mobile Home / MHC", "PROPERTY_NAME": "Maroa Manufactured Housing Community", "ADDRESS": "602 N Wood St, Maroa, IL 61756, USA", "PHONE": "(217) 498-8500", "WEBSITE": "http://www.maroamhc.com/" }, "geometry": { "type": "Point", "coordinates": [ -88.9544222, 40.0423289 ] } },
{ "type": "Feature", "properties": { "ZIP": "62684", "CITY": "Sherman", "TIER": "T2 – Non-EIEC ($300/kW MF only)", "ACTIVITY": "Warm", "PROPERTY_TYPE": "Apartment Complex", "PROPERTY_NAME": "Water Tower Place Apts.", "ADDRESS": "1014 N 5th St, Riverton, IL 62561, USA", "PHONE": "(217) 528-9671", "WEBSITE": null }, "geometry": { "type": "Point", "coordinates": [ -89.5415538, 39.8545531 ] } },
{ "type": "Feature", "properties": { "ZIP": "62684", "CITY": "Sherman", "TIER": "T2 – Non-EIEC ($300/kW MF only)", "ACTIVITY": "Warm", "PROPERTY_TYPE": "Apartment Complex", "PROPERTY_NAME": "Odd Fellow Heritage Apartments", "ADDRESS": "180 N Elkhart St, Williamsville, IL 62693, USA", "PHONE": null, "WEBSITE": null }, "geometry": { "type": "Point", "coordinates": [ -89.5462595, 39.955400399999988 ] } },
{ "type": "Feature", "properties": { "ZIP": "61738", "CITY": "El Paso", "TIER": "T2 – Non-EIEC ($300/kW MF only)", "ACTIVITY": "Warm", "PROPERTY_TYPE": "Apartment Complex", "PROPERTY_NAME": "Oak Point Apartments", "ADDRESS": "1430 Trumbull Ave, Normal, IL 61761, USA", "PHONE": "(309) 452-7800", "WEBSITE": "https://www.oakpointnormal.com/" }, "geometry": { "type": "Point", "coordinates": [ -89.0182693, 40.5297403 ] } },
{ "type": "Feature", "properties": { "ZIP": "61738", "CITY": "El Paso", "TIER": "T2 – Non-EIEC ($300/kW MF only)", "ACTIVITY": "Warm", "PROPERTY_TYPE": "Apartment Complex", "PROPERTY_NAME": "Harvest View Apartments", "ADDRESS": "1780 Putnam Ave, Normal, IL 61761, USA", "PHONE": "(309) 454-2338", "WEBSITE": "https://www.harvestviewapartments.com/" }, "geometry": { "type": "Point", "coordinates": [ -89.0205665, 40.5291169 ] } },
{ "type": "Feature", "properties": { "ZIP": "61738", "CITY": "El Paso", "TIER": "T2 – Non-EIEC ($300/kW MF only)", "ACTIVITY": "Warm", "PROPERTY_TYPE": "Apartment Complex", "PROPERTY_NAME": "The Lodge On Willow", "ADDRESS": "214 W Willow St, Normal, IL 61761, USA", "PHONE": "(309) 454-2338", "WEBSITE": "http://thelodgeonwillow.com/" }, "geometry": { "type": "Point", "coordinates": [ -88.9892233, 40.5140822 ] } },
{ "type": "Feature", "properties": { "ZIP": "61738", "CITY": "El Paso", "TIER": "T2 – Non-EIEC ($300/kW MF only)", "ACTIVITY": "Warm", "PROPERTY_TYPE": "Apartment Complex", "PROPERTY_NAME": "Orlando Northbrook Estates", "ADDRESS": "710 Orlando Ave, Normal, IL 61761, USA", "PHONE": "(309) 454-4144", "WEBSITE": null }, "geometry": { "type": "Point", "coordinates": [ -89.0013929, 40.5271134 ] } },
{ "type": "Feature", "properties": { "ZIP": "61738", "CITY": "El Paso", "TIER": "T2 – Non-EIEC ($300/kW MF only)", "ACTIVITY": "Warm", "PROPERTY_TYPE": "Apartment Complex", "PROPERTY_NAME": "Woodridge Apartments", "ADDRESS": "Woodridge Apartments, 700 N Adelaide St, Normal, IL 61761, USA", "PHONE": null, "WEBSITE": null }, "geometry": { "type": "Point", "coordinates": [ -88.9991087, 40.5201597 ] } },
{ "type": "Feature", "properties": { "ZIP": "61738", "CITY": "El Paso", "TIER": "T2 – Non-EIEC ($300/kW MF only)", "ACTIVITY": "Warm", "PROPERTY_TYPE": "Mobile Home / MHC", "PROPERTY_NAME": "Hilltop Mobile Home Park", "ADDRESS": "1 Hilltop Trailer Court, Lexington, IL 61753, USA", "PHONE": "(309) 665-2691", "WEBSITE": null }, "geometry": { "type": "Point", "coordinates": [ -88.7950515, 40.6441688 ] } },
{ "type": "Feature", "properties": { "ZIP": "61748", "CITY": "Hudson", "TIER": "T2 – Non-EIEC ($300/kW MF only)", "ACTIVITY": "Warm", "PROPERTY_TYPE": "Apartment Complex", "PROPERTY_NAME": "Parkview Apartments", "ADDRESS": "101 Northfield Dr Unit J1, Normal, IL 61761, USA", "PHONE": "(309) 452-8521", "WEBSITE": "http://www.yarealty.com/" }, "geometry": { "type": "Point", "coordinates": [ -88.9899185, 40.5350356 ] } },
{ "type": "Feature", "properties": { "ZIP": "61748", "CITY": "Hudson", "TIER": "T2 – Non-EIEC ($300/kW MF only)", "ACTIVITY": "Warm", "PROPERTY_TYPE": "Apartment Complex", "PROPERTY_NAME": "College Park Court Apartments", "ADDRESS": "108 College Park Ct #101, Normal, IL 61761, USA", "PHONE": "(309) 452-8521", "WEBSITE": "http://www.yarealty.com/" }, "geometry": { "type": "Point", "coordinates": [ -89.009171099999989, 40.5113458 ] } },
{ "type": "Feature", "properties": { "ZIP": "61755", "CITY": "Mackinaw", "TIER": "T2 – Non-EIEC ($300/kW MF only)", "ACTIVITY": "Warm", "PROPERTY_TYPE": "Apartment Complex", "PROPERTY_NAME": "Hopedale Commons East Independent Living", "ADDRESS": "211 SW Railroad St, Hopedale, IL 61747, USA", "PHONE": "(309) 449-6790", "WEBSITE": "http://www.hopedaleseniorliving.com/" }, "geometry": { "type": "Point", "coordinates": [ -89.4139132, 40.4192742 ] } },
{ "type": "Feature", "properties": { "ZIP": "61341", "CITY": "Marseilles", "TIER": "T2 – Non-EIEC ($300/kW MF only)", "ACTIVITY": "Warm", "PROPERTY_TYPE": "Apartment Complex", "PROPERTY_NAME": "Seneca Mobile Home Park", "ADDRESS": "414 E Jackson St, Seneca, IL 61360, USA", "PHONE": "(815) 416-9151", "WEBSITE": null }, "geometry": { "type": "Point", "coordinates": [ -88.5999748, 41.3245159 ] } },
{ "type": "Feature", "properties": { "ZIP": "61736", "CITY": "Downs", "TIER": "T2 – Non-EIEC ($300/kW MF only)", "ACTIVITY": "Warm", "PROPERTY_TYPE": "Apartment Complex", "PROPERTY_NAME": "Heritage", "ADDRESS": "Towanda-Barnes Rd, Normal, IL 61761, USA", "PHONE": null, "WEBSITE": null }, "geometry": { "type": "Point", "coordinates": [ -88.9030706, 40.5386786 ] } },
{ "type": "Feature", "properties": { "ZIP": "61953", "CITY": "Tuscola", "TIER": "T2 – Non-EIEC ($300/kW MF only)", "ACTIVITY": "Warm", "PROPERTY_TYPE": "Apartment Complex", "PROPERTY_NAME": "Parkstone Villas", "ADDRESS": "600 E Ficklin St, Tuscola, IL 61953, USA", "PHONE": "(217) 649-0957", "WEBSITE": "http://parkstonevillastuscola.com/" }, "geometry": { "type": "Point", "coordinates": [ -88.2797193, 39.7928092 ] } }
]
}
