{
"type": "FeatureCollection",
"name": "r3",
"crs": { "type": "name", "properties": { "name": "urn:ogc:def:crs:OGC:1.3:CRS84" } },
"features": [
{ "type": "Feature", "properties": { "GEOID": "17091011700" }, "geometry": { "type": "Polygon", "coordinates": [ [ [ -87.887679351545799, 41.135938940202514 ], [ -87.86286545650394, 41.135524974470712 ], [ -87.865686490948221, 41.120506911458399 ], [ -87.877232443863605, 41.121382898550905 ], [ -87.882290393864935, 41.130215925741652 ], [ -87.887679351545799, 41.135938940202514 ] ] ] } },
{ "type": "Feature", "properties": { "GEOID": "17161024400" }, "geometry": { "type": "Polygon", "coordinates": [ [ [ -90.618534213132008, 41.485031221719602 ], [ -90.608603202740568, 41.49228222642094 ], [ -90.603857205355197, 41.48497019429815 ], [ -90.597850204713652, 41.479845165457391 ], [ -90.581727194604909, 41.479541132337168 ], [ -90.582619198055241, 41.465925082027418 ], [ -90.577325193363464, 41.465541068211721 ], [ -90.575633192060948, 41.462732053039659 ], [ -90.581568198370263, 41.459382054389259 ], [ -90.585633201931586, 41.461532072548728 ], [ -90.594165206041367, 41.47136112810238 ], [ -90.599143209282886, 41.47269114355116 ], [ -90.618534213132008, 41.485031221719602 ] ] ] } },
{ "type": "Feature", "properties": { "GEOID": "17089853602" }, "geometry": { "type": "Polygon", "coordinates": [ [ [ -88.301897283324578, 41.750400357562725 ], [ -88.301264281327732, 41.755266356753488 ], [ -88.294285276551349, 41.753258363156384 ], [ -88.28149226548328, 41.756317372315756 ], [ -88.281427267485086, 41.750943375093044 ], [ -88.289039273042505, 41.751705368199389 ], [ -88.288228272788857, 41.750672369335895 ], [ -88.291133274906969, 41.750969366700552 ], [ -88.291134273144081, 41.74898036703555 ], [ -88.301897283324578, 41.750400357562725 ] ] ] } },
{ "type": "Feature", "properties": { "GEOID": "17091011500" }, "geometry": { "type": "Polygon", "coordinates": [ [ [ -87.848932565682361, 41.116545919460208 ], [ -87.849853516452228, 41.133427984982475 ], [ -87.83630457269642, 41.133262003848053 ], [ -87.835261636640666, 41.108163905238463 ], [ -87.845300580044679, 41.116237923342538 ], [ -87.848932565682361, 41.116545919460208 ] ] ] } },
{ "type": "Feature", "properties": { "GEOID": "17161022300" }, "geometry": { "type": "Polygon", "coordinates": [ [ [ -90.53935218585876, 41.509584122957939 ], [ -90.53732218848171, 41.514827105904551 ], [ -90.531785184406914, 41.510459108527051 ], [ -90.521147180502851, 41.508532096879755 ], [ -90.503630181392325, 41.518232039920612 ], [ -90.489484179341773, 41.518276023832691 ], [ -90.489382173825646, 41.511217044974316 ], [ -90.497876175401416, 41.510264056051795 ], [ -90.500085174856608, 41.508200064543075 ], [ -90.5049301760953, 41.508172072280679 ], [ -90.517765176726201, 41.503509105861134 ], [ -90.53729918240218, 41.504724132490125 ], [ -90.53728618532638, 41.509594119635864 ], [ -90.53935218585876, 41.509584122957939 ] ] ] } },
{ "type": "Feature", "properties": { "GEOID": "17143005100" }, "geometry": { "type": "Polygon", "coordinates": [ [ [ -89.64239558685972, 40.652232276830873 ], [ -89.642344594225847, 40.66690229207898 ], [ -89.623234600808388, 40.667051224706526 ], [ -89.623033602879431, 40.681353238241236 ], [ -89.608673603944283, 40.681332186886593 ], [ -89.606370603867347, 40.682787180033372 ], [ -89.600439605614753, 40.677568153947476 ], [ -89.613755604101499, 40.665078189298029 ], [ -89.616408603027523, 40.66066719434852 ], [ -89.616174603093512, 40.657254190193846 ], [ -89.610972606233545, 40.652319167213882 ], [ -89.64239558685972, 40.652232276830873 ] ] ] } },
{ "type": "Feature", "properties": { "GEOID": "17115000502" }, "geometry": { "type": "Polygon", "coordinates": [ [ [ -88.975010250814535, 39.838201757411341 ], [ -88.96757119851965, 39.84559274123832 ], [ -88.957430184542702, 39.846871711266118 ], [ -88.957258227813966, 39.840309703756908 ], [ -88.963578231623885, 39.840230723470214 ], [ -88.963522245590127, 39.83810372113922 ], [ -88.975010250814535, 39.838201757411341 ] ] ] } },
{ "type": "Feature", "properties": { "GEOID": "17115000501" }, "geometry": { "type": "Polygon", "coordinates": [ [ [ -88.963578231623885, 39.840230723470214 ], [ -88.955781232602021, 39.839469698227774 ], [ -88.955186279541735, 39.832330688648497 ], [ -88.957935307419703, 39.828311693180794 ], [ -88.962824289274593, 39.831413712123521 ], [ -88.961558244561246, 39.838107714957651 ], [ -88.963522245590127, 39.83810372113922 ], [ -88.963578231623885, 39.840230723470214 ] ] ] } },
{ "type": "Feature", "properties": { "GEOID": "17089853500" }, "geometry": { "type": "Polygon", "coordinates": [ [ [ -88.291162273873454, 41.754010365473135 ], [ -88.291329269213918, 41.767829359897426 ], [ -88.282332261276622, 41.769164365260828 ], [ -88.28149226548328, 41.756317372315756 ], [ -88.291162273873454, 41.754010365473135 ] ] ] } },
{ "type": "Feature", "properties": { "GEOID": "17089854200" }, "geometry": { "type": "Polygon", "coordinates": [ [ [ -88.323010285170227, 41.742312337581318 ], [ -88.312659290629583, 41.753780347698886 ], [ -88.310230289078618, 41.752585349928523 ], [ -88.3129442679259, 41.737594346029439 ], [ -88.320837275600638, 41.7381623387353 ], [ -88.323010285170227, 41.742312337581318 ] ] ] } },
{ "type": "Feature", "properties": { "GEOID": "17143002701" }, "geometry": { "type": "Polygon", "coordinates": [ [ [ -89.649519626711395, 40.722051376559648 ], [ -89.641271622759277, 40.725582349811283 ], [ -89.624390610042823, 40.725292287027578 ], [ -89.621417607310264, 40.720583271355622 ], [ -89.620753605877354, 40.710365258796756 ], [ -89.640811615489156, 40.71089233272594 ], [ -89.641746619442173, 40.71806734368031 ], [ -89.646589622463125, 40.718179361623655 ], [ -89.649519626711395, 40.722051376559648 ] ] ] } },
{ "type": "Feature", "properties": { "GEOID": "17163504501" }, "geometry": { "type": "Polygon", "coordinates": [ [ [ -90.166461253893559, 38.615804519166481 ], [ -90.162446273316661, 38.618739522922688 ], [ -90.146188278435972, 38.604407492516223 ], [ -90.147027274333183, 38.603778491704112 ], [ -90.142655272809179, 38.598911482132984 ], [ -90.128359282093328, 38.588120460386655 ], [ -90.136541243088132, 38.582327452758548 ], [ -90.137044232814503, 38.579174447616069 ], [ -90.156567226457398, 38.596172481380783 ], [ -90.160980220175773, 38.598306486370653 ], [ -90.159998224922361, 38.599026487354905 ], [ -90.164620228916846, 38.605044499388718 ], [ -90.166461253893559, 38.615804519166481 ] ] ] } },
{ "type": "Feature", "properties": { "GEOID": "17091011600" }, "geometry": { "type": "Polygon", "coordinates": [ [ [ -87.864961481523153, 41.124492928131495 ], [ -87.86286545650394, 41.135524974470712 ], [ -87.850271510216103, 41.135085990940695 ], [ -87.84971055640591, 41.118897927676429 ], [ -87.858315521483988, 41.119699918699965 ], [ -87.857573513111561, 41.123573935016942 ], [ -87.864961481523153, 41.124492928131495 ] ] ] } },
{ "type": "Feature", "properties": { "GEOID": "17031836900" }, "geometry": { "type": "Polygon", "coordinates": [ [ [ -87.711057800001967, 41.882741720069134 ], [ -87.701250808807757, 41.882845710438083 ], [ -87.701204819875286, 41.881024709097758 ], [ -87.711002810925905, 41.880915718569682 ], [ -87.711057800001967, 41.882741720069134 ] ] ] } },
{ "type": "Feature", "properties": { "GEOID": "17031838800" }, "geometry": { "type": "Polygon", "coordinates": [ [ [ -87.601952399053843, 41.684143046144477 ], [ -87.594848312839346, 41.698760966495719 ], [ -87.587298268988391, 41.707748918953492 ], [ -87.559660395079334, 41.708166959974591 ], [ -87.559601453899788, 41.702776002612922 ], [ -87.543821533123108, 41.702762030830044 ], [ -87.545195548175215, 41.700884044167005 ], [ -87.545126864712458, 41.673825271787273 ], [ -87.54643392345119, 41.66801631667991 ], [ -87.546331002279572, 41.66129237323311 ], [ -87.544593040615496, 41.659114397248075 ], [ -87.552447927841996, 41.663894332106317 ], [ -87.556406827986891, 41.670346267922682 ], [ -87.55925582342411, 41.668969270443107 ], [ -87.559284929615529, 41.659188347656503 ], [ -87.589276693800755, 41.660387239498917 ], [ -87.601022488013925, 41.674338111332808 ], [ -87.601952399053843, 41.684143046144477 ] ] ] } },
{ "type": "Feature", "properties": { "GEOID": "17031809200" }, "geometry": { "type": "Polygon", "coordinates": [ [ [ -87.709600671289451, 42.048201923376276 ], [ -87.708851633382324, 42.052427932232192 ], [ -87.694382570641466, 42.059069928019476 ], [ -87.688729630389702, 42.052227902776337 ], [ -87.693543632006097, 42.052174909577666 ], [ -87.693607664048926, 42.048587900677617 ], [ -87.709600671289451, 42.048201923376276 ] ] ] } },
{ "type": "Feature", "properties": { "GEOID": "17051950600" }, "geometry": { "type": "Polygon", "coordinates": [ [ [ -89.098655773223726, 38.986794346263004 ], [ -89.096845780493155, 38.987987349113126 ], [ -89.096768800813521, 38.99158534668112 ], [ -89.08464680260407, 38.99120937207207 ], [ -89.08443782413778, 38.994969370038326 ], [ -89.079768825070204, 38.994852379878672 ], [ -89.079676844670757, 38.998264377916634 ], [ -89.084327844633492, 38.998552367919743 ], [ -89.084002878347334, 39.005102378825846 ], [ -89.08808293108801, 39.015854394483391 ], [ -89.086851938039871, 39.017205399851143 ], [ -89.085589927948007, 39.015146397716045 ], [ -89.083619929435642, 39.015380402031958 ], [ -89.083638944445411, 39.018407408598684 ], [ -89.088958943650795, 39.0183783984698 ], [ -89.088933937404974, 39.017136395726922 ], [ -89.098212938893511, 39.017675379301501 ], [ -89.097662003586322, 39.030224409885321 ], [ -89.094825041796, 39.037721432224814 ], [ -89.088240089881609, 39.047479464958073 ], [ -89.087852372490588, 39.103834591407256 ], [ -89.083881366706379, 39.103496594015006 ], [ -89.081652348527896, 39.100276588956653 ], [ -89.045981309630733, 39.099439619133975 ], [ -89.045026632168131, 39.1723407444561 ], [ -89.049548641639859, 39.172474744686092 ], [ -89.04957465781402, 39.176058751005307 ], [ -89.047201653522848, 39.176166751087521 ], [ -89.047027715746836, 39.190183775355621 ], [ -89.045614715190226, 39.190758776033832 ], [ -89.045504728775427, 39.193870781340571 ], [ -89.040261719850619, 39.194530781049856 ], [ -89.039372740711272, 39.199775789399595 ], [ -89.035492749599641, 39.203939794719574 ], [ -89.035190799079757, 39.215603813108224 ], [ -88.898884487062915, 39.216484848378791 ], [ -88.89888040054548, 39.18766082397903 ], [ -88.894238390198879, 39.187297826512598 ], [ -88.894215347694214, 39.172968814599507 ], [ -88.889798339037199, 39.172843817393002 ], [ -88.889835335751883, 39.171697816430111 ], [ -88.896484336702045, 39.167853808818968 ], [ -88.896697321110764, 39.162496804176477 ], [ -88.900631325492782, 39.161612800718778 ], [ -88.902111317536665, 39.158112796699832 ], [ -88.899110308411849, 39.15682879771515 ], [ -88.899084298201544, 39.153443794865701 ], [ -88.905078306820812, 39.152894790104504 ], [ -88.907581305701143, 39.15113478677393 ], [ -88.903699278439689, 39.144337783723145 ], [ -88.917640300939027, 39.144208773251464 ], [ -88.917836209832075, 39.115240746910281 ], [ -88.921770214282745, 39.114902743329992 ], [ -88.917903186064393, 39.107681740017497 ], [ -88.917995164871712, 39.100930733830751 ], [ -88.915705160735016, 39.100552735494979 ], [ -88.912265132647917, 39.092944731757882 ], [ -88.90960612184962, 39.090501732000995 ], [ -88.915458114203631, 39.085819722495103 ], [ -88.918345100582641, 39.080445714968363 ], [ -88.919412807485003, 38.993771643920908 ], [ -88.97674872327093, 38.975847580266866 ], [ -88.988729717032498, 38.973859565618469 ], [ -89.085438719218587, 38.976634380068667 ], [ -89.084526750134899, 38.982011378359566 ], [ -89.097765746471907, 38.982000351563059 ], [ -89.098655773223726, 38.986794346263004 ] ] ] } },
{ "type": "Feature", "properties": { "GEOID": "17037001003" }, "geometry": { "type": "Polygon", "coordinates": [ [ [ -88.773112130209114, 41.939513712656698 ], [ -88.773104137710021, 41.952404753419529 ], [ -88.765717124260576, 41.952385753466025 ], [ -88.765764119374012, 41.944162727666367 ], [ -88.768202123864086, 41.944155727541812 ], [ -88.768211121112742, 41.93952271296768 ], [ -88.773112130209114, 41.939513712656698 ] ] ] } },
{ "type": "Feature", "properties": { "GEOID": "17183011200" }, "geometry": { "type": "Polygon", "coordinates": [ [ [ -87.602018494569577, 40.114427201295342 ], [ -87.602288400458733, 40.136687220888319 ], [ -87.531528083303172, 40.142772332017245 ], [ -87.531694185998973, 40.117817310622328 ], [ -87.546598256495628, 40.115837286398474 ], [ -87.602018494569577, 40.114427201295342 ] ] ] } },
{ "type": "Feature", "properties": { "GEOID": "17183000300" }, "geometry": { "type": "Polygon", "coordinates": [ [ [ -87.611312532141767, 40.114747187516016 ], [ -87.61176844207057, 40.136117206174582 ], [ -87.602288400458733, 40.136687220888319 ], [ -87.602018494569577, 40.114427201295342 ], [ -87.611312532141767, 40.114747187516016 ] ] ] } },
{ "type": "Feature", "properties": { "GEOID": "17183000600" }, "geometry": { "type": "Polygon", "coordinates": [ [ [ -87.64095852096132, 40.145637171267232 ], [ -87.631578481963473, 40.145747185355468 ], [ -87.620412434738014, 40.146065202294778 ], [ -87.622616472266259, 40.139493193006899 ], [ -87.627348508796842, 40.135577182339865 ], [ -87.640898585013034, 40.130967157764651 ], [ -87.64095852096132, 40.145637171267232 ] ] ] } },
{ "type": "Feature", "properties": { "GEOID": "17031460800" }, "geometry": { "type": "Polygon", "coordinates": [ [ [ -87.565519062056225, 41.737198727671128 ], [ -87.543073127079325, 41.737483737705894 ], [ -87.542981170466689, 41.733832768729904 ], [ -87.560184121290277, 41.733228761878614 ], [ -87.565519062056225, 41.737198727671128 ] ] ] } },
{ "type": "Feature", "properties": { "GEOID": "17183000500" }, "geometry": { "type": "Polygon", "coordinates": [ [ [ -87.630338427840968, 40.157007197550875 ], [ -87.624628399969239, 40.15806720698798 ], [ -87.619418383654107, 40.156933213676972 ], [ -87.612759276993742, 40.175396240282062 ], [ -87.582495151402185, 40.176283285542326 ], [ -87.583948220160238, 40.161407270238769 ], [ -87.614948438347639, 40.140027204959956 ], [ -87.613598443384106, 40.137567204747924 ], [ -87.610218435106674, 40.136247208614122 ], [ -87.627348508796842, 40.135577182339865 ], [ -87.622616472266259, 40.139493193006899 ], [ -87.620412434738014, 40.146065202294778 ], [ -87.630218476248487, 40.1457771874109 ], [ -87.630338427840968, 40.157007197550875 ] ] ] } },
{ "type": "Feature", "properties": { "GEOID": "17183000100" }, "geometry": { "type": "Polygon", "coordinates": [ [ [ -87.635741602900481, 40.121979157215392 ], [ -87.635558551121534, 40.133657168266126 ], [ -87.627348508796842, 40.135577182339865 ], [ -87.627318518712713, 40.133267180267282 ], [ -87.626048513498503, 40.133257182163277 ], [ -87.626008551548921, 40.124457174164831 ], [ -87.618868521560842, 40.124517184975893 ], [ -87.618518552997756, 40.11690717857573 ], [ -87.613268548695359, 40.112807182796921 ], [ -87.616622567515037, 40.111707176715981 ], [ -87.620413560632301, 40.116975175772538 ], [ -87.62675758963843, 40.116408165661369 ], [ -87.62989159485447, 40.118223162588876 ], [ -87.6318915846783, 40.122476163479575 ], [ -87.635741602900481, 40.121979157215392 ] ] ] } },
{ "type": "Feature", "properties": { "GEOID": "17031612200" }, "geometry": { "type": "Polygon", "coordinates": [ [ [ -87.660103328497428, 41.808667641941682 ], [ -87.650826355632802, 41.806962637888098 ], [ -87.650394344349237, 41.808793638268021 ], [ -87.645535352233779, 41.808862636423463 ], [ -87.645342400784074, 41.801582634507987 ], [ -87.659915376002232, 41.801380639155852 ], [ -87.660103328497428, 41.808667641941682 ] ] ] } },
{ "type": "Feature", "properties": { "GEOID": "17031844700" }, "geometry": { "type": "Polygon", "coordinates": [ [ [ -87.719868974075169, 41.85160570188512 ], [ -87.719885966625213, 41.852872702992542 ], [ -87.705426954266329, 41.857976696030981 ], [ -87.705303980812801, 41.853585692664566 ], [ -87.71119997360033, 41.853549697061119 ], [ -87.712558982937864, 41.851688696584212 ], [ -87.719868974075169, 41.85160570188512 ] ] ] } },
{ "type": "Feature", "properties": { "GEOID": "17201001000" }, "geometry": { "type": "Polygon", "coordinates": [ [ [ -89.10252981639691, 42.250994610113032 ], [ -89.094092804070527, 42.259365604540029 ], [ -89.095607810217416, 42.265381605984238 ], [ -89.093368807340127, 42.268752604189686 ], [ -89.086668792238754, 42.26598759849059 ], [ -89.086786785489011, 42.251029599248312 ], [ -89.10252981639691, 42.250994610113032 ] ] ] } },
{ "type": "Feature", "properties": { "GEOID": "17081051100" }, "geometry": { "type": "Polygon", "coordinates": [ [ [ -88.939714223922564, 38.28378692919884 ], [ -88.929525225577464, 38.287202938161904 ], [ -88.929485238700096, 38.293309937951967 ], [ -88.92451623616094, 38.293422942440586 ], [ -88.924463249947564, 38.299842942267055 ], [ -88.910540242011294, 38.29978095496044 ], [ -88.91062325207082, 38.30443595479808 ], [ -88.913183253489223, 38.304427952451064 ], [ -88.913223259485591, 38.307204952354404 ], [ -88.894783249439769, 38.307343969319945 ], [ -88.898970261533137, 38.3118759654432 ], [ -88.899115267514546, 38.314619965294128 ], [ -88.895094265202829, 38.314594969027823 ], [ -88.895100269121073, 38.316415969020753 ], [ -88.888213268130698, 38.317754975439307 ], [ -88.88495126471642, 38.317018978471992 ], [ -88.887484263624643, 38.315848976103759 ], [ -88.8865292590542, 38.313971976974976 ], [ -88.888040256313289, 38.312301975560921 ], [ -88.886680251685505, 38.310503976804256 ], [ -88.878291241350155, 38.307884984505925 ], [ -88.877829233925553, 38.304549984868054 ], [ -88.874523229003813, 38.303121987867129 ], [ -88.876305225044362, 38.300813986188125 ], [ -88.873887216990809, 38.297695988321799 ], [ -88.871392214632763, 38.297248990578325 ], [ -88.872893211860443, 38.295566989173032 ], [ -88.870546212227751, 38.296349991322451 ], [ -88.871419207995345, 38.294151990472251 ], [ -88.8696922070733, 38.294172992035911 ], [ -88.872614207072758, 38.293410989372191 ], [ -88.870704203419209, 38.292207991066597 ], [ -88.872684201402151, 38.290752989242769 ], [ -88.870452197038219, 38.289302991214413 ], [ -88.872089192279034, 38.286660989674374 ], [ -88.858602153543046, 38.27213400116932 ], [ -88.869347155699813, 38.270344991664203 ], [ -88.870081117993934, 38.252599990525475 ], [ -88.881787122494828, 38.251660980474846 ], [ -88.895982121389892, 38.246668975432328 ], [ -88.90659712774918, 38.246985965654382 ], [ -88.910589140725605, 38.252680955791185 ], [ -88.930006174264335, 38.26323893870935 ], [ -88.939714223922564, 38.28378692919884 ] ] ] } },
{ "type": "Feature", "properties": { "GEOID": "17201001100" }, "geometry": { "type": "Polygon", "coordinates": [ [ [ -89.093368807340127, 42.268752604189686 ], [ -89.09063780325701, 42.271918601799406 ], [ -89.083486786786423, 42.268343595631187 ], [ -89.079568779116087, 42.269271592133101 ], [ -89.076907771777414, 42.264806590447797 ], [ -89.078855775750029, 42.264804592063797 ], [ -89.078878773945334, 42.26043959262342 ], [ -89.086712789730015, 42.260422598776728 ], [ -89.086668792238754, 42.26598759849059 ], [ -89.093368807340127, 42.268752604189686 ] ] ] } },
{ "type": "Feature", "properties": { "GEOID": "17201001300" }, "geometry": { "type": "Polygon", "coordinates": [ [ [ -89.078888773523005, 42.259396592760332 ], [ -89.078855775750029, 42.264804592063797 ], [ -89.076907771777414, 42.264806590447797 ], [ -89.077131773111319, 42.266921590334384 ], [ -89.06828075496756, 42.2669555827962 ], [ -89.067917749785082, 42.25477458534332 ], [ -89.078888773523005, 42.259396592760332 ] ] ] } },
{ "type": "Feature", "properties": { "GEOID": "17081051000" }, "geometry": { "type": "Polygon", "coordinates": [ [ [ -88.915198276724524, 38.314702950358324 ], [ -88.915216288040099, 38.31995795021605 ], [ -88.912727283988986, 38.318724952568381 ], [ -88.902012281247977, 38.320249962554854 ], [ -88.901864278476864, 38.318999962703963 ], [ -88.893313274987847, 38.31961197068766 ], [ -88.893320272263779, 38.318342970679581 ], [ -88.888213268130698, 38.317754975439307 ], [ -88.895100269121073, 38.316415969020753 ], [ -88.895094265202829, 38.314594969027823 ], [ -88.899115267514546, 38.314619965294128 ], [ -88.898970261533137, 38.3118759654432 ], [ -88.894783249439769, 38.307343969319945 ], [ -88.896274249880634, 38.307159967948323 ], [ -88.911917258757228, 38.307206953555941 ], [ -88.911897274997742, 38.314761953422583 ], [ -88.915198276724524, 38.314702950358324 ] ] ] } },
{ "type": "Feature", "properties": { "GEOID": "17081050900" }, "geometry": { "type": "Polygon", "coordinates": [ [ [ -88.926182258734187, 38.303477940567461 ], [ -88.92392825751341, 38.303497942630919 ], [ -88.924508283413857, 38.315381941689203 ], [ -88.915189279647478, 38.316063950334204 ], [ -88.915198276724524, 38.314702950358324 ], [ -88.911897274997742, 38.314761953422583 ], [ -88.913183253489223, 38.304427952451064 ], [ -88.91062325207082, 38.30443595479808 ], [ -88.910540242011294, 38.29978095496044 ], [ -88.925996250813157, 38.299845940869453 ], [ -88.926182258734187, 38.303477940567461 ] ] ] } },
{ "type": "Feature", "properties": { "GEOID": "17201001700" }, "geometry": { "type": "Polygon", "coordinates": [ [ [ -89.057623724439438, 42.243954563730554 ], [ -89.057606728617088, 42.252498578605532 ], [ -89.042289698416582, 42.252555567775673 ], [ -89.046576704239001, 42.246095561930957 ], [ -89.046765700435884, 42.237978541224606 ], [ -89.051767709914202, 42.237955544369591 ], [ -89.057623724439438, 42.243954563730554 ] ] ] } },
{ "type": "Feature", "properties": { "GEOID": "17201001800" }, "geometry": { "type": "Polygon", "coordinates": [ [ [ -89.086888776680581, 42.238139567362616 ], [ -89.086786785489011, 42.251029599248312 ], [ -89.072165756809312, 42.251141589132722 ], [ -89.071959758445857, 42.256424587967096 ], [ -89.062557737975339, 42.251281582448229 ], [ -89.056459721089027, 42.241990557859069 ], [ -89.051767709914202, 42.237955544369591 ], [ -89.086888776680581, 42.238139567362616 ] ] ] } },
{ "type": "Feature", "properties": { "GEOID": "17201001900" }, "geometry": { "type": "Polygon", "coordinates": [ [ [ -89.072176748607959, 42.237912557328556 ], [ -89.057650721110036, 42.238015548294051 ], [ -89.057533710470452, 42.219699500564658 ], [ -89.072106736727548, 42.219651508900711 ], [ -89.072176748607959, 42.237912557328556 ] ] ] } },
{ "type": "Feature", "properties": { "GEOID": "17115001802" }, "geometry": { "type": "Polygon", "coordinates": [ [ [ -88.991914016405531, 39.875886840255298 ], [ -88.97299400112918, 39.876243786729198 ], [ -88.972810142193083, 39.854645765925177 ], [ -88.987563153077247, 39.854300810151457 ], [ -88.987056082161345, 39.865212817621234 ], [ -88.988241083043164, 39.865192821079702 ], [ -88.988632049113761, 39.870479826520523 ], [ -88.991634034546806, 39.873044837218224 ], [ -88.991914016405531, 39.875886840255298 ] ] ] } },
{ "type": "Feature", "properties": { "GEOID": "17115001900" }, "geometry": { "type": "Polygon", "coordinates": [ [ [ -88.972810142193083, 39.854645765925177 ], [ -88.972947042015761, 39.869983780724205 ], [ -88.963665040141734, 39.869341753211572 ], [ -88.963701136068039, 39.854764738563972 ], [ -88.972810142193083, 39.854645765925177 ] ] ] } },
{ "type": "Feature", "properties": { "GEOID": "17143000200" }, "geometry": { "type": "Polygon", "coordinates": [ [ [ -89.642338594357369, 40.667161292330121 ], [ -89.642263599704407, 40.677837303288861 ], [ -89.632737601007662, 40.677757269249405 ], [ -89.632903597439395, 40.666816258633197 ], [ -89.642338594357369, 40.667161292330121 ] ] ] } },
{ "type": "Feature", "properties": { "GEOID": "17119400200" }, "geometry": { "type": "Polygon", "coordinates": [ [ [ -90.190638386009596, 38.687550662766427 ], [ -90.186969418498464, 38.695480675203363 ], [ -90.162205581958645, 38.728716717197862 ], [ -90.155653594292545, 38.726423707903464 ], [ -90.149505643035027, 38.73751272201855 ], [ -90.137001663169528, 38.731921702142685 ], [ -90.124876696818845, 38.731531691544134 ], [ -90.167409464505226, 38.692051655846434 ], [ -90.171551432818276, 38.684921645722326 ], [ -90.168731438812557, 38.684205642650738 ], [ -90.170000421979353, 38.679470634935427 ], [ -90.184624377248895, 38.67828064167584 ], [ -90.190638386009596, 38.687550662766427 ] ] ] } },
{ "type": "Feature", "properties": { "GEOID": "17143000600" }, "geometry": { "type": "Polygon", "coordinates": [ [ [ -89.64225759989759, 40.678223303673271 ], [ -89.642048606925812, 40.692381317803708 ], [ -89.632495605657326, 40.692345283313564 ], [ -89.632573604503264, 40.688682279845978 ], [ -89.627805604198613, 40.688656262674442 ], [ -89.627300603620967, 40.68616825834993 ], [ -89.622947603778158, 40.687800244353511 ], [ -89.623098602360386, 40.677712234846432 ], [ -89.64225759989759, 40.678223303673271 ] ] ] } },
{ "type": "Feature", "properties": { "GEOID": "17143000900" }, "geometry": { "type": "Polygon", "coordinates": [ [ [ -89.609154602388884, 40.694136200848007 ], [ -89.597760598723397, 40.699553164699275 ], [ -89.594755599016636, 40.696736151222936 ], [ -89.595692601682074, 40.69006414849315 ], [ -89.591947603790672, 40.684512129978017 ], [ -89.600439605614753, 40.677568153947476 ], [ -89.607887603587798, 40.684248186854205 ], [ -89.607790602491761, 40.691867193761304 ], [ -89.609154602388884, 40.694136200848007 ] ] ] } },
{ "type": "Feature", "properties": { "GEOID": "17143001200" }, "geometry": { "type": "Polygon", "coordinates": [ [ [ -89.595738601310373, 40.691083149593709 ], [ -89.595403599303012, 40.696340153205128 ], [ -89.59134559809236, 40.697177139280967 ], [ -89.590456597635182, 40.697735136565996 ], [ -89.59182759739285, 40.699002142679937 ], [ -89.586354594418893, 40.701905125422364 ], [ -89.576741597856198, 40.693039082838922 ], [ -89.591947603790672, 40.684512129978017 ], [ -89.595738601310373, 40.691083149593709 ] ] ] } },
{ "type": "Feature", "properties": { "GEOID": "17143001300" }, "geometry": { "type": "Polygon", "coordinates": [ [ [ -89.586154594284253, 40.702038124813939 ], [ -89.576656586967133, 40.708053095484082 ], [ -89.575157587411653, 40.706618088778598 ], [ -89.570407583678517, 40.708815073308827 ], [ -89.56607258403929, 40.70636405542983 ], [ -89.574261592208885, 40.699918079776822 ], [ -89.56962859459253, 40.695658059378474 ], [ -89.576741597856198, 40.693039082838922 ], [ -89.586154594284253, 40.702038124813939 ] ] ] } },
{ "type": "Feature", "properties": { "GEOID": "17143001500" }, "geometry": { "type": "Polygon", "coordinates": [ [ [ -89.574261592208885, 40.699918079776822 ], [ -89.56607258403929, 40.70636405542983 ], [ -89.571429583325582, 40.709789077868599 ], [ -89.569030579447059, 40.713002071797661 ], [ -89.569822575911729, 40.717632078604112 ], [ -89.565273573437068, 40.71734906163276 ], [ -89.561036563364695, 40.724776052120966 ], [ -89.547062558652684, 40.720414997030488 ], [ -89.552741581856466, 40.703761004748486 ], [ -89.557111588863336, 40.698705016574671 ], [ -89.56962859459253, 40.695658059378474 ], [ -89.574261592208885, 40.699918079776822 ] ] ] } },
{ "type": "Feature", "properties": { "GEOID": "17115002100" }, "geometry": { "type": "Polygon", "coordinates": [ [ [ -88.95048498204892, 39.876792723329487 ], [ -88.879484920365698, 39.878632524828461 ], [ -88.87897902248335, 39.863927498534316 ], [ -88.950127078541527, 39.862226705987716 ], [ -88.95048498204892, 39.876792723329487 ] ] ] } },
{ "type": "Feature", "properties": { "GEOID": "17143001600" }, "geometry": { "type": "Polygon", "coordinates": [ [ [ -89.598891598967626, 40.699733168968386 ], [ -89.598807597164836, 40.705447173956827 ], [ -89.594007595475645, 40.705169156211383 ], [ -89.593897592542461, 40.712345162356783 ], [ -89.574519582793585, 40.712329091343037 ], [ -89.570407583678517, 40.708815073308827 ], [ -89.575157587411653, 40.706618088778598 ], [ -89.576656586967133, 40.708053095484082 ], [ -89.59182759739285, 40.699002142679937 ], [ -89.590456597635182, 40.697735136565996 ], [ -89.593695599194263, 40.695745146483276 ], [ -89.598891598967626, 40.699733168968386 ] ] ] } },
{ "type": "Feature", "properties": { "GEOID": "17115000300" }, "geometry": { "type": "Polygon", "coordinates": [ [ [ -88.957935307419703, 39.828311693180794 ], [ -88.94972522321477, 39.840411680279303 ], [ -88.935740219791313, 39.839835635779757 ], [ -88.935391310874891, 39.826232617833185 ], [ -88.946593319323995, 39.825730653603017 ], [ -88.953262309764284, 39.827629677349123 ], [ -88.954775321307451, 39.825991680466529 ], [ -88.957935307419703, 39.828311693180794 ] ] ] } },
{ "type": "Feature", "properties": { "GEOID": "17163500500" }, "geometry": { "type": "Polygon", "coordinates": [ [ [ -90.111268429799992, 38.623526511530066 ], [ -90.111997475008749, 38.640204537935006 ], [ -90.102167506242594, 38.641488535424919 ], [ -90.102106485689788, 38.634189524253841 ], [ -90.09991549185591, 38.634198523323825 ], [ -90.099912481339445, 38.630493517698845 ], [ -90.102845473285342, 38.63054951900434 ], [ -90.102288454289393, 38.623309507714332 ], [ -90.111268429799992, 38.623526511530066 ] ] ] } },
{ "type": "Feature", "properties": { "GEOID": "17163500900" }, "geometry": { "type": "Polygon", "coordinates": [ [ [ -90.161886276017526, 38.619145523433161 ], [ -90.151544322362327, 38.625365530328985 ], [ -90.146829324336721, 38.621375521658905 ], [ -90.145936331132646, 38.622905523924423 ], [ -90.134364351823194, 38.618769512614691 ], [ -90.137571328090189, 38.613522505042418 ], [ -90.135836328785075, 38.612051501994344 ], [ -90.146188278435972, 38.604407492516223 ], [ -90.161157272011806, 38.616988519360042 ], [ -90.161886276017526, 38.619145523433161 ] ] ] } },
{ "type": "Feature", "properties": { "GEOID": "17115000900" }, "geometry": { "type": "Polygon", "coordinates": [ [ [ -88.945535075035551, 39.862324692526172 ], [ -88.926749060203448, 39.86279163761612 ], [ -88.926485123050668, 39.853456624605897 ], [ -88.940659140852006, 39.85202566579116 ], [ -88.94057017029661, 39.847613660238039 ], [ -88.945473172880369, 39.84763367532971 ], [ -88.945535075035551, 39.862324692526172 ] ] ] } },
{ "type": "Feature", "properties": { "GEOID": "17115001000" }, "geometry": { "type": "Polygon", "coordinates": [ [ [ -88.926665102441802, 39.856525629167329 ], [ -88.926757059094882, 39.862956637855561 ], [ -88.87897902248335, 39.863927498534316 ], [ -88.878667029375364, 39.86291049589402 ], [ -88.911030098710086, 39.855708581060817 ], [ -88.911521088219871, 39.85728958479902 ], [ -88.921355109421924, 39.855028611204226 ], [ -88.921759098296505, 39.856706614683965 ], [ -88.926665102441802, 39.856525629167329 ] ] ] } },
{ "type": "Feature", "properties": { "GEOID": "17115000600" }, "geometry": { "type": "Polygon", "coordinates": [ [ [ -88.972827189623231, 39.847391759165873 ], [ -88.972810142193083, 39.854645765925177 ], [ -88.957545132302371, 39.854787720021754 ], [ -88.957430184542702, 39.846871711266118 ], [ -88.968232198919182, 39.845586743274637 ], [ -88.968252186830327, 39.847431745136298 ], [ -88.972827189623231, 39.847391759165873 ] ] ] } },
{ "type": "Feature", "properties": { "GEOID": "17143002400" }, "geometry": { "type": "Polygon", "coordinates": [ [ [ -89.593713589193285, 40.720356168986271 ], [ -89.59363758439342, 40.732001179320292 ], [ -89.58352257557614, 40.732028141711524 ], [ -89.583939577824765, 40.728825140432832 ], [ -89.574330569141324, 40.72998610576434 ], [ -89.576024577140174, 40.721037104353378 ], [ -89.57442057600413, 40.721126098512507 ], [ -89.574195577311414, 40.719234096063687 ], [ -89.593713589193285, 40.720356168986271 ] ] ] } },
{ "type": "Feature", "properties": { "GEOID": "17031660302" }, "geometry": { "type": "Polygon", "coordinates": [ [ [ -87.703346389441336, 41.786246642133676 ], [ -87.693592407455341, 41.786405640302149 ], [ -87.693442441280538, 41.780937636732432 ], [ -87.703185422654059, 41.780793638136039 ], [ -87.703346389441336, 41.786246642133676 ] ] ] } },
{ "type": "Feature", "properties": { "GEOID": "17031660301" }, "geometry": { "type": "Polygon", "coordinates": [ [ [ -87.703185422654059, 41.780793638136039 ], [ -87.693442441280538, 41.780937636732432 ], [ -87.693389452567445, 41.779114635544893 ], [ -87.703134433749725, 41.778971636803909 ], [ -87.703185422654059, 41.780793638136039 ] ] ] } },
{ "type": "Feature", "properties": { "GEOID": "17031836400" }, "geometry": { "type": "Polygon", "coordinates": [ [ [ -87.606856318520101, 41.823127620684993 ], [ -87.590110312842967, 41.827576611409484 ], [ -87.583375399300337, 41.817076610470593 ], [ -87.60670536307444, 41.816812621012801 ], [ -87.606856318520101, 41.823127620684993 ] ] ] } },
{ "type": "Feature", "properties": { "GEOID": "17031836100" }, "geometry": { "type": "Polygon", "coordinates": [ [ [ -87.62882842825681, 41.801890629192002 ], [ -87.606404465811082, 41.80224962184392 ], [ -87.606315491514962, 41.798611622058644 ], [ -87.625789459465338, 41.79811262784952 ], [ -87.625698483317422, 41.794641627503779 ], [ -87.628559478291777, 41.794597628263112 ], [ -87.62882842825681, 41.801890629192002 ] ] ] } },
{ "type": "Feature", "properties": { "GEOID": "17031834600" }, "geometry": { "type": "Polygon", "coordinates": [ [ [ -87.640326457801834, 41.794385631357919 ], [ -87.628559478291777, 41.794597628263112 ], [ -87.628540577492743, 41.780003626577347 ], [ -87.640017555620474, 41.779823628228542 ], [ -87.640326457801834, 41.794385631357919 ] ] ] } },
{ "type": "Feature", "properties": { "GEOID": "17031843600" }, "geometry": { "type": "Polygon", "coordinates": [ [ [ -87.611496393807599, 41.811278623300012 ], [ -87.606602401565624, 41.811352621319969 ], [ -87.606404465811082, 41.80224962184392 ], [ -87.611283457681154, 41.802167623454061 ], [ -87.611496393807599, 41.811278623300012 ] ] ] } },
{ "type": "Feature", "properties": { "GEOID": "17113001500" }, "geometry": { "type": "Polygon", "coordinates": [ [ [ -89.011590635264994, 40.473350495632339 ], [ -89.00506568354281, 40.484318460661704 ], [ -89.000158703504894, 40.484413455999508 ], [ -88.999493675297657, 40.47357048444983 ], [ -89.011590635264994, 40.473350495632339 ] ] ] } },
{ "type": "Feature", "properties": { "GEOID": "17113001600" }, "geometry": { "type": "Polygon", "coordinates": [ [ [ -89.000158703504894, 40.484413455999508 ], [ -88.988690611220676, 40.484632433405565 ], [ -88.988344586093064, 40.473874461703687 ], [ -88.999493675297657, 40.47357048444983 ], [ -89.000158703504894, 40.484413455999508 ] ] ] } },
{ "type": "Feature", "properties": { "GEOID": "17113001700" }, "geometry": { "type": "Polygon", "coordinates": [ [ [ -88.988690611220676, 40.484632433405565 ], [ -88.982415559663878, 40.484772420905927 ], [ -88.98210154736465, 40.479810433563351 ], [ -88.975555494105549, 40.479937420479196 ], [ -88.975433489944976, 40.478212424816974 ], [ -88.978071511276241, 40.478133430177358 ], [ -88.977933502444714, 40.474032440817133 ], [ -88.988344586093064, 40.473874461703687 ], [ -88.988690611220676, 40.484632433405565 ] ] ] } },
{ "type": "Feature", "properties": { "GEOID": "17031252202" }, "geometry": { "type": "Polygon", "coordinates": [ [ [ -87.749408775885001, 41.88044375547917 ], [ -87.740366784174398, 41.880553746815096 ], [ -87.739386826422773, 41.873264738398134 ], [ -87.74914181742399, 41.873025747029764 ], [ -87.749408775885001, 41.88044375547917 ] ] ] } },
{ "type": "Feature", "properties": { "GEOID": "17031252102" }, "geometry": { "type": "Polygon", "coordinates": [ [ [ -87.764860791152373, 41.880244778731353 ], [ -87.755063780737188, 41.880370763773236 ], [ -87.754802821680414, 41.872944755280962 ], [ -87.764583831932242, 41.872825770548936 ], [ -87.764860791152373, 41.880244778731353 ] ] ] } },
{ "type": "Feature", "properties": { "GEOID": "17153971100" }, "geometry": { "type": "Polygon", "coordinates": [ [ [ -89.273630355268267, 37.126965497100379 ], [ -89.268561361268837, 37.133272513018845 ], [ -89.267229361589727, 37.139326512030529 ], [ -89.257879374675881, 37.145267549088288 ], [ -89.260032369401813, 37.152012531157339 ], [ -89.256792372112571, 37.161141536182306 ], [ -89.261522365087558, 37.158940516042136 ], [ -89.268371354062651, 37.158914483289507 ], [ -89.269453351738321, 37.160887475744254 ], [ -89.26729535507512, 37.161395485490992 ], [ -89.266672355467833, 37.163517485965201 ], [ -89.262896361531091, 37.163705503906485 ], [ -89.261210363260844, 37.167301507852045 ], [ -89.262477360230378, 37.170748497720467 ], [ -89.266749353156811, 37.171071476637159 ], [ -89.263451357377448, 37.175206487787868 ], [ -89.265873353180325, 37.175966475100104 ], [ -89.264649354408405, 37.178715477831943 ], [ -89.267309349495775, 37.180522462689119 ], [ -89.265289351755968, 37.184287468138514 ], [ -89.261048359153875, 37.183007490456603 ], [ -89.257910364031645, 37.184200504491947 ], [ -89.258391362883827, 37.185479500665622 ], [ -89.255922366283315, 37.188110509833152 ], [ -89.252272372244647, 37.1885945272968 ], [ -89.251918372237739, 37.190889526492079 ], [ -89.255904364991565, 37.193038504344933 ], [ -89.253334369164335, 37.193564516495442 ], [ -89.252328370184202, 37.196124518633198 ], [ -89.257723360341913, 37.198919488619588 ], [ -89.258134360517516, 37.195728490217022 ], [ -89.260385356263185, 37.19741247708555 ], [ -89.260234355783467, 37.200066474776456 ], [ -89.262764351091462, 37.201533460436522 ], [ -89.259271356789441, 37.202332476981148 ], [ -89.26389534849109, 37.203944451957724 ], [ -89.259946354566068, 37.206239469103636 ], [ -89.261294351743146, 37.208129460143276 ], [ -89.259091354904839, 37.210311468725017 ], [ -89.260263352647968, 37.21121946176725 ], [ -89.26107035167577, 37.209745459399983 ], [ -89.264570344945028, 37.212358438689122 ], [ -89.262208348558048, 37.213921448806886 ], [ -89.261278348448343, 37.220048446415426 ], [ -89.264590341988253, 37.222605426547346 ], [ -89.266157339434486, 37.222031419227726 ], [ -89.265201340598352, 37.223756422072576 ], [ -89.26771533549946, 37.226264406239544 ], [ -89.263781342266469, 37.226574426029067 ], [ -89.261320345282044, 37.231144433344348 ], [ -89.259547348744945, 37.229849443959097 ], [ -89.26150134607542, 37.227166437025751 ], [ -89.256389354849063, 37.227697462633579 ], [ -89.257808352012745, 37.229020453844569 ], [ -89.255038356024656, 37.232133464562921 ], [ -89.250366361341051, 37.2433154762873 ], [ -89.250004360854788, 37.247714473323725 ], [ -89.251542357606283, 37.249655463126061 ], [ -89.2496743607052, 37.248790472080167 ], [ -89.248363361272084, 37.251161470543579 ], [ -89.251705358006149, 37.252317462203308 ], [ -89.248279362432456, 37.254491470921842 ], [ -89.250682361251435, 37.256547468033183 ], [ -89.247463364125835, 37.258546471239683 ], [ -89.248500364241778, 37.260083471636513 ], [ -89.245883366627538, 37.264001471652058 ], [ -89.241618368685295, 37.264928471071386 ], [ -89.242282368980369, 37.266519471434044 ], [ -89.237888372388383, 37.270871471566572 ], [ -89.227911377582828, 37.273326470916274 ], [ -89.227237378748171, 37.275534471406942 ], [ -89.221905381854256, 37.277432471441621 ], [ -89.220701383170748, 37.279327471905276 ], [ -89.210600388095983, 37.280265471514994 ], [ -89.202616396052079, 37.289693474902634 ], [ -89.20335540357523, 37.306754481913977 ], [ -89.205881407025345, 37.317239485783681 ], [ -89.20887240612501, 37.318906485891681 ], [ -89.207011408547132, 37.321985487425323 ], [ -89.215617404763307, 37.32446048649313 ], [ -89.217128405036519, 37.327134487021219 ], [ -89.222217403054216, 37.329458486486288 ], [ -89.222866403787734, 37.332181487097358 ], [ -89.243802391242568, 37.331666481376296 ], [ -89.248565389664222, 37.335295480536892 ], [ -89.090160482734618, 37.332927523727697 ], [ -89.088933466222699, 37.310633498400364 ], [ -89.090160456861554, 37.299322485309645 ], [ -89.117814443442398, 37.299951484340852 ], [ -89.118090432552876, 37.284456469410287 ], [ -89.111842430539738, 37.277576462265081 ], [ -89.108588422570037, 37.264505448608162 ], [ -89.11744240870658, 37.249292437210393 ], [ -89.119692405895591, 37.241000451087871 ], [ -89.141004398907441, 37.241598455029511 ], [ -89.141260398204025, 37.23768846103259 ], [ -89.145577396441752, 37.234989466018718 ], [ -89.157439392808868, 37.235380467874698 ], [ -89.158089388615906, 37.192841529926888 ], [ -89.162965385848565, 37.165692569142273 ], [ -89.174060384610812, 37.143317599650139 ], [ -89.186866385637998, 37.111083641108671 ], [ -89.188569386587943, 37.08109068078798 ], [ -89.193533387803384, 37.085002673705148 ], [ -89.19720938872392, 37.085805671289286 ], [ -89.195144388097219, 37.087720669536679 ], [ -89.196685388412405, 37.089095667182001 ], [ -89.201415389624401, 37.088477666293045 ], [ -89.202796390179998, 37.08572066933678 ], [ -89.225331395042033, 37.09182165371066 ], [ -89.232082397000909, 37.089898653627678 ], [ -89.234820397486274, 37.090815651596174 ], [ -89.235625397232042, 37.093033648747337 ], [ -89.239687398294592, 37.092478647995058 ], [ -89.237707397351471, 37.094765646046028 ], [ -89.240672397529693, 37.096980642533218 ], [ -89.242160398320181, 37.094917644384132 ], [ -89.244136397400979, 37.100735637180328 ], [ -89.248819398846919, 37.098762637904713 ], [ -89.253972392996459, 37.099390618999415 ], [ -89.253717392395416, 37.103111615973795 ], [ -89.256579387889616, 37.103883602195673 ], [ -89.258476385363025, 37.102694594997551 ], [ -89.261778379555594, 37.105739576583773 ], [ -89.261152379850543, 37.108067576718412 ], [ -89.265674372243666, 37.110756553047189 ], [ -89.265581371672894, 37.113235550544786 ], [ -89.262842376023571, 37.112584563789838 ], [ -89.262605375828244, 37.114559562568282 ], [ -89.2669913688093, 37.115713541175808 ], [ -89.265317370890799, 37.117365546880301 ], [ -89.269462364179887, 37.118624526389802 ], [ -89.267947365983247, 37.120398531222449 ], [ -89.272738357478062, 37.124213504573355 ], [ -89.273630355268267, 37.126965497100379 ] ] ] } },
{ "type": "Feature", "properties": { "GEOID": "17031834500" }, "geometry": { "type": "Polygon", "coordinates": [ [ [ -87.628559478291777, 41.794597628263112 ], [ -87.625698483317422, 41.794641627503779 ], [ -87.625510533366523, 41.787360626795937 ], [ -87.615799551046351, 41.787521624782819 ], [ -87.615757563759502, 41.785697624755187 ], [ -87.625463545915608, 41.785535626622064 ], [ -87.625401561923155, 41.783208626402036 ], [ -87.628192556736309, 41.783159626880582 ], [ -87.628559478291777, 41.794597628263112 ] ] ] } },
{ "type": "Feature", "properties": { "GEOID": "17031010201" }, "geometry": { "type": "Polygon", "coordinates": [ [ [ -87.684648921802633, 42.019483811943523 ], [ -87.676850920626492, 42.019409798016795 ], [ -87.675673981018619, 42.012615777720455 ], [ -87.683081985386025, 42.012321790493104 ], [ -87.684648921802633, 42.019483811943523 ] ] ] } },
{ "type": "Feature", "properties": { "GEOID": "17031440201" }, "geometry": { "type": "Polygon", "coordinates": [ [ [ -87.614955805123358, 41.751112624469457 ], [ -87.605212826374199, 41.75128462533084 ], [ -87.605081870453191, 41.745796651796859 ], [ -87.606254878850464, 41.74440666016541 ], [ -87.607505864573611, 41.745757651435646 ], [ -87.611744854279863, 41.745687650798651 ], [ -87.614126859141393, 41.744272658616538 ], [ -87.614955805123358, 41.751112624469457 ] ] ] } },
{ "type": "Feature", "properties": { "GEOID": "17031540101" }, "geometry": { "type": "Polygon", "coordinates": [ [ [ -87.621301528625892, 41.650483190525719 ], [ -87.618915503465942, 41.656399165026876 ], [ -87.617278512712218, 41.656833168111987 ], [ -87.617269520669126, 41.655791174225961 ], [ -87.612335556577349, 41.656050189710186 ], [ -87.612117591342752, 41.651842215799668 ], [ -87.607569627235037, 41.651855232067469 ], [ -87.607561582900843, 41.657320198301925 ], [ -87.58519776853943, 41.655659285922425 ], [ -87.579939871224369, 41.649245350080228 ], [ -87.578586926284942, 41.644729387654785 ], [ -87.617225605898355, 41.644581239839852 ], [ -87.617227564709097, 41.650018208082628 ], [ -87.621301528625892, 41.650483190525719 ] ] ] } },
{ "type": "Feature", "properties": { "GEOID": "17031834000" }, "geometry": { "type": "Polygon", "coordinates": [ [ [ -87.63405286155816, 41.735942696234424 ], [ -87.623935942732047, 41.729040740954595 ], [ -87.623727996317143, 41.721701782287575 ], [ -87.63344395856619, 41.721635771882752 ], [ -87.63405286155816, 41.735942696234424 ] ] ] } },
{ "type": "Feature", "properties": { "GEOID": "17031833900" }, "geometry": { "type": "Polygon", "coordinates": [ [ [ -87.560076120744682, 41.733311761300186 ], [ -87.53944317951138, 41.734033769386144 ], [ -87.536543242438285, 41.729633809658765 ], [ -87.53932424473328, 41.72863781594625 ], [ -87.540581217774928, 41.730522798712869 ], [ -87.555651172363326, 41.729959791292252 ], [ -87.560076120744682, 41.733311761300186 ] ] ] } },
{ "type": "Feature", "properties": { "GEOID": "17167000600" }, "geometry": { "type": "Polygon", "coordinates": [ [ [ -89.618210870225951, 39.811827178307603 ], [ -89.60544185146243, 39.824104126929036 ], [ -89.592981850230416, 39.82742309388405 ], [ -89.593384894246185, 39.809710134410629 ], [ -89.599588945739313, 39.78624319791642 ], [ -89.60578193587348, 39.787448206237798 ], [ -89.605892929408327, 39.790197200541328 ], [ -89.612946911814817, 39.794721203728592 ], [ -89.61529790946328, 39.794705208056207 ], [ -89.615398893521927, 39.802032193073806 ], [ -89.617892891319059, 39.802008197820051 ], [ -89.618210870225951, 39.811827178307603 ] ] ] } },
{ "type": "Feature", "properties": { "GEOID": "17167000800" }, "geometry": { "type": "Polygon", "coordinates": [ [ [ -89.642050865864604, 39.804066239478132 ], [ -89.641195850787668, 39.813010221128742 ], [ -89.634662849454443, 39.816299201951928 ], [ -89.629961864159668, 39.81038320415685 ], [ -89.629797880012262, 39.802288219690531 ], [ -89.642050865864604, 39.804066239478132 ] ] ] } },
{ "type": "Feature", "properties": { "GEOID": "17167000900" }, "geometry": { "type": "Polygon", "coordinates": [ [ [ -89.65176884181551, 39.81374624062483 ], [ -89.649370843507427, 39.813775235838484 ], [ -89.644734837983378, 39.818955217140676 ], [ -89.634788844876823, 39.818705197584364 ], [ -89.634662849454443, 39.816299201951928 ], [ -89.641448851436266, 39.812537222510358 ], [ -89.642057866255357, 39.803840239912546 ], [ -89.651716857539668, 39.803997257958194 ], [ -89.65176884181551, 39.81374624062483 ] ] ] } },
{ "type": "Feature", "properties": { "GEOID": "17167001800" }, "geometry": { "type": "Polygon", "coordinates": [ [ [ -89.653052908832606, 39.770976319210533 ], [ -89.651927871875088, 39.794955274515559 ], [ -89.650853871123417, 39.796088270517828 ], [ -89.642276879792234, 39.796007254910471 ], [ -89.643937902673244, 39.781804284219454 ], [ -89.653052908832606, 39.770976319210533 ] ] ] } },
{ "type": "Feature", "properties": { "GEOID": "17167002300" }, "geometry": { "type": "Polygon", "coordinates": [ [ [ -89.648590908837647, 39.774680305166889 ], [ -89.644222903410054, 39.781176285871169 ], [ -89.642637894895529, 39.787157272024452 ], [ -89.633834902616186, 39.788341254178782 ], [ -89.633506931408874, 39.773269282679394 ], [ -89.635558924803647, 39.775346282111677 ], [ -89.648590908837647, 39.774680305166889 ] ] ] } },
{ "type": "Feature", "properties": { "GEOID": "17167000202" }, "geometry": { "type": "Polygon", "coordinates": [ [ [ -89.687548797831042, 39.830694285654793 ], [ -89.678115802372815, 39.830585265966327 ], [ -89.677947805725481, 39.827879269902233 ], [ -89.673214817068043, 39.820915271334833 ], [ -89.673112823381189, 39.816045279030106 ], [ -89.668423826557742, 39.816090269615223 ], [ -89.668272841445969, 39.805196287400229 ], [ -89.673083835976712, 39.806250294868406 ], [ -89.672989842186524, 39.801480302432878 ], [ -89.687072829433546, 39.801394329025804 ], [ -89.687548797831042, 39.830694285654793 ] ] ] } },
{ "type": "Feature", "properties": { "GEOID": "17167002500" }, "geometry": { "type": "Polygon", "coordinates": [ [ [ -89.63039499818089, 39.744902329967331 ], [ -89.627693938033573, 39.773863271854609 ], [ -89.624789939885986, 39.774862265024275 ], [ -89.619815951227665, 39.77257526135989 ], [ -89.614680956399326, 39.773390251169857 ], [ -89.604576976641297, 39.770507240593489 ], [ -89.60603500304893, 39.758171269413964 ], [ -89.609267007796063, 39.753814283628174 ], [ -89.623219004977599, 39.746464317240154 ], [ -89.63039499818089, 39.744902329967331 ] ] ] } },
{ "type": "Feature", "properties": { "GEOID": "17167002400" }, "geometry": { "type": "Polygon", "coordinates": [ [ [ -89.633834902616186, 39.788341254178782 ], [ -89.622064915490682, 39.788445233051121 ], [ -89.622070911734497, 39.79026522938851 ], [ -89.606170945261127, 39.783180216066476 ], [ -89.60578193587348, 39.787448206237798 ], [ -89.599588945739313, 39.78624319791642 ], [ -89.603884981136744, 39.768993242728406 ], [ -89.607231969367845, 39.772082241585018 ], [ -89.614680956399326, 39.773390251169857 ], [ -89.619815951227665, 39.77257526135989 ], [ -89.624789939885986, 39.774862265024275 ], [ -89.627693938033573, 39.773863271854609 ], [ -89.627682948291366, 39.768676282079497 ], [ -89.629203946195517, 39.768650284601826 ], [ -89.633645931224322, 39.773268282912113 ], [ -89.633834902616186, 39.788341254178782 ] ] ] } },
{ "type": "Feature", "properties": { "GEOID": "17077010800" }, "geometry": { "type": "Polygon", "coordinates": [ [ [ -89.289098244240918, 37.764508683869686 ], [ -89.286985246690563, 37.765337678524901 ], [ -89.288795248358113, 37.766440680989163 ], [ -89.287501250848067, 37.76742867717531 ], [ -89.288614253728795, 37.768997677639163 ], [ -89.284245257549372, 37.770140667397392 ], [ -89.284239261263224, 37.771938665344464 ], [ -89.27719526068482, 37.77053165259224 ], [ -89.267468248859643, 37.763084640401082 ], [ -89.263725254357979, 37.765168630509741 ], [ -89.26436127037077, 37.773240623731112 ], [ -89.271647278678003, 37.778490632922278 ], [ -89.274536285708749, 37.7823776344934 ], [ -89.274432291707143, 37.785305631157037 ], [ -89.279779294246609, 37.787299639320949 ], [ -89.275389313071841, 37.795911621597952 ], [ -89.272161315888169, 37.796881614542713 ], [ -89.269154313630082, 37.795380610496359 ], [ -89.261596300093473, 37.787630603978045 ], [ -89.260401292824184, 37.783826605395078 ], [ -89.254703290680979, 37.781901596098081 ], [ -89.25041830355633, 37.787775582343883 ], [ -89.251057313767816, 37.793037578758792 ], [ -89.248343325535785, 37.797518571476296 ], [ -89.244812336160621, 37.800099566585871 ], [ -89.239838344931584, 37.800589562548765 ], [ -89.239963352575955, 37.804731559030209 ], [ -89.236572362095743, 37.80703355464842 ], [ -89.234103364720255, 37.806419553440406 ], [ -89.22820736166382, 37.799720554847212 ], [ -89.229071352629319, 37.795476559005635 ], [ -89.234427340518323, 37.79360056458011 ], [ -89.229332344077733, 37.790982562941764 ], [ -89.231212332145958, 37.786140568433751 ], [ -89.229557332806593, 37.784963568129676 ], [ -89.223405345024489, 37.785974562506006 ], [ -89.216224312467332, 37.727259672361818 ], [ -89.230738286089135, 37.72595668737501 ], [ -89.245181254438108, 37.731247678440504 ], [ -89.251207241010007, 37.735573669096681 ], [ -89.267550231426924, 37.754466649399056 ], [ -89.27691123956275, 37.760155663285715 ], [ -89.289098244240918, 37.764508683869686 ] ] ] } },
{ "type": "Feature", "properties": { "GEOID": "17077011200" }, "geometry": { "type": "Polygon", "coordinates": [ [ [ -89.216015312847304, 37.72727967213838 ], [ -89.197776346184014, 37.728935652705758 ], [ -89.180835372567415, 37.738400601229699 ], [ -89.151930425171955, 37.744774549872588 ], [ -89.152246437673796, 37.718400666556171 ], [ -89.153957434057432, 37.719277663762561 ], [ -89.153545434093459, 37.720730657106856 ], [ -89.157382427532042, 37.719586664569647 ], [ -89.155956430884345, 37.718216669668763 ], [ -89.158046427542445, 37.717186675456901 ], [ -89.154292434810358, 37.71655367594645 ], [ -89.157253430178784, 37.714921684867349 ], [ -89.155269434535214, 37.713543689740945 ], [ -89.160274424791737, 37.714581688126451 ], [ -89.160724424995877, 37.712628696861074 ], [ -89.163601418910744, 37.714127692037138 ], [ -89.163662417822891, 37.715935684279266 ], [ -89.166592412524508, 37.715733686900911 ], [ -89.164669414137464, 37.719296670425841 ], [ -89.169224405953429, 37.71879267544189 ], [ -89.171658403324784, 37.715470691042903 ], [ -89.170681405523936, 37.714768693442778 ], [ -89.172413402560764, 37.714371696142479 ], [ -89.170933406196781, 37.712761702110271 ], [ -89.175976397233114, 37.712269707054126 ], [ -89.17026940867558, 37.71052671123168 ], [ -89.171810407104545, 37.708344721324529 ], [ -89.177920395256052, 37.709592719348585 ], [ -89.178256391166286, 37.715450695053619 ], [ -89.185273378113934, 37.715627698500548 ], [ -89.185253376677707, 37.718005688703009 ], [ -89.214924322177367, 37.717309709721327 ], [ -89.216015312847304, 37.72727967213838 ] ] ] } },
{ "type": "Feature", "properties": { "GEOID": "17077010700" }, "geometry": { "type": "Polygon", "coordinates": [ [ [ -89.341895223400101, 37.763360795273243 ], [ -89.34186624316068, 37.772258781711258 ], [ -89.340663247712598, 37.774135776441327 ], [ -89.338159248280988, 37.774029771558624 ], [ -89.336862257014374, 37.777799763351354 ], [ -89.334554253206107, 37.77574276178251 ], [ -89.328416255334801, 37.775828749368394 ], [ -89.326206260287876, 37.777782742182247 ], [ -89.326333247884975, 37.772105750463808 ], [ -89.322813248061109, 37.771657743953213 ], [ -89.320785243057983, 37.769037743446191 ], [ -89.317945252376049, 37.772920732357157 ], [ -89.3162192701202, 37.780911718103184 ], [ -89.312725275328106, 37.782850708659076 ], [ -89.30399227349443, 37.78075969423049 ], [ -89.283991259585861, 37.771086665807182 ], [ -89.288614253728795, 37.768997677639163 ], [ -89.287501250848067, 37.76742867717531 ], [ -89.288795248358113, 37.766440680989163 ], [ -89.286985246690563, 37.765337678524901 ], [ -89.288932244819776, 37.764759683232199 ], [ -89.290254237602653, 37.761510689793063 ], [ -89.291301240289968, 37.762978690253618 ], [ -89.293194237151326, 37.761793695620035 ], [ -89.292411229614601, 37.758048698433178 ], [ -89.288552226320647, 37.755785692885695 ], [ -89.288503220762834, 37.753099695905632 ], [ -89.292981216563973, 37.751897706979584 ], [ -89.290964217587685, 37.743741723126526 ], [ -89.293574217182368, 37.74272273149176 ], [ -89.294339220133253, 37.737756747321569 ], [ -89.307178211403325, 37.742867759197821 ], [ -89.311892206457074, 37.748005755540831 ], [ -89.322201206639335, 37.752447769353026 ], [ -89.326387215807785, 37.757385771396955 ], [ -89.336446224758021, 37.763112784281333 ], [ -89.341895223400101, 37.763360795273243 ] ] ] } },
{ "type": "Feature", "properties": { "GEOID": "17167001300" }, "geometry": { "type": "Polygon", "coordinates": [ [ [ -89.673052836013028, 39.806242294821985 ], [ -89.651716857539668, 39.803997257958194 ], [ -89.65200287179924, 39.794955274652693 ], [ -89.65343986840692, 39.796180275105669 ], [ -89.664961856972639, 39.796177296287816 ], [ -89.665034849362073, 39.801537287388975 ], [ -89.672989842186524, 39.801480302432878 ], [ -89.673052836013028, 39.806242294821985 ] ] ] } },
{ "type": "Feature", "properties": { "GEOID": "17121952600" }, "geometry": { "type": "Polygon", "coordinates": [ [ [ -89.143406726123118, 38.525426794232864 ], [ -89.143090751134451, 38.532793784068488 ], [ -89.125211757536078, 38.532691788259221 ], [ -89.125687713963842, 38.519405805964958 ], [ -89.137664715874593, 38.5216328006304 ], [ -89.13771972478159, 38.524304796948762 ], [ -89.143406726123118, 38.525426794232864 ] ] ] } },
{ "type": "Feature", "properties": { "GEOID": "17121952700" }, "geometry": { "type": "Polygon", "coordinates": [ [ [ -89.143086751635735, 38.53294178386389 ], [ -89.142324832974822, 38.556978750710378 ], [ -89.136809831035976, 38.55602975362865 ], [ -89.136049843864853, 38.559827748649134 ], [ -89.123789831976424, 38.555403758247984 ], [ -89.124486825033543, 38.55332276082995 ], [ -89.122185827977077, 38.554055760505712 ], [ -89.122009821566721, 38.552065763203935 ], [ -89.11647382664809, 38.553211763244754 ], [ -89.115044823197806, 38.552022765208349 ], [ -89.117375818482842, 38.550739766247595 ], [ -89.114868816950576, 38.550054767837707 ], [ -89.115275812228006, 38.548612769618288 ], [ -89.106637815017081, 38.548741771786084 ], [ -89.106709791908528, 38.541400781226571 ], [ -89.097014794831566, 38.541336783734906 ], [ -89.097088788602903, 38.539324786255982 ], [ -89.091411790154623, 38.539209787788458 ], [ -89.09113578343343, 38.536972790642913 ], [ -89.092818782798446, 38.536957790260736 ], [ -89.093175774732345, 38.534361793424523 ], [ -89.110761774267502, 38.536248786908438 ], [ -89.110475765425576, 38.533426790641762 ], [ -89.112548758635256, 38.53153579263526 ], [ -89.11292474794908, 38.52822579687323 ], [ -89.116108740032317, 38.526158798908185 ], [ -89.125404735925812, 38.526093797056816 ], [ -89.125211757536078, 38.532691788259221 ], [ -89.143086751635735, 38.53294178386389 ] ] ] } },
{ "type": "Feature", "properties": { "GEOID": "17167001600" }, "geometry": { "type": "Polygon", "coordinates": [ [ [ -89.630022880948104, 39.801701221263279 ], [ -89.618210870225951, 39.811827178307603 ], [ -89.617892891319059, 39.802008197820051 ], [ -89.615398893521927, 39.802032193073806 ], [ -89.61529790946328, 39.794705208056207 ], [ -89.612946911814817, 39.794721203728592 ], [ -89.605892929408327, 39.790197200541328 ], [ -89.606170945261127, 39.783180216066476 ], [ -89.622070911734497, 39.79026522938851 ], [ -89.622064915490682, 39.788445233051121 ], [ -89.627710909333558, 39.788388243202341 ], [ -89.630022880948104, 39.801701221263279 ] ] ] } },
{ "type": "Feature", "properties": { "GEOID": "17161022600" }, "geometry": { "type": "Polygon", "coordinates": [ [ [ -90.605526199850857, 41.494875229724258 ], [ -90.602134199802592, 41.506031229889579 ], [ -90.594634201438112, 41.511331207663616 ], [ -90.580533200349166, 41.515331176290907 ], [ -90.56555019426763, 41.512072158980807 ], [ -90.566916193807501, 41.510785164162243 ], [ -90.566436191891782, 41.507974169879624 ], [ -90.578060194559669, 41.507454189345367 ], [ -90.577177190196622, 41.501091201881586 ], [ -90.594040195267667, 41.502361224637376 ], [ -90.596966195554089, 41.501693230381655 ], [ -90.598175194927322, 41.499576234054686 ], [ -90.597447197382522, 41.494212214394807 ], [ -90.605526199850857, 41.494875229724258 ] ] ] } },
{ "type": "Feature", "properties": { "GEOID": "17031250200" }, "geometry": { "type": "Polygon", "coordinates": [ [ [ -87.755891585553798, 41.915707803373088 ], [ -87.746006588695934, 41.914491788893763 ], [ -87.746110615861468, 41.909624783771079 ], [ -87.755792619885369, 41.909499796500747 ], [ -87.755891585553798, 41.915707803373088 ] ] ] } },
{ "type": "Feature", "properties": { "GEOID": "17031250300" }, "geometry": { "type": "Polygon", "coordinates": [ [ [ -87.765720630841358, 41.909377810361995 ], [ -87.765741590783918, 41.916622817927497 ], [ -87.755891585553798, 41.915707803373088 ], [ -87.755792619885369, 41.909499796500747 ], [ -87.765720630841358, 41.909377810361995 ] ] ] } },
{ "type": "Feature", "properties": { "GEOID": "17031250400" }, "geometry": { "type": "Polygon", "coordinates": [ [ [ -87.785223612311214, 41.916414844553387 ], [ -87.765741590783918, 41.916622817927497 ], [ -87.765662629929352, 41.909531810440484 ], [ -87.784998652072645, 41.909146837314296 ], [ -87.785223612311214, 41.916414844553387 ] ] ] } },
{ "type": "Feature", "properties": { "GEOID": "17031250600" }, "geometry": { "type": "Polygon", "coordinates": [ [ [ -87.775596641756422, 41.909252824157846 ], [ -87.765720630841358, 41.909377810361995 ], [ -87.765650670788148, 41.902143802735885 ], [ -87.775358681545526, 41.901996816589374 ], [ -87.775596641756422, 41.909252824157846 ] ] ] } },
{ "type": "Feature", "properties": { "GEOID": "17031251000" }, "geometry": { "type": "Polygon", "coordinates": [ [ [ -87.748416654943142, 41.902325778546 ], [ -87.741514659640032, 41.902425770711538 ], [ -87.741199701282639, 41.895091762729116 ], [ -87.748254695986063, 41.894983770306766 ], [ -87.748416654943142, 41.902325778546 ] ] ] } },
{ "type": "Feature", "properties": { "GEOID": "17031251200" }, "geometry": { "type": "Polygon", "coordinates": [ [ [ -87.765650670788148, 41.902143802735885 ], [ -87.755770660088757, 41.902247788600683 ], [ -87.755595700475894, 41.894934780407375 ], [ -87.765391710860243, 41.894852794767125 ], [ -87.765650670788148, 41.902143802735885 ] ] ] } },
{ "type": "Feature", "properties": { "GEOID": "17031821200" }, "geometry": { "type": "Polygon", "coordinates": [ [ [ -87.680693948092326, 41.677255878330421 ], [ -87.667848030390417, 41.67741791222592 ], [ -87.668547031879555, 41.676125915533291 ], [ -87.667146042412725, 41.675832920547776 ], [ -87.666568038545108, 41.67744091556721 ], [ -87.661363071628031, 41.677542929096504 ], [ -87.661149109565486, 41.67032896051203 ], [ -87.659545120626788, 41.670317965269362 ], [ -87.67989705106659, 41.652789968738524 ], [ -87.680693948092326, 41.677255878330421 ] ] ] } },
{ "type": "Feature", "properties": { "GEOID": "17031672000" }, "geometry": { "type": "Polygon", "coordinates": [ [ [ -87.678580572724243, 41.764753625927085 ], [ -87.663793603763324, 41.764907625662524 ], [ -87.663604650725887, 41.757675622745857 ], [ -87.678463618880841, 41.757450622093842 ], [ -87.678580572724243, 41.764753625927085 ] ] ] } },
{ "type": "Feature", "properties": { "GEOID": "17031710900" }, "geometry": { "type": "Polygon", "coordinates": [ [ [ -87.644041741203992, 41.750640621744516 ], [ -87.639313751664957, 41.750709622201221 ], [ -87.639025798510801, 41.743453655223604 ], [ -87.634105811461211, 41.743496656631692 ], [ -87.63405286155816, 41.735942696234424 ], [ -87.643608830994566, 41.736068689888491 ], [ -87.644041741203992, 41.750640621744516 ] ] ] } },
{ "type": "Feature", "properties": { "GEOID": "17031711000" }, "geometry": { "type": "Polygon", "coordinates": [ [ [ -87.653536760791638, 41.743214651492863 ], [ -87.64382878617829, 41.743356654103657 ], [ -87.643608830994566, 41.736068689888491 ], [ -87.653337801470229, 41.735933684714624 ], [ -87.653536760791638, 41.743214651492863 ] ] ] } },
{ "type": "Feature", "properties": { "GEOID": "17031711500" }, "geometry": { "type": "Polygon", "coordinates": [ [ [ -87.643608830994566, 41.736068689888491 ], [ -87.63405286155816, 41.735942696234424 ], [ -87.633635909727374, 41.728880733596263 ], [ -87.643407876005739, 41.728767725835084 ], [ -87.643608830994566, 41.736068689888491 ] ] ] } },
{ "type": "Feature", "properties": { "GEOID": "17031711400" }, "geometry": { "type": "Polygon", "coordinates": [ [ [ -87.663062771858179, 41.735788679491705 ], [ -87.643608830994566, 41.736068689888491 ], [ -87.643407876005739, 41.728767725835084 ], [ -87.644523864657529, 41.72999971888428 ], [ -87.647948860388581, 41.728698722279994 ], [ -87.646510842878271, 41.732525705156306 ], [ -87.662958790059903, 41.732187694717922 ], [ -87.663062771858179, 41.735788679491705 ] ] ] } },
{ "type": "Feature", "properties": { "GEOID": "17031270500" }, "geometry": { "type": "Polygon", "coordinates": [ [ [ -87.720235866603844, 41.869867717989052 ], [ -87.720816795564758, 41.881895728989107 ], [ -87.714078806002277, 41.881237721830587 ], [ -87.711057800001967, 41.882741720069134 ], [ -87.711002810925905, 41.880915718569682 ], [ -87.715890806492226, 41.880854723282965 ], [ -87.71553187131039, 41.869941713891848 ], [ -87.720235866603844, 41.869867717989052 ] ] ] } },
{ "type": "Feature", "properties": { "GEOID": "17031271200" }, "geometry": { "type": "Polygon", "coordinates": [ [ [ -87.706119815378642, 41.880971713852631 ], [ -87.701204819875286, 41.881024709097758 ], [ -87.701009864143884, 41.873745703743687 ], [ -87.705913859329897, 41.873686708190711 ], [ -87.706119815378642, 41.880971713852631 ] ] ] } },
{ "type": "Feature", "properties": { "GEOID": "17031271300" }, "geometry": { "type": "Polygon", "coordinates": [ [ [ -87.711002810925905, 41.880915718569682 ], [ -87.706119815378642, 41.880971713852631 ], [ -87.705913859329897, 41.873686708190711 ], [ -87.710778854557077, 41.873626712596533 ], [ -87.711002810925905, 41.880915718569682 ] ] ] } },
{ "type": "Feature", "properties": { "GEOID": "17031271400" }, "geometry": { "type": "Polygon", "coordinates": [ [ [ -87.715890806492226, 41.880854723282965 ], [ -87.711002810925905, 41.880915718569682 ], [ -87.710778854557077, 41.873626712596533 ], [ -87.715654849766736, 41.87356671700762 ], [ -87.715890806492226, 41.880854723282965 ] ] ] } },
{ "type": "Feature", "properties": { "GEOID": "17031350400" }, "geometry": { "type": "Polygon", "coordinates": [ [ [ -87.629951137153938, 41.844526634962222 ], [ -87.626958134001313, 41.84558363304626 ], [ -87.626770183879515, 41.838299632184359 ], [ -87.629781179759561, 41.838278634064139 ], [ -87.629951137153938, 41.844526634962222 ] ] ] } },
{ "type": "Feature", "properties": { "GEOID": "17031351400" }, "geometry": { "type": "Polygon", "coordinates": [ [ [ -87.626641233718189, 41.831012631377988 ], [ -87.621761240680314, 41.831057628621387 ], [ -87.621599290932011, 41.82377362810545 ], [ -87.626419283810151, 41.823712630538729 ], [ -87.626641233718189, 41.831012631377988 ] ] ] } },
{ "type": "Feature", "properties": { "GEOID": "17031360200" }, "geometry": { "type": "Polygon", "coordinates": [ [ [ -87.61257430286085, 41.824087623533259 ], [ -87.610610256403589, 41.831184622308164 ], [ -87.609553257899734, 41.831195621708574 ], [ -87.606892312338715, 41.824000620648583 ], [ -87.61257430286085, 41.824087623533259 ] ] ] } },
{ "type": "Feature", "properties": { "GEOID": "17167004200" }, "geometry": { "type": "Polygon", "coordinates": [ [ [ -89.642620894598451, 39.787338271657916 ], [ -89.642057866255357, 39.803840239912546 ], [ -89.629939879828214, 39.802317219901482 ], [ -89.629738895028225, 39.794589234660457 ], [ -89.627710909333558, 39.788388243202341 ], [ -89.642620894598451, 39.787338271657916 ] ] ] } },
{ "type": "Feature", "properties": { "GEOID": "17031430800" }, "geometry": { "type": "Polygon", "coordinates": [ [ [ -87.576218810867189, 41.762513624367756 ], [ -87.566447831482932, 41.762617624290293 ], [ -87.566370858627408, 41.758986625722848 ], [ -87.57613983771283, 41.758874625512007 ], [ -87.576218810867189, 41.762513624367756 ] ] ] } },
{ "type": "Feature", "properties": { "GEOID": "17031430500" }, "geometry": { "type": "Polygon", "coordinates": [ [ [ -87.586326762685246, 41.766119623572543 ], [ -87.576299783583437, 41.766212623209483 ], [ -87.576218810867189, 41.762513624367756 ], [ -87.586229789712334, 41.762408624429476 ], [ -87.586326762685246, 41.766119623572543 ] ] ] } },
{ "type": "Feature", "properties": { "GEOID": "17031681000" }, "geometry": { "type": "Polygon", "coordinates": [ [ [ -87.654499527895084, 41.77960663026704 ], [ -87.644783546520316, 41.779749628904455 ], [ -87.644594595168812, 41.77247062708053 ], [ -87.654307575802321, 41.772331627864467 ], [ -87.654499527895084, 41.77960663026704 ] ] ] } },
{ "type": "Feature", "properties": { "GEOID": "17031681100" }, "geometry": { "type": "Polygon", "coordinates": [ [ [ -87.654307575802321, 41.772331627864467 ], [ -87.644594595168812, 41.77247062708053 ], [ -87.644410643768268, 41.765201625281748 ], [ -87.654113623748927, 41.765055625484422 ], [ -87.654307575802321, 41.772331627864467 ] ] ] } },
{ "type": "Feature", "properties": { "GEOID": "17031680900" }, "geometry": { "type": "Polygon", "coordinates": [ [ [ -87.644836534442248, 41.781555629361456 ], [ -87.640017555620474, 41.779823628228542 ], [ -87.630147574383912, 41.779985626811495 ], [ -87.629982624062293, 41.772707625863035 ], [ -87.644594595168812, 41.77247062708053 ], [ -87.644836534442248, 41.781555629361456 ] ] ] } },
{ "type": "Feature", "properties": { "GEOID": "17031825501" }, "geometry": { "type": "Polygon", "coordinates": [ [ [ -87.748528518350128, 41.571604818804765 ], [ -87.727763757506253, 41.587556922426828 ], [ -87.722494820705606, 41.586169956329215 ], [ -87.694472147230769, 41.586247122362664 ], [ -87.694373194469989, 41.571721167865675 ], [ -87.748528518350128, 41.571604818804765 ] ] ] } },
{ "type": "Feature", "properties": { "GEOID": "17001000400" }, "geometry": { "type": "Polygon", "coordinates": [ [ [ -91.420045868793864, 39.950806682397996 ], [ -91.415471878805533, 39.953993673091503 ], [ -91.415166879676747, 39.965093645442195 ], [ -91.396306920488513, 39.965031639153999 ], [ -91.396551919905235, 39.950437676151545 ], [ -91.403402904998728, 39.950476678140852 ], [ -91.403348904992598, 39.93699071200389 ], [ -91.413327883171746, 39.937062714525766 ], [ -91.413327883150643, 39.93584171756234 ], [ -91.417036875015384, 39.934810721109841 ], [ -91.420045868793864, 39.950806682397996 ] ] ] } },
{ "type": "Feature", "properties": { "GEOID": "17031817101" }, "geometry": { "type": "Polygon", "coordinates": [ [ [ -87.883242901412373, 41.881578961815798 ], [ -87.873403890372813, 41.881813946845412 ], [ -87.872401947858719, 41.870927939218198 ], [ -87.882821958277646, 41.870884955688844 ], [ -87.883242901412373, 41.881578961815798 ] ] ] } },
{ "type": "Feature", "properties": { "GEOID": "17031825801" }, "geometry": { "type": "Polygon", "coordinates": [ [ [ -87.583259062586365, 41.626309499525064 ], [ -87.579096098704454, 41.626606516137144 ], [ -87.578481927168397, 41.644728388066021 ], [ -87.564071048077082, 41.644634444245561 ], [ -87.564018203409518, 41.63003255738905 ], [ -87.571234138041731, 41.629961526376562 ], [ -87.571159212293082, 41.622749580651799 ], [ -87.582074108439343, 41.622681530590086 ], [ -87.583259062586365, 41.626309499525064 ] ] ] } },
{ "type": "Feature", "properties": { "GEOID": "17031825900" }, "geometry": { "type": "Polygon", "coordinates": [ [ [ -87.549084505101547, 41.615641741631499 ], [ -87.54844234695608, 41.629955626114914 ], [ -87.534798531486956, 41.625107728336388 ], [ -87.534729650154873, 41.615495813020345 ], [ -87.549084505101547, 41.615641741631499 ] ] ] } },
{ "type": "Feature", "properties": { "GEOID": "17031826000" }, "geometry": { "type": "Polygon", "coordinates": [ [ [ -87.548067350749406, 41.62992462801256 ], [ -87.544464380067254, 41.630240641112096 ], [ -87.544373342373191, 41.633525613803073 ], [ -87.54244235838425, 41.633634621077043 ], [ -87.532542490434707, 41.63013469407727 ], [ -87.525053558046679, 41.630207726120915 ], [ -87.525136767286909, 41.613833875076914 ], [ -87.534718671015696, 41.613805827908912 ], [ -87.534798531486956, 41.625107728336388 ], [ -87.548067350749406, 41.62992462801256 ] ] ] } },
{ "type": "Feature", "properties": { "GEOID": "17031431200" }, "geometry": { "type": "Polygon", "coordinates": [ [ [ -87.57613983771283, 41.758874625512007 ], [ -87.566370858627408, 41.758986625722848 ], [ -87.566230912886496, 41.75172662859972 ], [ -87.575979891367638, 41.75160462781232 ], [ -87.57613983771283, 41.758874625512007 ] ] ] } },
{ "type": "Feature", "properties": { "GEOID": "17031431400" }, "geometry": { "type": "Polygon", "coordinates": [ [ [ -87.563292837781404, 41.762698624241814 ], [ -87.559437831024823, 41.764723623307319 ], [ -87.547888853660226, 41.765036622883947 ], [ -87.543718888581026, 41.761655624744357 ], [ -87.523685928958471, 41.762119624464987 ], [ -87.523658946431297, 41.759905626114104 ], [ -87.540736927605792, 41.75743362730779 ], [ -87.552285943500053, 41.751917629683696 ], [ -87.563292837781404, 41.762698624241814 ] ] ] } },
{ "type": "Feature", "properties": { "GEOID": "17031611400" }, "geometry": { "type": "Polygon", "coordinates": [ [ [ -87.674684304453066, 41.808508647436014 ], [ -87.669825312509047, 41.808555645606575 ], [ -87.669642359243923, 41.801274642244337 ], [ -87.674504350796312, 41.801231643786672 ], [ -87.674684304453066, 41.808508647436014 ] ] ] } },
{ "type": "Feature", "properties": { "GEOID": "17031681200" }, "geometry": { "type": "Polygon", "coordinates": [ [ [ -87.644594595168812, 41.77247062708053 ], [ -87.631042621953796, 41.77269262595356 ], [ -87.631359645901455, 41.769055625478273 ], [ -87.633543641549821, 41.769013625597033 ], [ -87.634663663806606, 41.765354625055814 ], [ -87.644410643768268, 41.765201625281748 ], [ -87.644594595168812, 41.77247062708053 ] ] ] } },
{ "type": "Feature", "properties": { "GEOID": "17031817600" }, "geometry": { "type": "Polygon", "coordinates": [ [ [ -87.843668895043194, 41.875492896884971 ], [ -87.833884880978786, 41.876308882198401 ], [ -87.833401944877366, 41.864454872730178 ], [ -87.84319995514808, 41.864309888423989 ], [ -87.843668895043194, 41.875492896884971 ] ] ] } },
{ "type": "Feature", "properties": { "GEOID": "17031691200" }, "geometry": { "type": "Polygon", "coordinates": [ [ [ -87.639756750681968, 41.750703622158753 ], [ -87.639233703136668, 41.757995623686604 ], [ -87.624756733853587, 41.758235624189076 ], [ -87.624543784072841, 41.750958623596212 ], [ -87.639756750681968, 41.750703622158753 ] ] ] } },
{ "type": "Feature", "properties": { "GEOID": "17031730300" }, "geometry": { "type": "Polygon", "coordinates": [ [ [ -87.668188781990821, 41.730181698956642 ], [ -87.662958790059903, 41.732187694717922 ], [ -87.662681845385805, 41.721263741028217 ], [ -87.663474842342794, 41.721244740217941 ], [ -87.668188781990821, 41.730181698956642 ] ] ] } },
{ "type": "Feature", "properties": { "GEOID": "17031817700" }, "geometry": { "type": "Polygon", "coordinates": [ [ [ -87.863160937460279, 41.871180924743697 ], [ -87.858886932745733, 41.871279918045154 ], [ -87.859278899111871, 41.877588922567803 ], [ -87.843735887138052, 41.876964898003351 ], [ -87.84319995514808, 41.864309888423989 ], [ -87.848112960595586, 41.864181896261144 ], [ -87.848418921493362, 41.871466901617929 ], [ -87.853329927001369, 41.871336909295181 ], [ -87.853181945619653, 41.867862906816683 ], [ -87.86177995519418, 41.86763892040824 ], [ -87.863010956477964, 41.867622922365271 ], [ -87.863160937460279, 41.871180924743697 ] ] ] } },
{ "type": "Feature", "properties": { "GEOID": "17031826304" }, "geometry": { "type": "Polygon", "coordinates": [ [ [ -87.594221992988182, 41.622579474986303 ], [ -87.579076136784693, 41.622719544206618 ], [ -87.578783157793211, 41.620855559000709 ], [ -87.573567207572424, 41.620927582973778 ], [ -87.573433263632921, 41.615489623839927 ], [ -87.579020207983092, 41.61547359663895 ], [ -87.580509251178256, 41.609466632291351 ], [ -87.594221992988182, 41.622579474986303 ] ] ] } },
{ "type": "Feature", "properties": { "GEOID": "17031730500" }, "geometry": { "type": "Polygon", "coordinates": [ [ [ -87.643208920963261, 41.721501761711977 ], [ -87.63344395856619, 41.721635771882752 ], [ -87.633033057535513, 41.70704284934034 ], [ -87.642832011603005, 41.706915834006558 ], [ -87.643208920963261, 41.721501761711977 ] ] ] } },
{ "type": "Feature", "properties": { "GEOID": "17031381400" }, "geometry": { "type": "Polygon", "coordinates": [ [ [ -87.626082383077929, 41.809234628992826 ], [ -87.619590393504851, 41.809334626485601 ], [ -87.619639380923303, 41.811149626581141 ], [ -87.61820138320553, 41.811171626002938 ], [ -87.616493423667251, 41.805740625226129 ], [ -87.625981407827169, 41.805631628614421 ], [ -87.626082383077929, 41.809234628992826 ] ] ] } },
{ "type": "Feature", "properties": { "GEOID": "17031612100" }, "geometry": { "type": "Polygon", "coordinates": [ [ [ -87.650201392525545, 41.801515636063165 ], [ -87.645342400784074, 41.801582634507987 ], [ -87.645157449361363, 41.794300632617166 ], [ -87.650013440714602, 41.794238633882976 ], [ -87.650201392525545, 41.801515636063165 ] ] ] } },
{ "type": "Feature", "properties": { "GEOID": "17031826600" }, "geometry": { "type": "Polygon", "coordinates": [ [ [ -87.632311579210224, 41.629837259888518 ], [ -87.624379546432777, 41.644564212369175 ], [ -87.617225605898355, 41.644581239839852 ], [ -87.617204717266873, 41.629900325662916 ], [ -87.632311579210224, 41.629837259888518 ] ] ] } },
{ "type": "Feature", "properties": { "GEOID": "17031826700" }, "geometry": { "type": "Polygon", "coordinates": [ [ [ -87.641500452475597, 41.63670018551268 ], [ -87.63176353528371, 41.637096223656457 ], [ -87.631771484977236, 41.644546183977823 ], [ -87.624379546432777, 41.644564212369175 ], [ -87.632311579210224, 41.629837259888518 ], [ -87.641449495363673, 41.629845219840171 ], [ -87.641500452475597, 41.63670018551268 ] ] ] } },
{ "type": "Feature", "properties": { "GEOID": "17031826901" }, "geometry": { "type": "Polygon", "coordinates": [ [ [ -87.675399237947303, 41.61717811893508 ], [ -87.67527721575712, 41.622668098814984 ], [ -87.665694307654235, 41.622647143304874 ], [ -87.66571728995558, 41.626283128244729 ], [ -87.656021380968994, 41.626258172034987 ], [ -87.655955430344605, 41.61716821287645 ], [ -87.675399237947303, 41.61717811893508 ] ] ] } },
{ "type": "Feature", "properties": { "GEOID": "17031730700" }, "geometry": { "type": "Polygon", "coordinates": [ [ [ -87.658739974555957, 41.699442840615916 ], [ -87.656016949360961, 41.706784813056586 ], [ -87.642832011603005, 41.706915834006558 ], [ -87.642606057248599, 41.699639870287804 ], [ -87.658739974555957, 41.699442840615916 ] ] ] } },
{ "type": "Feature", "properties": { "GEOID": "17031390400" }, "geometry": { "type": "Polygon", "coordinates": [ [ [ -87.606562414415265, 41.809531621422266 ], [ -87.601697422341559, 41.809586619522641 ], [ -87.601555474020799, 41.802311620239266 ], [ -87.606404465811082, 41.80224962184392 ], [ -87.606562414415265, 41.809531621422266 ] ] ] } },
{ "type": "Feature", "properties": { "GEOID": "17031827000" }, "geometry": { "type": "Polygon", "coordinates": [ [ [ -87.656338358563318, 41.629896154429751 ], [ -87.651193406380244, 41.629780177482147 ], [ -87.632311579210224, 41.629837259888518 ], [ -87.636195590508905, 41.622609280208863 ], [ -87.655748403073858, 41.622622189509485 ], [ -87.656338358563318, 41.629896154429751 ] ] ] } },
{ "type": "Feature", "properties": { "GEOID": "17031827300" }, "geometry": { "type": "Polygon", "coordinates": [ [ [ -87.655952496554875, 41.604830267923397 ], [ -87.655944449915538, 41.613540229112957 ], [ -87.636404647049488, 41.613573325834786 ], [ -87.636448705184122, 41.604528372243685 ], [ -87.655952496554875, 41.604830267923397 ] ] ] } },
{ "type": "Feature", "properties": { "GEOID": "17031827400" }, "geometry": { "type": "Polygon", "coordinates": [ [ [ -87.675330254135901, 41.613537132995901 ], [ -87.672042287348646, 41.613536149304181 ], [ -87.672572273971781, 41.615353139646942 ], [ -87.665650343175614, 41.615351173531998 ], [ -87.665640360620714, 41.611746188416888 ], [ -87.655948459611153, 41.611725237189006 ], [ -87.655940537265622, 41.597265301732797 ], [ -87.666784419107302, 41.596964242902416 ], [ -87.667220407875391, 41.598323234966728 ], [ -87.670458372162727, 41.598367216982332 ], [ -87.675195325639507, 41.597097195727898 ], [ -87.675330254135901, 41.613537132995901 ] ] ] } },
{ "type": "Feature", "properties": { "GEOID": "17031827600" }, "geometry": { "type": "Polygon", "coordinates": [ [ [ -87.675143372485181, 41.586259236950752 ], [ -87.675195325639507, 41.597097195727898 ], [ -87.670458372162727, 41.598367216982332 ], [ -87.667220407875391, 41.598323234966728 ], [ -87.666784419107302, 41.596964242902416 ], [ -87.650209602327834, 41.596938334997972 ], [ -87.655881596567198, 41.58633935082154 ], [ -87.675143372485181, 41.586259236950752 ] ] ] } },
{ "type": "Feature", "properties": { "GEOID": "17031400500" }, "geometry": { "type": "Polygon", "coordinates": [ [ [ -87.625698483317422, 41.794641627503779 ], [ -87.620843491803242, 41.794721626210759 ], [ -87.620655542192281, 41.787443625792818 ], [ -87.625510533366523, 41.787360626795937 ], [ -87.625698483317422, 41.794641627503779 ] ] ] } },
{ "type": "Feature", "properties": { "GEOID": "17031400800" }, "geometry": { "type": "Polygon", "coordinates": [ [ [ -87.625463545915608, 41.785535626622064 ], [ -87.615757563759502, 41.785697624755187 ], [ -87.615619601849303, 41.780237624678144 ], [ -87.625372583500109, 41.780056626115886 ], [ -87.625463545915608, 41.785535626622064 ] ] ] } },
{ "type": "Feature", "properties": { "GEOID": "17031460100" }, "geometry": { "type": "Polygon", "coordinates": [ [ [ -87.554106940140485, 41.75180862958625 ], [ -87.547700932437422, 41.7547516285127 ], [ -87.545953942265655, 41.753983629049017 ], [ -87.540736927605792, 41.75743362730779 ], [ -87.523658946431297, 41.759905626114104 ], [ -87.523990215292599, 41.735126769688449 ], [ -87.536543242438285, 41.729633809658765 ], [ -87.538710187625242, 41.733556773994657 ], [ -87.542981170466689, 41.733832768729904 ], [ -87.543073127079325, 41.737483737705894 ], [ -87.545309120560034, 41.737461736673012 ], [ -87.545358099192228, 41.739279721376867 ], [ -87.541733109164895, 41.739333722658621 ], [ -87.541835044469067, 41.744757676372963 ], [ -87.553973014252747, 41.744620674015735 ], [ -87.554106940140485, 41.75180862958625 ] ] ] } },
{ "type": "Feature", "properties": { "GEOID": "17031827700" }, "geometry": { "type": "Polygon", "coordinates": [ [ [ -87.675143372485181, 41.586259236950752 ], [ -87.655881596567198, 41.58633935082154 ], [ -87.655947634833893, 41.57906238288998 ], [ -87.674272416282847, 41.57846927178003 ], [ -87.675143372485181, 41.586259236950752 ] ] ] } },
{ "type": "Feature", "properties": { "GEOID": "17031460200" }, "geometry": { "type": "Polygon", "coordinates": [ [ [ -87.552759017235076, 41.744638674221861 ], [ -87.541835044469067, 41.744757676372963 ], [ -87.541733109164895, 41.739333722658621 ], [ -87.545358099192228, 41.739279721376867 ], [ -87.545309120560034, 41.737461736673012 ], [ -87.551429102968569, 41.737376734030867 ], [ -87.552759017235076, 41.744638674221861 ] ] ] } },
{ "type": "Feature", "properties": { "GEOID": "17031829000" }, "geometry": { "type": "Polygon", "coordinates": [ [ [ -87.6351293876222, 41.502504909943092 ], [ -87.623996439705508, 41.520713907228597 ], [ -87.616352557058008, 41.520755970156074 ], [ -87.616176698620464, 41.502564078524642 ], [ -87.6351293876222, 41.502504909943092 ] ] ] } },
{ "type": "Feature", "properties": { "GEOID": "17031460400" }, "geometry": { "type": "Polygon", "coordinates": [ [ [ -87.566230912886496, 41.75172662859972 ], [ -87.561383923528709, 41.751793628981176 ], [ -87.561152074725769, 41.737257729631324 ], [ -87.566026058066669, 41.737431725604402 ], [ -87.566230912886496, 41.75172662859972 ] ] ] } },
{ "type": "Feature", "properties": { "GEOID": "17031829200" }, "geometry": { "type": "Polygon", "coordinates": [ [ [ -87.655026962925987, 41.520544651531409 ], [ -87.64417912963367, 41.520609740933118 ], [ -87.64011731650551, 41.499023875798073 ], [ -87.654943071651644, 41.49903374303652 ], [ -87.655026962925987, 41.520544651531409 ] ] ] } },
{ "type": "Feature", "properties": { "GEOID": "17031829302" }, "geometry": { "type": "Polygon", "coordinates": [ [ [ -87.674386695992595, 41.513290519007171 ], [ -87.664664849823836, 41.513279601970645 ], [ -87.664594886309658, 41.506016632728262 ], [ -87.654924043320037, 41.506011717738893 ], [ -87.654943071651644, 41.49903374303652 ], [ -87.674298751904459, 41.499028569676518 ], [ -87.674386695992595, 41.513290519007171 ] ] ] } },
{ "type": "Feature", "properties": { "GEOID": "17031828504" }, "geometry": { "type": "Polygon", "coordinates": [ [ [ -87.577559246451401, 41.487088372699731 ], [ -87.546996786754704, 41.492534665876285 ], [ -87.540045935869941, 41.495932750087945 ], [ -87.525541157536409, 41.494630867717746 ], [ -87.525705869397726, 41.470283676904131 ], [ -87.577339101609098, 41.46999228361431 ], [ -87.577559246451401, 41.487088372699731 ] ] ] } },
{ "type": "Feature", "properties": { "GEOID": "17031420100" }, "geometry": { "type": "Polygon", "coordinates": [ [ [ -87.591526647397103, 41.780632621012174 ], [ -87.590339610460845, 41.786104619747469 ], [ -87.585171619537718, 41.786241618695506 ], [ -87.56440765683287, 41.786661614405418 ], [ -87.563007700087709, 41.781230616415982 ], [ -87.575345672846638, 41.781583618242351 ], [ -87.579495677906081, 41.779755619431441 ], [ -87.591526647397103, 41.780632621012174 ] ] ] } },
{ "type": "Feature", "properties": { "GEOID": "17031420200" }, "geometry": { "type": "Polygon", "coordinates": [ [ [ -87.596329599446349, 41.786012620942287 ], [ -87.590339610460845, 41.786104619747469 ], [ -87.591525647886854, 41.780564621024844 ], [ -87.596201638826116, 41.780520621741026 ], [ -87.596329599446349, 41.786012620942287 ] ] ] } },
{ "type": "Feature", "properties": { "GEOID": "17031420400" }, "geometry": { "type": "Polygon", "coordinates": [ [ [ -87.606036583757117, 41.7855526228809 ], [ -87.601188590583732, 41.785926621906107 ], [ -87.601065629454851, 41.780466622483345 ], [ -87.60592762011035, 41.780408623221341 ], [ -87.606036583757117, 41.7855526228809 ] ] ] } },
{ "type": "Feature", "properties": { "GEOID": "17031420700" }, "geometry": { "type": "Polygon", "coordinates": [ [ [ -87.615619601849303, 41.780237624678144 ], [ -87.60592762011035, 41.780408623221341 ], [ -87.605766671515212, 41.773139623717455 ], [ -87.61544765255843, 41.772968624595805 ], [ -87.615619601849303, 41.780237624678144 ] ] ] } },
{ "type": "Feature", "properties": { "GEOID": "17031470100" }, "geometry": { "type": "Polygon", "coordinates": [ [ [ -87.604480069143179, 41.722042801442079 ], [ -87.600542959541784, 41.736706711407315 ], [ -87.595305974982708, 41.736781713907732 ], [ -87.586637136330296, 41.722321819038001 ], [ -87.604480069143179, 41.722042801442079 ] ] ] } },
{ "type": "Feature", "properties": { "GEOID": "17031480300" }, "geometry": { "type": "Polygon", "coordinates": [ [ [ -87.592766013927019, 41.733308738660632 ], [ -87.585565037736089, 41.733279743854951 ], [ -87.585142133004908, 41.723294813865742 ], [ -87.587450124420897, 41.723264811649557 ], [ -87.592766013927019, 41.733308738660632 ] ] ] } },
{ "type": "Feature", "properties": { "GEOID": "17031821401" }, "geometry": { "type": "Polygon", "coordinates": [ [ [ -87.667935097199972, 41.663023970052755 ], [ -87.659545120626788, 41.670317965269362 ], [ -87.651409176034349, 41.670391988819453 ], [ -87.651210218513327, 41.663095023183189 ], [ -87.667935097199972, 41.663023970052755 ] ] ] } },
{ "type": "Feature", "properties": { "GEOID": "17031821402" }, "geometry": { "type": "Polygon", "coordinates": [ [ [ -87.665751113891304, 41.662857977716101 ], [ -87.651210218513327, 41.663095023183189 ], [ -87.651409176034349, 41.670391988819453 ], [ -87.641668241927221, 41.67053801667366 ], [ -87.641421288782595, 41.663245053700898 ], [ -87.647202247295283, 41.663158035683416 ], [ -87.647000285062589, 41.65697906585887 ], [ -87.650562264780689, 41.655768059340609 ], [ -87.660606190905639, 41.655106027483981 ], [ -87.660740172168971, 41.658583012101943 ], [ -87.663171157714871, 41.657805007217284 ], [ -87.663128150222093, 41.659383000727487 ], [ -87.665607132229951, 41.659265992963903 ], [ -87.665751113891304, 41.662857977716101 ] ] ] } },
{ "type": "Feature", "properties": { "GEOID": "17031290900" }, "geometry": { "type": "Polygon", "coordinates": [ [ [ -87.739928867188411, 41.865958731377773 ], [ -87.725166882687574, 41.866170718993189 ], [ -87.724951925375251, 41.8588667121941 ], [ -87.739763908727227, 41.858652723732469 ], [ -87.739928867188411, 41.865958731377773 ] ] ] } },
{ "type": "Feature", "properties": { "GEOID": "17031291200" }, "geometry": { "type": "Polygon", "coordinates": [ [ [ -87.715417893018412, 41.866288710767911 ], [ -87.710539898178951, 41.866347706645207 ], [ -87.710329942069635, 41.859023700710118 ], [ -87.715202936503374, 41.858972704542602 ], [ -87.715417893018412, 41.866288710767911 ] ] ] } },
{ "type": "Feature", "properties": { "GEOID": "17031421200" }, "geometry": { "type": "Polygon", "coordinates": [ [ [ -87.61544765255843, 41.772968624595805 ], [ -87.605766671515212, 41.773139623717455 ], [ -87.605583722928102, 41.765879624231403 ], [ -87.61544765255843, 41.772968624595805 ] ] ] } },
{ "type": "Feature", "properties": { "GEOID": "17031292200" }, "geometry": { "type": "Polygon", "coordinates": [ [ [ -87.720062930959429, 41.858919708358954 ], [ -87.710329942069635, 41.859023700710118 ], [ -87.710252958579275, 41.856269698486422 ], [ -87.719885966625213, 41.852872702992542 ], [ -87.720062930959429, 41.858919708358954 ] ] ] } },
{ "type": "Feature", "properties": { "GEOID": "17031292500" }, "geometry": { "type": "Polygon", "coordinates": [ [ [ -87.739763908727227, 41.858652723732469 ], [ -87.724951925375251, 41.8588667121941 ], [ -87.72475796756234, 41.851649705514838 ], [ -87.739419950503219, 41.851349715978955 ], [ -87.739763908727227, 41.858652723732469 ] ] ] } },
{ "type": "Feature", "properties": { "GEOID": "17031300600" }, "geometry": { "type": "Polygon", "coordinates": [ [ [ -87.719868974075169, 41.85160570188512 ], [ -87.714995979980657, 41.851661698353084 ], [ -87.714784023300382, 41.844383692212148 ], [ -87.719671017084551, 41.844315695452551 ], [ -87.719868974075169, 41.85160570188512 ] ] ] } },
{ "type": "Feature", "properties": { "GEOID": "17031300700" }, "geometry": { "type": "Polygon", "coordinates": [ [ [ -87.714995979980657, 41.851661698353084 ], [ -87.710124985955503, 41.851704694807843 ], [ -87.709907029513801, 41.844448688970694 ], [ -87.714784023300382, 41.844383692212148 ], [ -87.714995979980657, 41.851661698353084 ] ] ] } },
{ "type": "Feature", "properties": { "GEOID": "17031480500" }, "geometry": { "type": "Polygon", "coordinates": [ [ [ -87.565590214958206, 41.72264083941527 ], [ -87.565699061528832, 41.737196727586628 ], [ -87.545675290083551, 41.722819859286609 ], [ -87.565590214958206, 41.72264083941527 ] ] ] } },
{ "type": "Feature", "properties": { "GEOID": "17031490500" }, "geometry": { "type": "Polygon", "coordinates": [ [ [ -87.623727996317143, 41.721701782287575 ], [ -87.608093055408773, 41.72199379778975 ], [ -87.603180074194171, 41.722046802839571 ], [ -87.605326138009744, 41.71329585530178 ], [ -87.620115063566729, 41.714540827366207 ], [ -87.622803034202107, 41.716980809942136 ], [ -87.623727996317143, 41.721701782287575 ] ] ] } },
{ "type": "Feature", "properties": { "GEOID": "17031660500" }, "geometry": { "type": "Polygon", "coordinates": [ [ [ -87.712894414867279, 41.778829638042943 ], [ -87.703134433749725, 41.778971636803909 ], [ -87.702964478140387, 41.771673631486074 ], [ -87.712721458602942, 41.771520632132138 ], [ -87.712894414867279, 41.778829638042943 ] ] ] } },
{ "type": "Feature", "properties": { "GEOID": "17031660600" }, "geometry": { "type": "Polygon", "coordinates": [ [ [ -87.703134433749725, 41.778971636803909 ], [ -87.683636471640867, 41.779214634237505 ], [ -87.683545494371714, 41.775597632176741 ], [ -87.703049455953945, 41.775320634140996 ], [ -87.703134433749725, 41.778971636803909 ] ] ] } },
{ "type": "Feature", "properties": { "GEOID": "17031660700" }, "geometry": { "type": "Polygon", "coordinates": [ [ [ -87.683636471640867, 41.779214634237505 ], [ -87.678487481839454, 41.779245633529392 ], [ -87.678617549833348, 41.768383627836542 ], [ -87.683340540108304, 41.768330628051601 ], [ -87.683636471640867, 41.779214634237505 ] ] ] } },
{ "type": "Feature", "properties": { "GEOID": "17031660800" }, "geometry": { "type": "Polygon", "coordinates": [ [ [ -87.703049455953945, 41.775320634140996 ], [ -87.683545494371714, 41.775597632176741 ], [ -87.683441517161413, 41.771976630118054 ], [ -87.702964478140387, 41.771673631486074 ], [ -87.703049455953945, 41.775320634140996 ] ] ] } },
{ "type": "Feature", "properties": { "GEOID": "17031660900" }, "geometry": { "type": "Polygon", "coordinates": [ [ [ -87.712721458602942, 41.771520632132138 ], [ -87.683441517161413, 41.771976630118054 ], [ -87.683240562960762, 41.764700626000206 ], [ -87.712537502216108, 41.764240626265185 ], [ -87.712721458602942, 41.771520632132138 ] ] ] } },
{ "type": "Feature", "properties": { "GEOID": "17031661000" }, "geometry": { "type": "Polygon", "coordinates": [ [ [ -87.693026542752193, 41.764538626107921 ], [ -87.683240562960762, 41.764700626000206 ], [ -87.683340540108304, 41.768330628051601 ], [ -87.678617549833348, 41.768383627836542 ], [ -87.678463618880841, 41.757450622093842 ], [ -87.692817587633655, 41.757301621455817 ], [ -87.693026542752193, 41.764538626107921 ] ] ] } },
{ "type": "Feature", "properties": { "GEOID": "17031280900" }, "geometry": { "type": "Polygon", "coordinates": [ [ [ -87.686427833507352, 41.881160694762656 ], [ -87.683956835943249, 41.881157692347671 ], [ -87.683824867469411, 41.87611868935408 ], [ -87.686265865179365, 41.876082691615956 ], [ -87.686427833507352, 41.881160694762656 ] ] ] } },
{ "type": "Feature", "properties": { "GEOID": "17031491000" }, "geometry": { "type": "Polygon", "coordinates": [ [ [ -87.632643156930826, 41.692470927068896 ], [ -87.632476060143631, 41.707049850210439 ], [ -87.623521102003366, 41.707163864153031 ], [ -87.623102209521676, 41.692583946923421 ], [ -87.632643156930826, 41.692470927068896 ] ] ] } },
{ "type": "Feature", "properties": { "GEOID": "17031530200" }, "geometry": { "type": "Polygon", "coordinates": [ [ [ -87.642150149169623, 41.685080943245978 ], [ -87.62288826337344, 41.685320988330382 ], [ -87.622656317757773, 41.678025030082274 ], [ -87.641905195446483, 41.677813979885769 ], [ -87.642150149169623, 41.685080943245978 ] ] ] } },
{ "type": "Feature", "properties": { "GEOID": "17031530600" }, "geometry": { "type": "Polygon", "coordinates": [ [ [ -87.622656317757773, 41.678025030082274 ], [ -87.613909372904175, 41.678157052581447 ], [ -87.618312487825435, 41.659096151451557 ], [ -87.621744442790998, 41.661733125026913 ], [ -87.622656317757773, 41.678025030082274 ] ] ] } },
{ "type": "Feature", "properties": { "GEOID": "17031670200" }, "geometry": { "type": "Polygon", "coordinates": [ [ [ -87.664579414934067, 41.79402263763793 ], [ -87.659726423504466, 41.794098636394104 ], [ -87.659538471045821, 41.786814633654387 ], [ -87.664391462069858, 41.786745634611322 ], [ -87.664579414934067, 41.79402263763793 ] ] ] } },
{ "type": "Feature", "properties": { "GEOID": "17031670300" }, "geometry": { "type": "Polygon", "coordinates": [ [ [ -87.669440406207286, 41.793967638887253 ], [ -87.664579414934067, 41.79402263763793 ], [ -87.664391462069858, 41.786745634611322 ], [ -87.669242453027152, 41.786686635566852 ], [ -87.669440406207286, 41.793967638887253 ] ] ] } },
{ "type": "Feature", "properties": { "GEOID": "17031670400" }, "geometry": { "type": "Polygon", "coordinates": [ [ [ -87.674298397467993, 41.793914640132392 ], [ -87.669440406207286, 41.793967638887253 ], [ -87.669242453027152, 41.786686635566852 ], [ -87.674097443977132, 41.786626636518015 ], [ -87.674298397467993, 41.793914640132392 ] ] ] } },
{ "type": "Feature", "properties": { "GEOID": "17031670100" }, "geometry": { "type": "Polygon", "coordinates": [ [ [ -87.659726423504466, 41.794098636394104 ], [ -87.654871432097167, 41.794170635142393 ], [ -87.65468148001618, 41.786884632691475 ], [ -87.659538471045821, 41.786814633654387 ], [ -87.659726423504466, 41.794098636394104 ] ] ] } },
{ "type": "Feature", "properties": { "GEOID": "17031670600" }, "geometry": { "type": "Polygon", "coordinates": [ [ [ -87.674097443977132, 41.786626636518015 ], [ -87.669242453027152, 41.786686635566852 ], [ -87.66907649996503, 41.77938163226392 ], [ -87.673902490656062, 41.779314632916822 ], [ -87.674097443977132, 41.786626636518015 ] ] ] } },
{ "type": "Feature", "properties": { "GEOID": "17031670700" }, "geometry": { "type": "Polygon", "coordinates": [ [ [ -87.669242453027152, 41.786686635566852 ], [ -87.664391462069858, 41.786745634611322 ], [ -87.664218509235454, 41.779463631607271 ], [ -87.66907649996503, 41.77938163226392 ], [ -87.669242453027152, 41.786686635566852 ] ] ] } },
{ "type": "Feature", "properties": { "GEOID": "17031670900" }, "geometry": { "type": "Polygon", "coordinates": [ [ [ -87.659538471045821, 41.786814633654387 ], [ -87.65468148001618, 41.786884632691475 ], [ -87.654499527895084, 41.77960663026704 ], [ -87.659358518527711, 41.779541630942312 ], [ -87.659538471045821, 41.786814633654387 ] ] ] } },
{ "type": "Feature", "properties": { "GEOID": "17031260900" }, "geometry": { "type": "Polygon", "coordinates": [ [ [ -87.725409840193947, 41.873441725813606 ], [ -87.720361845107931, 41.873513721265539 ], [ -87.720194873949808, 41.868621716872852 ], [ -87.725268868731973, 41.868553721244844 ], [ -87.725409840193947, 41.873441725813606 ] ] ] } },
{ "type": "Feature", "properties": { "GEOID": "17031261000" }, "geometry": { "type": "Polygon", "coordinates": [ [ [ -87.740074833427173, 41.87189773761785 ], [ -87.733421828988853, 41.873919733597454 ], [ -87.725409840193947, 41.873441725813606 ], [ -87.725283865614031, 41.869087721743064 ], [ -87.732574858099525, 41.868997728054801 ], [ -87.732669846656165, 41.870975730054852 ], [ -87.739980850274989, 41.868937734487403 ], [ -87.740074833427173, 41.87189773761785 ] ] ] } },
{ "type": "Feature", "properties": { "GEOID": "17031491200" }, "geometry": { "type": "Polygon", "coordinates": [ [ [ -87.642376103159421, 41.692354906739276 ], [ -87.632643156930826, 41.692470927068896 ], [ -87.63247920656454, 41.685202965915011 ], [ -87.642150149169623, 41.685080943245978 ], [ -87.642376103159421, 41.692354906739276 ] ] ] } },
{ "type": "Feature", "properties": { "GEOID": "17031500200" }, "geometry": { "type": "Polygon", "coordinates": [ [ [ -87.609858282086989, 41.692769974178667 ], [ -87.606516180750276, 41.707431890108481 ], [ -87.587298268988391, 41.707748918953492 ], [ -87.591926288731116, 41.703132942646789 ], [ -87.59828835014342, 41.692367001528957 ], [ -87.609858282086989, 41.692769974178667 ] ] ] } },
{ "type": "Feature", "properties": { "GEOID": "17091011400" }, "geometry": { "type": "Polygon", "coordinates": [ [ [ -87.83630457269642, 41.133262003848053 ], [ -87.783155790600972, 41.134077083770947 ], [ -87.781748792413296, 41.137577100159618 ], [ -87.777174811536554, 41.137737107450128 ], [ -87.791138777984017, 41.119086011052289 ], [ -87.806678730721799, 41.112301961656513 ], [ -87.811409722296858, 41.107500935656532 ], [ -87.83343766395393, 41.099230872102275 ], [ -87.834965657301424, 41.099887872632166 ], [ -87.83630457269642, 41.133262003848053 ] ] ] } },
{ "type": "Feature", "properties": { "GEOID": "17143001800" }, "geometry": { "type": "Polygon", "coordinates": [ [ [ -89.613199602956811, 40.696370217618814 ], [ -89.613154602483974, 40.70687622762167 ], [ -89.598807597164836, 40.705447173956827 ], [ -89.598893599005649, 40.699612168863531 ], [ -89.609220602403141, 40.69410720105865 ], [ -89.610525602408615, 40.696343207918325 ], [ -89.613199602956811, 40.696370217618814 ] ] ] } },
{ "type": "Feature", "properties": { "GEOID": "17143002100" }, "geometry": { "type": "Polygon", "coordinates": [ [ [ -89.62174060666905, 40.713220265240459 ], [ -89.621417607310264, 40.720583271355622 ], [ -89.617898604879045, 40.717914255759865 ], [ -89.593773590342821, 40.717617166709864 ], [ -89.594007595475645, 40.705169156211383 ], [ -89.615983603623533, 40.707216238274256 ], [ -89.620394605668722, 40.709913257036675 ], [ -89.62174060666905, 40.713220265240459 ] ] ] } },
{ "type": "Feature", "properties": { "GEOID": "17193958000" }, "geometry": { "type": "Polygon", "coordinates": [ [ [ -88.207797772536281, 38.072882824141381 ], [ -88.207509797281929, 38.094070765356683 ], [ -88.189157798558554, 38.0940608035311 ], [ -88.188991806950156, 38.101219784579399 ], [ -88.182366806035688, 38.100034801769894 ], [ -88.173497809383903, 38.102348814474261 ], [ -88.163114809528551, 38.101837837848997 ], [ -88.156571798993852, 38.092486875215904 ], [ -88.153699797566404, 38.091103884609353 ], [ -88.157450790972874, 38.085721890414725 ], [ -88.162177795997891, 38.090271869245356 ], [ -88.180045794833887, 38.090337832316514 ], [ -88.180003786455103, 38.083187851308963 ], [ -88.184997786009475, 38.083097841478619 ], [ -88.186064777480254, 38.075876858670789 ], [ -88.200012776477138, 38.075814831295808 ], [ -88.207797772536281, 38.072882824141381 ] ] ] } },
{ "type": "Feature", "properties": { "GEOID": "17143005000" }, "geometry": { "type": "Polygon", "coordinates": [ [ [ -89.623024602987911, 40.682124238976968 ], [ -89.622947603778158, 40.687800244353511 ], [ -89.609220602403141, 40.69410720105865 ], [ -89.607790602491761, 40.691867193761304 ], [ -89.6079236035702, 40.684367187096548 ], [ -89.606370603867347, 40.682787180033372 ], [ -89.608673603944283, 40.681332186886593 ], [ -89.623024602987911, 40.682124238976968 ] ] ] } },
{ "type": "Feature", "properties": { "GEOID": "17031280800" }, "geometry": { "type": "Polygon", "coordinates": [ [ [ -87.691501828845276, 41.881111699687182 ], [ -87.686427833507352, 41.881160694762656 ], [ -87.686265865179365, 41.876082691615956 ], [ -87.691367860225597, 41.876033696355435 ], [ -87.691501828845276, 41.881111699687182 ] ] ] } },
{ "type": "Feature", "properties": { "GEOID": "17031826500" }, "geometry": { "type": "Polygon", "coordinates": [ [ [ -87.636195590508905, 41.622609280208863 ], [ -87.632311579210224, 41.629837259888518 ], [ -87.617204717266873, 41.629900325662916 ], [ -87.617225605898355, 41.644581239839852 ], [ -87.614395629330886, 41.644599250637405 ], [ -87.60269880068617, 41.635798351648063 ], [ -87.602639912350952, 41.622574435986017 ], [ -87.636195590508905, 41.622609280208863 ] ] ] } },
{ "type": "Feature", "properties": { "GEOID": "17031823603" }, "geometry": { "type": "Polygon", "coordinates": [ [ [ -87.738381589361481, 41.65573675599007 ], [ -87.718765748111409, 41.651332833572269 ], [ -87.679925052165387, 41.65245996982901 ], [ -87.679748070660906, 41.648191985881418 ], [ -87.738079597513618, 41.647161770201095 ], [ -87.738381589361481, 41.65573675599007 ] ] ] } },
{ "type": "Feature", "properties": { "GEOID": "17031817900" }, "geometry": { "type": "Polygon", "coordinates": [ [ [ -87.858093951117382, 41.867729914576216 ], [ -87.853181945619653, 41.867862906816683 ], [ -87.853329927001369, 41.871336909295181 ], [ -87.848418921493362, 41.871466901617929 ], [ -87.848112960595586, 41.864181896261144 ], [ -87.833401944877366, 41.864454872730178 ], [ -87.832832023701329, 41.849840861029136 ], [ -87.85245404435841, 41.84945389370008 ], [ -87.852884985625465, 41.860402901512678 ], [ -87.857781991005396, 41.860278909418341 ], [ -87.858093951117382, 41.867729914576216 ] ] ] } },
{ "type": "Feature", "properties": { "GEOID": "17199021100" }, "geometry": { "type": "Polygon", "coordinates": [ [ [ -88.932604581043776, 37.714793621187376 ], [ -88.932620581922876, 37.72991055174559 ], [ -88.924677565539142, 37.729915557206681 ], [ -88.926081568669474, 37.734172537179532 ], [ -88.93102157884644, 37.733889534686412 ], [ -88.931045579139351, 37.7382555147367 ], [ -88.924050564736376, 37.738874517855628 ], [ -88.924072564878543, 37.740641509989572 ], [ -88.907900531456278, 37.739886527377699 ], [ -88.907157529534246, 37.732467558737525 ], [ -88.911189537622548, 37.728122574070895 ], [ -88.916516548754416, 37.730827558913624 ], [ -88.916513548690631, 37.729754563536659 ], [ -88.923388562880334, 37.729915558096636 ], [ -88.923401562484486, 37.722183592333607 ], [ -88.924675565117013, 37.722293591139604 ], [ -88.925716567092849, 37.719196604406633 ], [ -88.924068563401477, 37.713817629118182 ], [ -88.932604581043776, 37.714793621187376 ] ] ] } },
{ "type": "Feature", "properties": { "GEOID": "17031610400" }, "geometry": { "type": "Polygon", "coordinates": [ [ [ -87.669923289144066, 41.812195647298338 ], [ -87.665061297161301, 41.812220645309807 ], [ -87.664970320553522, 41.808602643774925 ], [ -87.669825312509047, 41.808555645606575 ], [ -87.669923289144066, 41.812195647298338 ] ] ] } },
{ "type": "Feature", "properties": { "GEOID": "17031828503" }, "geometry": { "type": "Polygon", "coordinates": [ [ [ -87.580109114431181, 41.520806269283327 ], [ -87.558341446912891, 41.52103544729674 ], [ -87.558225607877105, 41.506482563817414 ], [ -87.533645006319489, 41.506475779488341 ], [ -87.529177147562919, 41.498896868391228 ], [ -87.525554207145305, 41.498876900660086 ], [ -87.525541157536409, 41.494630867717746 ], [ -87.540045935869941, 41.495932750087945 ], [ -87.546996786754704, 41.492534665876285 ], [ -87.577559246451401, 41.487088372699731 ], [ -87.577879208985593, 41.51467033213617 ], [ -87.580109114431181, 41.520806269283327 ] ] ] } },
{ "type": "Feature", "properties": { "GEOID": "17031826202" }, "geometry": { "type": "Polygon", "coordinates": [ [ [ -87.54939366934083, 41.601017860848778 ], [ -87.543091742942366, 41.60055589882645 ], [ -87.525222016413636, 41.5943350524132 ], [ -87.525302181789897, 41.581361170198477 ], [ -87.527756141194359, 41.582253147166412 ], [ -87.527098115552675, 41.584885127344393 ], [ -87.530207072878582, 41.58537910433941 ], [ -87.53107603109045, 41.587911076604414 ], [ -87.535047993370043, 41.587242059147783 ], [ -87.536748955601468, 41.588725036209425 ], [ -87.539633944217456, 41.586905035011384 ], [ -87.542435880111668, 41.589569995798364 ], [ -87.540783860703101, 41.592783977882107 ], [ -87.549318749540987, 41.594081918531828 ], [ -87.54939366934083, 41.601017860848778 ] ] ] } },
{ "type": "Feature", "properties": { "GEOID": "17031671400" }, "geometry": { "type": "Polygon", "coordinates": [ [ [ -87.678617549833348, 41.768383627836542 ], [ -87.678487481839454, 41.779245633529392 ], [ -87.673902490656062, 41.779314632916822 ], [ -87.67362256011323, 41.768439627604607 ], [ -87.678617549833348, 41.768383627836542 ] ] ] } },
{ "type": "Feature", "properties": { "GEOID": "17031680600" }, "geometry": { "type": "Polygon", "coordinates": [ [ [ -87.65468148001618, 41.786884632691475 ], [ -87.649825488977655, 41.786954631723184 ], [ -87.649640537249425, 41.779672629586862 ], [ -87.654499527895084, 41.77960663026704 ], [ -87.65468148001618, 41.786884632691475 ] ] ] } },
{ "type": "Feature", "properties": { "GEOID": "17031260300" }, "geometry": { "type": "Polygon", "coordinates": [ [ [ -87.735710747006991, 41.887876749569848 ], [ -87.730782751110368, 41.887942744548511 ], [ -87.730570793173413, 41.880665737403291 ], [ -87.73547278867278, 41.880609742115332 ], [ -87.735710747006991, 41.887876749569848 ] ] ] } },
{ "type": "Feature", "properties": { "GEOID": "17031260500" }, "geometry": { "type": "Polygon", "coordinates": [ [ [ -87.740366784174398, 41.880553746815096 ], [ -87.73547278867278, 41.880609742115332 ], [ -87.735218829386454, 41.873518734848808 ], [ -87.740074833427173, 41.87189773761785 ], [ -87.740366784174398, 41.880553746815096 ] ] ] } },
{ "type": "Feature", "properties": { "GEOID": "17031260600" }, "geometry": { "type": "Polygon", "coordinates": [ [ [ -87.73547278867278, 41.880609742115332 ], [ -87.730570793173413, 41.880665737403291 ], [ -87.730309835342766, 41.873384730234854 ], [ -87.735218829386454, 41.873518734848808 ], [ -87.73547278867278, 41.880609742115332 ] ] ] } },
{ "type": "Feature", "properties": { "GEOID": "17031260700" }, "geometry": { "type": "Polygon", "coordinates": [ [ [ -87.730570793173413, 41.880665737403291 ], [ -87.725666797647193, 41.880725732688461 ], [ -87.725409840193947, 41.873441725813606 ], [ -87.730309835342766, 41.873384730234854 ], [ -87.730570793173413, 41.880665737403291 ] ] ] } },
{ "type": "Feature", "properties": { "GEOID": "17031260800" }, "geometry": { "type": "Polygon", "coordinates": [ [ [ -87.725666797647193, 41.880725732688461 ], [ -87.720825802047244, 41.880786728031005 ], [ -87.720361845107931, 41.873513721265539 ], [ -87.725409840193947, 41.873441725813606 ], [ -87.725666797647193, 41.880725732688461 ] ] ] } },
{ "type": "Feature", "properties": { "GEOID": "17031251600" }, "geometry": { "type": "Polygon", "coordinates": [ [ [ -87.755595700475894, 41.894934780407375 ], [ -87.748254695986063, 41.894983770306766 ], [ -87.747998735789579, 41.887883762255164 ], [ -87.755333739747783, 41.887807772273547 ], [ -87.755595700475894, 41.894934780407375 ] ] ] } },
{ "type": "Feature", "properties": { "GEOID": "17031251800" }, "geometry": { "type": "Polygon", "coordinates": [ [ [ -87.755333739747783, 41.887807772273547 ], [ -87.740609742945963, 41.887806754551804 ], [ -87.740366784174398, 41.880553746815096 ], [ -87.755063780737188, 41.880370763773236 ], [ -87.755333739747783, 41.887807772273547 ] ] ] } },
{ "type": "Feature", "properties": { "GEOID": "17031251900" }, "geometry": { "type": "Polygon", "coordinates": [ [ [ -87.765102752910835, 41.887199786358522 ], [ -87.755315743097114, 41.887200771586542 ], [ -87.755063780737188, 41.880370763773236 ], [ -87.764860791152373, 41.880244778731353 ], [ -87.765102752910835, 41.887199786358522 ] ] ] } },
{ "type": "Feature", "properties": { "GEOID": "17031252000" }, "geometry": { "type": "Polygon", "coordinates": [ [ [ -87.774877763418829, 41.887070800984617 ], [ -87.765102752910835, 41.887199786358522 ], [ -87.764860791152373, 41.880244778731353 ], [ -87.774654801389801, 41.880149793726972 ], [ -87.774877763418829, 41.887070800984617 ] ] ] } },
{ "type": "Feature", "properties": { "GEOID": "17031260200" }, "geometry": { "type": "Polygon", "coordinates": [ [ [ -87.730782751110368, 41.887942744548511 ], [ -87.725869755500995, 41.88795573948893 ], [ -87.725666797647193, 41.880725732688461 ], [ -87.730570793173413, 41.880665737403291 ], [ -87.730782751110368, 41.887942744548511 ] ] ] } },
{ "type": "Feature", "properties": { "GEOID": "17031530100" }, "geometry": { "type": "Polygon", "coordinates": [ [ [ -87.62288826337344, 41.685320988330382 ], [ -87.612320325969137, 41.685432013050182 ], [ -87.613909372904175, 41.678157052581447 ], [ -87.622656317757773, 41.678025030082274 ], [ -87.62288826337344, 41.685320988330382 ] ] ] } },
{ "type": "Feature", "properties": { "GEOID": "17031823400" }, "geometry": { "type": "Polygon", "coordinates": [ [ [ -87.709525796349681, 41.662234839126896 ], [ -87.709898760224959, 41.676835800849751 ], [ -87.685599916530023, 41.677212865282087 ], [ -87.685095973738811, 41.662638916517707 ], [ -87.687522956180217, 41.662594908873658 ], [ -87.687749968819972, 41.65856792154635 ], [ -87.687354977222114, 41.657048927948146 ], [ -87.684883995897934, 41.657088936234949 ], [ -87.684804002921396, 41.655363942429304 ], [ -87.680070039129433, 41.655441958571373 ], [ -87.679925052165387, 41.65245996982901 ], [ -87.704164862498686, 41.65194688463707 ], [ -87.704525836926834, 41.660705859424148 ], [ -87.709525796349681, 41.662234839126896 ] ] ] } },
{ "type": "Feature", "properties": { "GEOID": "17031821500" }, "geometry": { "type": "Polygon", "coordinates": [ [ [ -87.66957815297198, 41.648258023497995 ], [ -87.646845285926304, 41.657033066129308 ], [ -87.630967403764799, 41.657495117797012 ], [ -87.621744442790998, 41.661733125026913 ], [ -87.618312487825435, 41.659096151451557 ], [ -87.621332528847788, 41.650419190777164 ], [ -87.617227564709097, 41.650018208082628 ], [ -87.617225605898355, 41.644581239839852 ], [ -87.652444313146191, 41.644474104625502 ], [ -87.647192332296328, 41.648674104838413 ], [ -87.66957815297198, 41.648258023497995 ] ] ] } },
{ "type": "Feature", "properties": { "GEOID": "17031351100" }, "geometry": { "type": "Polygon", "coordinates": [ [ [ -87.616964247542043, 41.831098625908098 ], [ -87.610610256403589, 41.831184622308164 ], [ -87.612621304165046, 41.823889623560213 ], [ -87.616729298112205, 41.823836625642066 ], [ -87.616964247542043, 41.831098625908098 ] ] ] } },
{ "type": "Feature", "properties": { "GEOID": "17031827500" }, "geometry": { "type": "Polygon", "coordinates": [ [ [ -87.655940537265622, 41.597265301732797 ], [ -87.655953498491385, 41.604467269537231 ], [ -87.646069601783566, 41.604745320404398 ], [ -87.636448705184122, 41.604528372243685 ], [ -87.63641572895979, 41.60091239106265 ], [ -87.617025939016017, 41.600878496129816 ], [ -87.616981049374388, 41.586396581068698 ], [ -87.636405823153709, 41.586390465999955 ], [ -87.636382849659753, 41.582341487018375 ], [ -87.638807839922762, 41.579334487547712 ], [ -87.655947634833893, 41.57906238288998 ], [ -87.655881596567198, 41.58633935082154 ], [ -87.650209602327834, 41.596938334997972 ], [ -87.655940537265622, 41.597265301732797 ] ] ] } },
{ "type": "Feature", "properties": { "GEOID": "17031611700" }, "geometry": { "type": "Polygon", "coordinates": [ [ [ -87.674504350796312, 41.801231643786672 ], [ -87.669642359243923, 41.801274642244337 ], [ -87.669440406207286, 41.793967638887253 ], [ -87.674298397467993, 41.793914640132392 ], [ -87.674504350796312, 41.801231643786672 ] ] ] } },
{ "type": "Feature", "properties": { "GEOID": "17031381500" }, "geometry": { "type": "Polygon", "coordinates": [ [ [ -87.626127370602873, 41.811052629183628 ], [ -87.619639380923303, 41.811149626581141 ], [ -87.619590393504851, 41.809334626485601 ], [ -87.626082383077929, 41.809234628992826 ], [ -87.626127370602873, 41.811052629183628 ] ] ] } },
{ "type": "Feature", "properties": { "GEOID": "17031420500" }, "geometry": { "type": "Polygon", "coordinates": [ [ [ -87.610924573997451, 41.785582623821718 ], [ -87.606034581513157, 41.785872622858314 ], [ -87.60592762011035, 41.780408623221341 ], [ -87.610799610928396, 41.780323623957017 ], [ -87.610924573997451, 41.785582623821718 ] ] ] } },
{ "type": "Feature", "properties": { "GEOID": "17031670500" }, "geometry": { "type": "Polygon", "coordinates": [ [ [ -87.678487481839454, 41.779245633529392 ], [ -87.678812389334993, 41.793866641286236 ], [ -87.674298397467993, 41.793914640132392 ], [ -87.673902490656062, 41.779314632916822 ], [ -87.678487481839454, 41.779245633529392 ] ] ] } },
{ "type": "Feature", "properties": { "GEOID": "17031230600" }, "geometry": { "type": "Polygon", "coordinates": [ [ [ -87.741514659640032, 41.902425770711538 ], [ -87.74137761883452, 41.909674778095955 ], [ -87.726326628001701, 41.909877760063566 ], [ -87.726299669807645, 41.902669753422572 ], [ -87.741514659640032, 41.902425770711538 ] ] ] } },
{ "type": "Feature", "properties": { "GEOID": "17031824900" }, "geometry": { "type": "Polygon", "coordinates": [ [ [ -87.717120836913395, 41.610944931679413 ], [ -87.707442935665782, 41.611119980103958 ], [ -87.707868905024526, 41.622056949393269 ], [ -87.693319043930629, 41.622359016183168 ], [ -87.693201072148057, 41.613998042933275 ], [ -87.691200087167587, 41.615530047912671 ], [ -87.680219196969091, 41.61549410171483 ], [ -87.680181240812743, 41.604579141167626 ], [ -87.677696271077508, 41.603634157766201 ], [ -87.680151243186685, 41.604063143182834 ], [ -87.679978255506725, 41.601439153557948 ], [ -87.675233309152347, 41.600865181297763 ], [ -87.714571883141161, 41.600993968165795 ], [ -87.716798857501033, 41.601814954244944 ], [ -87.717120836913395, 41.610944931679413 ] ] ] } },
{ "type": "Feature", "properties": { "GEOID": "17031300800" }, "geometry": { "type": "Polygon", "coordinates": [ [ [ -87.710124985955503, 41.851704694807843 ], [ -87.705251991832426, 41.85176369126961 ], [ -87.705037035693238, 41.844516685731008 ], [ -87.709907029513801, 41.844448688970694 ], [ -87.710124985955503, 41.851704694807843 ] ] ] } },
{ "type": "Feature", "properties": { "GEOID": "17031611200" }, "geometry": { "type": "Polygon", "coordinates": [ [ [ -87.664970320553522, 41.808602643774925 ], [ -87.660103328497428, 41.808667641941682 ], [ -87.659915376002232, 41.801380639155852 ], [ -87.664773367706246, 41.801316640695902 ], [ -87.664970320553522, 41.808602643774925 ] ] ] } },
{ "type": "Feature", "properties": { "GEOID": "17031300900" }, "geometry": { "type": "Polygon", "coordinates": [ [ [ -87.705251991832426, 41.85176369126961 ], [ -87.700360997641624, 41.851836687723264 ], [ -87.700145041731915, 41.844611682489955 ], [ -87.705037035693238, 41.844516685731008 ], [ -87.705251991832426, 41.85176369126961 ] ] ] } },
{ "type": "Feature", "properties": { "GEOID": "17031829500" }, "geometry": { "type": "Polygon", "coordinates": [ [ [ -87.65507203883881, 41.491524729742032 ], [ -87.616140665513072, 41.491656064956864 ], [ -87.616036574147245, 41.477098015251556 ], [ -87.654729984393953, 41.476926708845667 ], [ -87.65507203883881, 41.491524729742032 ] ] ] } },
{ "type": "Feature", "properties": { "GEOID": "17031829100" }, "geometry": { "type": "Polygon", "coordinates": [ [ [ -87.645176232572354, 41.498944830326046 ], [ -87.635292395978595, 41.498980918899484 ], [ -87.6351293876222, 41.502504909943092 ], [ -87.616176698620464, 41.502564078524642 ], [ -87.616140665513072, 41.491656064956864 ], [ -87.645138198697595, 41.491560815235609 ], [ -87.645176232572354, 41.498944830326046 ] ] ] } },
{ "type": "Feature", "properties": { "GEOID": "17031260400" }, "geometry": { "type": "Polygon", "coordinates": [ [ [ -87.740609742945963, 41.887806754551804 ], [ -87.735710747006991, 41.887876749569848 ], [ -87.73547278867278, 41.880609742115332 ], [ -87.740366784174398, 41.880553746815096 ], [ -87.740609742945963, 41.887806754551804 ] ] ] } },
{ "type": "Feature", "properties": { "GEOID": "17031231200" }, "geometry": { "type": "Polygon", "coordinates": [ [ [ -87.726299669807645, 41.902669753422572 ], [ -87.716558676709127, 41.902752742260539 ], [ -87.716310719920699, 41.895459735885602 ], [ -87.726076712331661, 41.895366746483447 ], [ -87.726299669807645, 41.902669753422572 ] ] ] } },
{ "type": "Feature", "properties": { "GEOID": "17031510200" }, "geometry": { "type": "Polygon", "coordinates": [ [ [ -87.564715218794476, 41.722598840678117 ], [ -87.556602249154281, 41.722699848589258 ], [ -87.554966436864518, 41.706394981708527 ], [ -87.558707418937715, 41.706390975560943 ], [ -87.558204460953533, 41.702771005140207 ], [ -87.559601453899788, 41.702776002612922 ], [ -87.559660395079334, 41.708166959974591 ], [ -87.564509372964181, 41.708101952772751 ], [ -87.564715218794476, 41.722598840678117 ] ] ] } },
{ "type": "Feature", "properties": { "GEOID": "17031690400" }, "geometry": { "type": "Polygon", "coordinates": [ [ [ -87.625223635766801, 41.772446625424486 ], [ -87.61544765255843, 41.772968624595805 ], [ -87.615259703258275, 41.76570962453355 ], [ -87.62490468380625, 41.765512624805517 ], [ -87.625223635766801, 41.772446625424486 ] ] ] } },
{ "type": "Feature", "properties": { "GEOID": "17031691300" }, "geometry": { "type": "Polygon", "coordinates": [ [ [ -87.624756733853587, 41.758235624189076 ], [ -87.61511775418839, 41.758406624492082 ], [ -87.614955805123358, 41.751112624469457 ], [ -87.624543784072841, 41.750958623596212 ], [ -87.624756733853587, 41.758235624189076 ] ] ] } },
{ "type": "Feature", "properties": { "GEOID": "17031691400" }, "geometry": { "type": "Polygon", "coordinates": [ [ [ -87.61511775418839, 41.758406624492082 ], [ -87.605388774683121, 41.75857862477055 ], [ -87.605212826374199, 41.75128462533084 ], [ -87.614955805123358, 41.751112624469457 ], [ -87.61511775418839, 41.758406624492082 ] ] ] } },
{ "type": "Feature", "properties": { "GEOID": "17031691500" }, "geometry": { "type": "Polygon", "coordinates": [ [ [ -87.605388774683121, 41.75857862477055 ], [ -87.595611795649944, 41.758694625031559 ], [ -87.593072814210529, 41.756891625418319 ], [ -87.595939808026898, 41.756855625302343 ], [ -87.595488848053478, 41.751385626174148 ], [ -87.605212826374199, 41.75128462533084 ], [ -87.605388774683121, 41.75857862477055 ] ] ] } },
{ "type": "Feature", "properties": { "GEOID": "17031580100" }, "geometry": { "type": "Polygon", "coordinates": [ [ [ -87.69496412418124, 41.832277670844277 ], [ -87.687446120711584, 41.834630667922966 ], [ -87.686077195183358, 41.822954660254844 ], [ -87.694624182786356, 41.822784664411095 ], [ -87.69496412418124, 41.832277670844277 ] ] ] } },
{ "type": "Feature", "properties": { "GEOID": "17031580200" }, "geometry": { "type": "Polygon", "coordinates": [ [ [ -87.704643128216759, 41.829231674165797 ], [ -87.69496412418124, 41.832277670844277 ], [ -87.694624182786356, 41.822784664411095 ], [ -87.704437168521437, 41.822588669152992 ], [ -87.704643128216759, 41.829231674165797 ] ] ] } },
{ "type": "Feature", "properties": { "GEOID": "17031681300" }, "geometry": { "type": "Polygon", "coordinates": [ [ [ -87.644410643768268, 41.765201625281748 ], [ -87.634663663806606, 41.765354625055814 ], [ -87.635699710625332, 41.75805662381493 ], [ -87.639233703136668, 41.757995623686604 ], [ -87.639402715064392, 41.756154623304973 ], [ -87.644181704744469, 41.756086623057072 ], [ -87.644410643768268, 41.765201625281748 ] ] ] } },
{ "type": "Feature", "properties": { "GEOID": "17031681400" }, "geometry": { "type": "Polygon", "coordinates": [ [ [ -87.654113623748927, 41.765055625484422 ], [ -87.644410643768268, 41.765201625281748 ], [ -87.644229691990219, 41.757992623519428 ], [ -87.653926671283841, 41.757844623148294 ], [ -87.654113623748927, 41.765055625484422 ] ] ] } },
{ "type": "Feature", "properties": { "GEOID": "17031690300" }, "geometry": { "type": "Polygon", "coordinates": [ [ [ -87.634663663806606, 41.765354625055814 ], [ -87.633543641549821, 41.769013625597033 ], [ -87.631359645901455, 41.769055625478273 ], [ -87.631042621953796, 41.77269262595356 ], [ -87.625220633546874, 41.772772625452902 ], [ -87.62490468380625, 41.765512624805517 ], [ -87.634663663806606, 41.765354625055814 ] ] ] } },
{ "type": "Feature", "properties": { "GEOID": "17031690500" }, "geometry": { "type": "Polygon", "coordinates": [ [ [ -87.61544765255843, 41.772968624595805 ], [ -87.61217867599045, 41.770580624348717 ], [ -87.605583722928102, 41.765879624231403 ], [ -87.615259703258275, 41.76570962453355 ], [ -87.61544765255843, 41.772968624595805 ] ] ] } },
{ "type": "Feature", "properties": { "GEOID": "17031690900" }, "geometry": { "type": "Polygon", "coordinates": [ [ [ -87.615259703258275, 41.76570962453355 ], [ -87.605571723010186, 41.765871624231615 ], [ -87.605388774683121, 41.75857862477055 ], [ -87.61511775418839, 41.758406624492082 ], [ -87.615259703258275, 41.76570962453355 ] ] ] } },
{ "type": "Feature", "properties": { "GEOID": "17031691000" }, "geometry": { "type": "Polygon", "coordinates": [ [ [ -87.62490468380625, 41.765512624805517 ], [ -87.615259703258275, 41.76570962453355 ], [ -87.61511775418839, 41.758406624492082 ], [ -87.624756733853587, 41.758235624189076 ], [ -87.62490468380625, 41.765512624805517 ] ] ] } },
{ "type": "Feature", "properties": { "GEOID": "17031671200" }, "geometry": { "type": "Polygon", "coordinates": [ [ [ -87.669089500781141, 41.779249632206678 ], [ -87.664218509235454, 41.779463631607271 ], [ -87.664067544609438, 41.774011629369554 ], [ -87.668943534897537, 41.773950629820256 ], [ -87.669089500781141, 41.779249632206678 ] ] ] } },
{ "type": "Feature", "properties": { "GEOID": "17031671100" }, "geometry": { "type": "Polygon", "coordinates": [ [ [ -87.664218509235454, 41.779463631607271 ], [ -87.659358518527711, 41.779541630942312 ], [ -87.659213554243806, 41.774076628917619 ], [ -87.664067544609438, 41.774011629369554 ], [ -87.664218509235454, 41.779463631607271 ] ] ] } },
{ "type": "Feature", "properties": { "GEOID": "17031671300" }, "geometry": { "type": "Polygon", "coordinates": [ [ [ -87.673902490656062, 41.779314632916822 ], [ -87.66907649996503, 41.77938163226392 ], [ -87.668771570087387, 41.768494627375247 ], [ -87.67362256011323, 41.768439627604607 ], [ -87.673902490656062, 41.779314632916822 ] ] ] } },
{ "type": "Feature", "properties": { "GEOID": "17031671600" }, "geometry": { "type": "Polygon", "coordinates": [ [ [ -87.664067544609438, 41.774011629369554 ], [ -87.659213554243806, 41.774076628917619 ], [ -87.65896461374895, 41.76497962557594 ], [ -87.663793603763324, 41.764907625662524 ], [ -87.664067544609438, 41.774011629369554 ] ] ] } },
{ "type": "Feature", "properties": { "GEOID": "17031671800" }, "geometry": { "type": "Polygon", "coordinates": [ [ [ -87.65896461374895, 41.76497962557594 ], [ -87.654113623748927, 41.765055625484422 ], [ -87.653926671283841, 41.757844623148294 ], [ -87.658774661167271, 41.757732622940132 ], [ -87.65896461374895, 41.76497962557594 ] ] ] } },
{ "type": "Feature", "properties": { "GEOID": "17031710100" }, "geometry": { "type": "Polygon", "coordinates": [ [ [ -87.644181704744469, 41.756086623057072 ], [ -87.639897714015518, 41.756144623278928 ], [ -87.639756750681968, 41.750703622158753 ], [ -87.644041741203992, 41.750640621744516 ], [ -87.644181704744469, 41.756086623057072 ] ] ] } },
{ "type": "Feature", "properties": { "GEOID": "17031710200" }, "geometry": { "type": "Polygon", "coordinates": [ [ [ -87.658774661167271, 41.757732622940132 ], [ -87.644229691990219, 41.757992623519428 ], [ -87.644086729068391, 41.752453622180212 ], [ -87.658631697079883, 41.752246620959767 ], [ -87.658774661167271, 41.757732622940132 ] ] ] } },
{ "type": "Feature", "properties": { "GEOID": "17031710400" }, "geometry": { "type": "Polygon", "coordinates": [ [ [ -87.678463618880841, 41.757450622093842 ], [ -87.663604650725887, 41.757675622745857 ], [ -87.66343469823903, 41.750355619814492 ], [ -87.678236665196366, 41.750165618294758 ], [ -87.678463618880841, 41.757450622093842 ] ] ] } },
{ "type": "Feature", "properties": { "GEOID": "17031710500" }, "geometry": { "type": "Polygon", "coordinates": [ [ [ -87.678034688332531, 41.744731637578163 ], [ -87.678236665196366, 41.750165618294758 ], [ -87.66343469823903, 41.750355619814492 ], [ -87.66329972609897, 41.744892641123229 ], [ -87.678034688332531, 41.744731637578163 ] ] ] } },
{ "type": "Feature", "properties": { "GEOID": "17031710600" }, "geometry": { "type": "Polygon", "coordinates": [ [ [ -87.66343469823903, 41.750355619814492 ], [ -87.65858770900256, 41.750424620304557 ], [ -87.658442738389496, 41.744964642171965 ], [ -87.66329972609897, 41.744892641123229 ], [ -87.66343469823903, 41.750355619814492 ] ] ] } },
{ "type": "Feature", "properties": { "GEOID": "17031710800" }, "geometry": { "type": "Polygon", "coordinates": [ [ [ -87.653783707742235, 41.752316621372366 ], [ -87.644086729068391, 41.752453622180212 ], [ -87.64382878617829, 41.743356654103657 ], [ -87.653536760791638, 41.743214651492863 ], [ -87.653783707742235, 41.752316621372366 ] ] ] } },
{ "type": "Feature", "properties": { "GEOID": "17031340600" }, "geometry": { "type": "Polygon", "coordinates": [ [ [ -87.636351269151675, 41.823581635536527 ], [ -87.636248220297375, 41.830879636786307 ], [ -87.628922230890026, 41.83092863265778 ], [ -87.628965280051133, 41.823679631821982 ], [ -87.636351269151675, 41.823581635536527 ] ] ] } },
{ "type": "Feature", "properties": { "GEOID": "17031430200" }, "geometry": { "type": "Polygon", "coordinates": [ [ [ -87.586326762685246, 41.766119623572543 ], [ -87.586293710598511, 41.773337621902201 ], [ -87.576484730129408, 41.773454620958489 ], [ -87.576299783583437, 41.766212623209483 ], [ -87.586326762685246, 41.766119623572543 ] ] ] } },
{ "type": "Feature", "properties": { "GEOID": "17031430300" }, "geometry": { "type": "Polygon", "coordinates": [ [ [ -87.592442750310582, 41.766009623796123 ], [ -87.592218698741974, 41.7732736224619 ], [ -87.586293710598511, 41.773337621902201 ], [ -87.586326762685246, 41.766119623572543 ], [ -87.592442750310582, 41.766009623796123 ] ] ] } },
{ "type": "Feature", "properties": { "GEOID": "17031510300" }, "geometry": { "type": "Polygon", "coordinates": [ [ [ -87.587450124420897, 41.723264811649557 ], [ -87.565629202020048, 41.723856830038052 ], [ -87.564509372964181, 41.708101952772751 ], [ -87.586049274751431, 41.707763920852088 ], [ -87.58516215639429, 41.720798831270493 ], [ -87.587450124420897, 41.723264811649557 ] ] ] } },
{ "type": "Feature", "properties": { "GEOID": "17031834800" }, "geometry": { "type": "Polygon", "coordinates": [ [ [ -87.649825488977655, 41.786954631723184 ], [ -87.64016850669978, 41.78710562978349 ], [ -87.64002554946083, 41.7807436284223 ], [ -87.644836534442248, 41.781555629361456 ], [ -87.644783546520316, 41.779749628904455 ], [ -87.649640537249425, 41.779672629586862 ], [ -87.649825488977655, 41.786954631723184 ] ] ] } },
{ "type": "Feature", "properties": { "GEOID": "17031834700" }, "geometry": { "type": "Polygon", "coordinates": [ [ [ -87.650013440714602, 41.794238633882976 ], [ -87.640326457801834, 41.794385631357919 ], [ -87.64016850669978, 41.78710562978349 ], [ -87.649825488977655, 41.786954631723184 ], [ -87.650013440714602, 41.794238633882976 ] ] ] } },
{ "type": "Feature", "properties": { "GEOID": "17031835100" }, "geometry": { "type": "Polygon", "coordinates": [ [ [ -87.693795362416353, 41.793689645079134 ], [ -87.678812389334993, 41.793866641286236 ], [ -87.678713435379422, 41.786567637416887 ], [ -87.693592407455341, 41.786405640302149 ], [ -87.693795362416353, 41.793689645079134 ] ] ] } },
{ "type": "Feature", "properties": { "GEOID": "17031835000" }, "geometry": { "type": "Polygon", "coordinates": [ [ [ -87.693592407455341, 41.786405640302149 ], [ -87.678713435379422, 41.786567637416887 ], [ -87.678487481839454, 41.779245633529392 ], [ -87.693389452567445, 41.779114635544893 ], [ -87.693592407455341, 41.786405640302149 ] ] ] } },
{ "type": "Feature", "properties": { "GEOID": "17003957800" }, "geometry": { "type": "Polygon", "coordinates": [ [ [ -89.26414538224742, 37.083728591697401 ], [ -89.261411385042138, 37.08805559874196 ], [ -89.254593393588237, 37.093669622648477 ], [ -89.252386395302509, 37.099635625846666 ], [ -89.248819398846919, 37.098762637904713 ], [ -89.244350397435156, 37.100774637069811 ], [ -89.242160398320181, 37.094917644384132 ], [ -89.240672397529693, 37.096980642533218 ], [ -89.237707397351471, 37.094765646046028 ], [ -89.239687398294592, 37.092478647995058 ], [ -89.235625397232042, 37.093033648747337 ], [ -89.232872397162922, 37.090058653161705 ], [ -89.225331395042033, 37.09182165371066 ], [ -89.202796390179998, 37.08572066933678 ], [ -89.201415389624401, 37.088477666293045 ], [ -89.195510388148008, 37.088569668290681 ], [ -89.19720938872392, 37.085805671289286 ], [ -89.193533387803384, 37.085002673705148 ], [ -89.18463438551133, 37.079053685068445 ], [ -89.179636383969793, 37.069087700723081 ], [ -89.174337382294226, 37.070251701397432 ], [ -89.172080381496116, 37.068307705090291 ], [ -89.177856383186239, 37.057793717075192 ], [ -89.182466384858756, 37.0391617402516 ], [ -89.180150383696201, 37.023712762698274 ], [ -89.172449379362945, 37.010609785727212 ], [ -89.183347385328432, 37.005402785628846 ], [ -89.18523238636358, 37.008692779905111 ], [ -89.196475392781494, 37.004986777270751 ], [ -89.199807394046687, 37.014580762579989 ], [ -89.203407395620957, 37.018853754790634 ], [ -89.234052407787999, 37.037274714161313 ], [ -89.250075407695562, 37.064830674600572 ], [ -89.26414538224742, 37.083728591697401 ] ] ] } },
{ "type": "Feature", "properties": { "GEOID": "17003957600" }, "geometry": { "type": "Polygon", "coordinates": [ [ [ -89.518475985483647, 37.287309328584769 ], [ -89.510758978139776, 37.312740412348411 ], [ -89.497277962049665, 37.322824449037512 ], [ -89.49119297756171, 37.331357505738538 ], [ -89.486687987115829, 37.334550535452642 ], [ -89.262276368090014, 37.335575431342242 ], [ -89.248565389664222, 37.335295480536892 ], [ -89.243802391242568, 37.331666481376296 ], [ -89.222866403787734, 37.332181487097358 ], [ -89.222217403054216, 37.329458486486288 ], [ -89.217128405036519, 37.327134487021219 ], [ -89.215617404763307, 37.32446048649313 ], [ -89.206568408527048, 37.321390487283516 ], [ -89.20887240612501, 37.318906485891681 ], [ -89.205881407025345, 37.317239485783681 ], [ -89.20335540357523, 37.306754481913977 ], [ -89.202547396559225, 37.290716475327784 ], [ -89.210600388095983, 37.280265471514994 ], [ -89.220701383170748, 37.279327471905276 ], [ -89.221905381854256, 37.277432471441621 ], [ -89.227237378748171, 37.275534471406942 ], [ -89.227911377582828, 37.273326470916274 ], [ -89.237888372388383, 37.270871471566572 ], [ -89.242282368980369, 37.266519471434044 ], [ -89.241618368685295, 37.264928471071386 ], [ -89.245883366627538, 37.264001471652058 ], [ -89.248500364241778, 37.260083471636513 ], [ -89.247463364125835, 37.258546471239683 ], [ -89.250682361251435, 37.256547468033183 ], [ -89.248279362432456, 37.254491470921842 ], [ -89.251705358006149, 37.252317462203308 ], [ -89.248363361272084, 37.251161470543579 ], [ -89.2496743607052, 37.248790472080167 ], [ -89.251542357606283, 37.249655463126061 ], [ -89.250004360854788, 37.247714473323725 ], [ -89.250366361341051, 37.2433154762873 ], [ -89.255038356024656, 37.232133464562921 ], [ -89.257808352012745, 37.229020453844569 ], [ -89.256389354849063, 37.227697462633579 ], [ -89.26150134607542, 37.227166437025751 ], [ -89.259547348744945, 37.229849443959097 ], [ -89.261320345282044, 37.231144433344348 ], [ -89.263781342266469, 37.226574426029067 ], [ -89.267810335412051, 37.225996406072113 ], [ -89.265201340598352, 37.223756422072576 ], [ -89.266157339434486, 37.222031419227726 ], [ -89.264590341988253, 37.222605426547346 ], [ -89.261324348324152, 37.220208445995816 ], [ -89.262508347411668, 37.216165444675092 ], [ -89.268993336153414, 37.216459411429604 ], [ -89.268535337764007, 37.213655417103411 ], [ -89.270839334501829, 37.211316408267194 ], [ -89.272985330441543, 37.212588395886122 ], [ -89.275356326780539, 37.211259385535186 ], [ -89.280216317915077, 37.212968358861609 ], [ -89.283550312409886, 37.212293342860946 ], [ -89.287197305376978, 37.214654321392239 ], [ -89.292133298609585, 37.209577303056477 ], [ -89.295124291668103, 37.214875280950913 ], [ -89.300023283251434, 37.214845256174044 ], [ -89.302930277461101, 37.217038238451636 ], [ -89.307195270263747, 37.21661121739244 ], [ -89.32140324423797, 37.220489139637777 ], [ -89.323151237857005, 37.22888211841844 ], [ -89.341981201405005, 37.237002009034889 ], [ -89.343739199707471, 37.233814004940484 ], [ -89.351955184468707, 37.235570959712426 ], [ -89.35782617456141, 37.234651930872111 ], [ -89.364546165565201, 37.228777905999237 ], [ -89.370559156081882, 37.226698878663768 ], [ -89.374032152152466, 37.222441868192739 ], [ -89.377712144053433, 37.225826843522839 ], [ -89.380996138299068, 37.22589482658779 ], [ -89.388138127981946, 37.221865797233633 ], [ -89.402621103031748, 37.221574723902521 ], [ -89.413621087086128, 37.216162678195687 ], [ -89.436032045480673, 37.2209935547112 ], [ -89.438760039506207, 37.22298953672783 ], [ -89.428035055865394, 37.226726584053388 ], [ -89.429447049820169, 37.232624565033511 ], [ -89.42761505064756, 37.236577566614969 ], [ -89.429656045568308, 37.239014551183217 ], [ -89.435526036007573, 37.237700523404705 ], [ -89.436298032887109, 37.240531513653181 ], [ -89.441241023837208, 37.24100548700499 ], [ -89.443560018739277, 37.242564471730425 ], [ -89.444367015042403, 37.2461214601595 ], [ -89.448572006334899, 37.248008434251858 ], [ -89.452166002928649, 37.243393425194427 ], [ -89.453538000907756, 37.24275841939383 ], [ -89.453581999558722, 37.244699415053141 ], [ -89.457981993607262, 37.241874398154891 ], [ -89.45882598759988, 37.248657379219459 ], [ -89.466867973889563, 37.252732343270601 ], [ -89.476882956291576, 37.253225292893667 ], [ -89.489913931882541, 37.251311218220522 ], [ -89.515360972961687, 37.278905293225151 ], [ -89.518475985483647, 37.287309328584769 ] ] ] } },
{ "type": "Feature", "properties": { "GEOID": "17003957900" }, "geometry": { "type": "Polygon", "coordinates": [ [ [ -89.196004392503269, 37.005200777310598 ], [ -89.18523238636358, 37.008692779905111 ], [ -89.183347385328432, 37.005402785628846 ], [ -89.172449379362945, 37.010609785727212 ], [ -89.17017237795001, 37.00706479222098 ], [ -89.160321370010266, 36.999155808031745 ], [ -89.132914313689653, 36.982054815988064 ], [ -89.170008315087188, 36.970295760169712 ], [ -89.18549033361839, 36.973515745774627 ], [ -89.19209635131601, 36.979992749710618 ], [ -89.194086363757023, 36.985656758270274 ], [ -89.196004392503269, 37.005200777310598 ] ] ] } },
{ "type": "Feature", "properties": { "GEOID": "17201002302" }, "geometry": { "type": "Polygon", "coordinates": [ [ [ -89.173605970549403, 42.266432672006445 ], [ -89.172910981269411, 42.279381682104848 ], [ -89.150249932149819, 42.278039659174645 ], [ -89.150322917880317, 42.260329648667287 ], [ -89.159905941271234, 42.265034659448041 ], [ -89.173605970549403, 42.266432672006445 ] ] ] } },
{ "type": "Feature", "properties": { "GEOID": "17201002400" }, "geometry": { "type": "Polygon", "coordinates": [ [ [ -89.1503219179003, 42.260356648682631 ], [ -89.150249932149819, 42.278039659174645 ], [ -89.125779879507419, 42.276627635116306 ], [ -89.125795875415449, 42.27056463301119 ], [ -89.129461883001483, 42.27055463626111 ], [ -89.1294948795707, 42.265560634357485 ], [ -89.1503219179003, 42.260356648682631 ] ] ] } },
{ "type": "Feature", "properties": { "GEOID": "17201002500" }, "geometry": { "type": "Polygon", "coordinates": [ [ [ -89.129491879936609, 42.266091634560482 ], [ -89.129461883001483, 42.27055463626111 ], [ -89.125795875415449, 42.27056463301119 ], [ -89.12576788243949, 42.280974636623881 ], [ -89.109471847838392, 42.281106620472386 ], [ -89.109374840233116, 42.268582618071953 ], [ -89.129491879936609, 42.266091634560482 ] ] ] } },
{ "type": "Feature", "properties": { "GEOID": "17201002000" }, "geometry": { "type": "Polygon", "coordinates": [ [ [ -89.086890763324234, 42.219556517227851 ], [ -89.086891776449747, 42.237810566476924 ], [ -89.072176748607959, 42.237912557328556 ], [ -89.072106736727548, 42.219651508900711 ], [ -89.086890763324234, 42.219556517227851 ] ] ] } },
{ "type": "Feature", "properties": { "GEOID": "17115003100" }, "geometry": { "type": "Polygon", "coordinates": [ [ [ -88.957545132302371, 39.854787720021754 ], [ -88.952237128708447, 39.854859704093151 ], [ -88.952420080370672, 39.862165712699102 ], [ -88.945535075035551, 39.862324692526172 ], [ -88.945473172880369, 39.84763367532971 ], [ -88.943038171484091, 39.847640667854797 ], [ -88.943421196977511, 39.843851664581564 ], [ -88.946303198937599, 39.843789673454388 ], [ -88.946190221412778, 39.840405669204166 ], [ -88.94972522321477, 39.840411680279303 ], [ -88.955186279541735, 39.832330688648497 ], [ -88.955781232602021, 39.839469698227774 ], [ -88.957229233251127, 39.839484702788404 ], [ -88.957545132302371, 39.854787720021754 ] ] ] } },
{ "type": "Feature", "properties": { "GEOID": "17031843000" }, "geometry": { "type": "Polygon", "coordinates": [ [ [ -87.739980850274989, 41.868937734487403 ], [ -87.732669846656165, 41.870975730054852 ], [ -87.732574858099525, 41.868997728054801 ], [ -87.725268868731973, 41.868553721244844 ], [ -87.705786881298152, 41.87005170535334 ], [ -87.705665903347153, 41.866403702518959 ], [ -87.739928867188411, 41.865958731377773 ], [ -87.739980850274989, 41.868937734487403 ] ] ] } },
{ "type": "Feature", "properties": { "GEOID": "17031843100" }, "geometry": { "type": "Polygon", "coordinates": [ [ [ -87.705665903347153, 41.866403702518959 ], [ -87.695903913719292, 41.866509694237038 ], [ -87.695565981070871, 41.855550686662255 ], [ -87.702925972557253, 41.855449692231467 ], [ -87.702873982575838, 41.853800690996607 ], [ -87.705303980812801, 41.853585692664566 ], [ -87.705426954266329, 41.857976696030981 ], [ -87.702935952083536, 41.858839694697586 ], [ -87.70545294758756, 41.859082696876335 ], [ -87.705665903347153, 41.866403702518959 ] ] ] } },
{ "type": "Feature", "properties": { "GEOID": "17031839600" }, "geometry": { "type": "Polygon", "coordinates": [ [ [ -87.621761240680314, 41.831057628621387 ], [ -87.616964247542043, 41.831098625908098 ], [ -87.616729298112205, 41.823836625642066 ], [ -87.621599290932011, 41.82377362810545 ], [ -87.621761240680314, 41.831057628621387 ] ] ] } },
{ "type": "Feature", "properties": { "GEOID": "17031834900" }, "geometry": { "type": "Polygon", "coordinates": [ [ [ -87.659358518527711, 41.779541630942312 ], [ -87.654499527895084, 41.77960663026704 ], [ -87.654113623748927, 41.765055625484422 ], [ -87.65896461374895, 41.76497962557594 ], [ -87.659358518527711, 41.779541630942312 ] ] ] } },
{ "type": "Feature", "properties": { "GEOID": "17031836800" }, "geometry": { "type": "Polygon", "coordinates": [ [ [ -87.720978759589428, 41.888016734492929 ], [ -87.706331771950687, 41.888173719482879 ], [ -87.706166804401448, 41.882792715267314 ], [ -87.714078806002277, 41.881237721830587 ], [ -87.720816795564758, 41.881895728989107 ], [ -87.720978759589428, 41.888016734492929 ] ] ] } },
{ "type": "Feature", "properties": { "GEOID": "17201002700" }, "geometry": { "type": "Polygon", "coordinates": [ [ [ -89.116072843697921, 42.252107619738148 ], [ -89.115798852115319, 42.266419623106941 ], [ -89.113455848401856, 42.268191621524402 ], [ -89.101540824051483, 42.268508611267762 ], [ -89.104388827707581, 42.264585613212148 ], [ -89.105205826486511, 42.259503613166906 ], [ -89.11033783672903, 42.259374617123925 ], [ -89.110231832178101, 42.252089615638582 ], [ -89.116072843697921, 42.252107619738148 ] ] ] } },
{ "type": "Feature", "properties": { "GEOID": "17201002800" }, "geometry": { "type": "Polygon", "coordinates": [ [ [ -89.11033783672903, 42.259374617123925 ], [ -89.105205826486511, 42.259503613166906 ], [ -89.104388827707581, 42.264585613212148 ], [ -89.101540824051483, 42.268508611267762 ], [ -89.095238809795347, 42.26602760570271 ], [ -89.094092804070527, 42.259365604540029 ], [ -89.102548816408216, 42.250947610120733 ], [ -89.110231832178101, 42.252089615638582 ], [ -89.11033783672903, 42.259374617123925 ] ] ] } },
{ "type": "Feature", "properties": { "GEOID": "17031842500" }, "geometry": { "type": "Polygon", "coordinates": [ [ [ -87.630147574383912, 41.779985626811495 ], [ -87.628540577492743, 41.780003626577347 ], [ -87.628242556637403, 41.783159626889237 ], [ -87.625401561923155, 41.783208626402036 ], [ -87.625372583500109, 41.780056626115886 ], [ -87.615619601849303, 41.780237624678144 ], [ -87.61544765255843, 41.772968624595805 ], [ -87.629982624062293, 41.772707625863035 ], [ -87.630147574383912, 41.779985626811495 ] ] ] } },
{ "type": "Feature", "properties": { "GEOID": "17031841800" }, "geometry": { "type": "Polygon", "coordinates": [ [ [ -87.605766671515212, 41.773139623717455 ], [ -87.592218698741974, 41.7732736224619 ], [ -87.592442750310582, 41.766009623796123 ], [ -87.593823747386949, 41.766002623842056 ], [ -87.593321774581298, 41.762352624459574 ], [ -87.594717771587469, 41.7623436244644 ], [ -87.595520795852693, 41.758694625034067 ], [ -87.605388774683121, 41.75857862477055 ], [ -87.605766671515212, 41.773139623717455 ] ] ] } },
{ "type": "Feature", "properties": { "GEOID": "17031843800" }, "geometry": { "type": "Polygon", "coordinates": [ [ [ -87.645535352233779, 41.808862636423463 ], [ -87.635836367654051, 41.809044632732878 ], [ -87.635359466446928, 41.794476630056806 ], [ -87.645157449361363, 41.794300632617166 ], [ -87.645535352233779, 41.808862636423463 ] ] ] } },
{ "type": "Feature", "properties": { "GEOID": "17201002600" }, "geometry": { "type": "Polygon", "coordinates": [ [ [ -89.109817841727804, 42.269563618641136 ], [ -89.109471847838392, 42.281106620472386 ], [ -89.100069827871522, 42.281195611135153 ], [ -89.091136807842304, 42.279142602248299 ], [ -89.094960813903896, 42.275162605820242 ], [ -89.096249816878057, 42.275686607051114 ], [ -89.101540824051483, 42.268508611267762 ], [ -89.109817841727804, 42.269563618641136 ] ] ] } },
{ "type": "Feature", "properties": { "GEOID": "17031530501" }, "geometry": { "type": "Polygon", "coordinates": [ [ [ -87.641905195446483, 41.677813979885769 ], [ -87.622656317757773, 41.678025030082274 ], [ -87.622438372217601, 41.670732071896865 ], [ -87.641668241927221, 41.67053801667366 ], [ -87.641905195446483, 41.677813979885769 ] ] ] } },
{ "type": "Feature", "properties": { "GEOID": "17031530503" }, "geometry": { "type": "Polygon", "coordinates": [ [ [ -87.647202247295283, 41.663158035683416 ], [ -87.641421288782595, 41.663245053700898 ], [ -87.641668241927221, 41.67053801667366 ], [ -87.629648323418834, 41.670659051224305 ], [ -87.629373375578766, 41.663351091542665 ], [ -87.631770358449444, 41.663311084121766 ], [ -87.630967403764799, 41.657495117797012 ], [ -87.647000285062589, 41.65697906585887 ], [ -87.647202247295283, 41.663158035683416 ] ] ] } },
{ "type": "Feature", "properties": { "GEOID": "17031831300" }, "geometry": { "type": "Polygon", "coordinates": [ [ [ -87.748498634636221, 41.905959782633452 ], [ -87.746032636273384, 41.905986779752723 ], [ -87.746006588695934, 41.914491788893763 ], [ -87.741297595014004, 41.913904782397388 ], [ -87.741514659640032, 41.902425770711538 ], [ -87.748416654943142, 41.902325778546 ], [ -87.748498634636221, 41.905959782633452 ] ] ] } },
{ "type": "Feature", "properties": { "GEOID": "17031831400" }, "geometry": { "type": "Polygon", "coordinates": [ [ [ -87.77429785196108, 41.87092278393505 ], [ -87.764536841885686, 41.871018768585579 ], [ -87.764583831932242, 41.872825770548936 ], [ -87.740119825731512, 41.873249739051104 ], [ -87.739928867188411, 41.865958731377773 ], [ -87.774135881966217, 41.865457778200927 ], [ -87.77429785196108, 41.87092278393505 ] ] ] } },
{ "type": "Feature", "properties": { "GEOID": "17031837000" }, "geometry": { "type": "Polygon", "coordinates": [ [ [ -87.701250808807757, 41.882845710438083 ], [ -87.696331813223821, 41.882896705600245 ], [ -87.696097869033665, 41.873792699276542 ], [ -87.701009864143884, 41.873745703743687 ], [ -87.701250808807757, 41.882845710438083 ] ] ] } },
{ "type": "Feature", "properties": { "GEOID": "17201003100" }, "geometry": { "type": "Polygon", "coordinates": [ [ [ -89.105613843789314, 42.288408617703823 ], [ -89.080257788841664, 42.288504590621564 ], [ -89.079980788302734, 42.288648590309322 ], [ -89.083978793961379, 42.281974595070466 ], [ -89.088964802554088, 42.277707600164085 ], [ -89.093782814096926, 42.28042860486007 ], [ -89.103274834678032, 42.281163614319773 ], [ -89.105613843789314, 42.288408617703823 ] ] ] } },
{ "type": "Feature", "properties": { "GEOID": "17201003200" }, "geometry": { "type": "Polygon", "coordinates": [ [ [ -89.1257678824701, 42.281019636639606 ], [ -89.125748887350269, 42.288253639147115 ], [ -89.105613843789314, 42.288408617703823 ], [ -89.103025835464152, 42.283530614355904 ], [ -89.103274834678032, 42.281163614319773 ], [ -89.1257678824701, 42.281019636639606 ] ] ] } },
{ "type": "Feature", "properties": { "GEOID": "17201003300" }, "geometry": { "type": "Polygon", "coordinates": [ [ [ -89.116494876810862, 42.303375633150139 ], [ -89.107435853760578, 42.298784621354898 ], [ -89.10622485238946, 42.301092620286347 ], [ -89.096787831294321, 42.301139609005311 ], [ -89.096650824386344, 42.288475608138064 ], [ -89.116068866412675, 42.288328628846138 ], [ -89.116494876810862, 42.303375633150139 ] ] ] } },
{ "type": "Feature", "properties": { "GEOID": "17031490901" }, "geometry": { "type": "Polygon", "coordinates": [ [ [ -87.623312155701711, 41.699869905505381 ], [ -87.622072175267704, 41.698067918053624 ], [ -87.620235184801629, 41.698089921506579 ], [ -87.620326174440464, 41.699425913675199 ], [ -87.60923223066446, 41.699609933626512 ], [ -87.609858282086989, 41.692769974178667 ], [ -87.623102209521676, 41.692583946923421 ], [ -87.623312155701711, 41.699869905505381 ] ] ] } },
{ "type": "Feature", "properties": { "GEOID": "17031837100" }, "geometry": { "type": "Polygon", "coordinates": [ [ [ -87.706331771950687, 41.888173719482879 ], [ -87.696696779863004, 41.888308709609881 ], [ -87.687088787910284, 41.888413699725675 ], [ -87.690981791871863, 41.887198702997232 ], [ -87.692572816613307, 41.882932701898596 ], [ -87.706166804401448, 41.882792715267314 ], [ -87.706331771950687, 41.888173719482879 ] ] ] } },
{ "type": "Feature", "properties": { "GEOID": "17031837400" }, "geometry": { "type": "Polygon", "coordinates": [ [ [ -87.696331813223821, 41.882896705600245 ], [ -87.692227816901564, 41.882939701561114 ], [ -87.691501828845276, 41.881111699687182 ], [ -87.691189901898113, 41.869293691950332 ], [ -87.695975897015344, 41.869231696117374 ], [ -87.696331813223821, 41.882896705600245 ] ] ] } },
{ "type": "Feature", "properties": { "GEOID": "17031837300" }, "geometry": { "type": "Polygon", "coordinates": [ [ [ -87.710778854557077, 41.873626712596533 ], [ -87.701009864143884, 41.873745703743687 ], [ -87.700865891903049, 41.869187700383648 ], [ -87.710656876273987, 41.870002709627315 ], [ -87.710778854557077, 41.873626712596533 ] ] ] } },
{ "type": "Feature", "properties": { "GEOID": "17031841500" }, "geometry": { "type": "Polygon", "coordinates": [ [ [ -87.710539898178951, 41.866347706645207 ], [ -87.705665903347153, 41.866403702518959 ], [ -87.70545294758756, 41.859082696876335 ], [ -87.702935952083536, 41.858839694697586 ], [ -87.710252958579275, 41.856269698486422 ], [ -87.710539898178951, 41.866347706645207 ] ] ] } },
{ "type": "Feature", "properties": { "GEOID": "17031838700" }, "geometry": { "type": "Polygon", "coordinates": [ [ [ -87.725166882687574, 41.866170718993189 ], [ -87.715417893018412, 41.866288710767911 ], [ -87.715202936503374, 41.858972704542602 ], [ -87.724951925375251, 41.8588667121941 ], [ -87.725166882687574, 41.866170718993189 ] ] ] } },
{ "type": "Feature", "properties": { "GEOID": "17031301802" }, "geometry": { "type": "Polygon", "coordinates": [ [ [ -87.731185012964204, 41.842319701308988 ], [ -87.731111984363451, 41.847312706035524 ], [ -87.724681984386095, 41.848772702859549 ], [ -87.724496021641158, 41.842408696986951 ], [ -87.731185012964204, 41.842319701308988 ] ] ] } },
{ "type": "Feature", "properties": { "GEOID": "17031440101" }, "geometry": { "type": "Polygon", "coordinates": [ [ [ -87.605234827519084, 41.751114625341806 ], [ -87.597232844165973, 41.75136762602407 ], [ -87.598266887277447, 41.745865653041108 ], [ -87.605081870453191, 41.745796651796859 ], [ -87.605234827519084, 41.751114625341806 ] ] ] } },
{ "type": "Feature", "properties": { "GEOID": "17201003602" }, "geometry": { "type": "Polygon", "coordinates": [ [ [ -89.116328889712165, 42.324488638313866 ], [ -89.09705084420348, 42.324676610722193 ], [ -89.096787831294321, 42.301139609005311 ], [ -89.10622485238946, 42.301092620286347 ], [ -89.107435853760578, 42.298784621354898 ], [ -89.116314876982273, 42.304292633163698 ], [ -89.116328889712165, 42.324488638313866 ] ] ] } },
{ "type": "Feature", "properties": { "GEOID": "17201003605" }, "geometry": { "type": "Polygon", "coordinates": [ [ [ -89.09705084420348, 42.324676610722193 ], [ -89.071127782869155, 42.324728573545116 ], [ -89.065181768847665, 42.3248805649772 ], [ -89.069448777771953, 42.321715571796901 ], [ -89.069643776052843, 42.315889573335184 ], [ -89.077243793617086, 42.315748583577268 ], [ -89.096926839196655, 42.315660610018547 ], [ -89.09705084420348, 42.324676610722193 ] ] ] } },
{ "type": "Feature", "properties": { "GEOID": "17031838100" }, "geometry": { "type": "Polygon", "coordinates": [ [ [ -87.67668683052355, 41.883145686261507 ], [ -87.666941838892171, 41.883296676650474 ], [ -87.666682897092528, 41.874249672521444 ], [ -87.676452888157854, 41.874041681403867 ], [ -87.67668683052355, 41.883145686261507 ] ] ] } },
{ "type": "Feature", "properties": { "GEOID": "17097866100" }, "geometry": { "type": "Polygon", "coordinates": [ [ [ -87.865316784462067, 42.375327539520299 ], [ -87.865288782096385, 42.377548558223921 ], [ -87.855495665693709, 42.377523571642826 ], [ -87.855248646052587, 42.391974696090131 ], [ -87.849160571782079, 42.391812704762991 ], [ -87.845373528443645, 42.389673692267394 ], [ -87.845592547992283, 42.377500585223345 ], [ -87.846803564849196, 42.37568856769731 ], [ -87.850665610568456, 42.375708562625604 ], [ -87.850682612983761, 42.373958547427534 ], [ -87.860929734520013, 42.373383528956673 ], [ -87.860901730950886, 42.376556555914753 ], [ -87.865316784462067, 42.375327539520299 ] ] ] } },
{ "type": "Feature", "properties": { "GEOID": "17031431301" }, "geometry": { "type": "Polygon", "coordinates": [ [ [ -87.56630088573209, 41.755359627158008 ], [ -87.556125907783169, 41.755487627655647 ], [ -87.552285943500053, 41.751917629683696 ], [ -87.566230912886496, 41.75172662859972 ], [ -87.56630088573209, 41.755359627158008 ] ] ] } },
{ "type": "Feature", "properties": { "GEOID": "17031431302" }, "geometry": { "type": "Polygon", "coordinates": [ [ [ -87.566447831482932, 41.762617624290293 ], [ -87.563292837781404, 41.762698624241814 ], [ -87.556125907783169, 41.755487627655647 ], [ -87.56630088573209, 41.755359627158008 ], [ -87.566447831482932, 41.762617624290293 ] ] ] } },
{ "type": "Feature", "properties": { "GEOID": "17031460302" }, "geometry": { "type": "Polygon", "coordinates": [ [ [ -87.561383923528709, 41.751793628981176 ], [ -87.554069939583371, 41.75189362954724 ], [ -87.553973014252747, 41.744620674015735 ], [ -87.551797027060516, 41.743992679778259 ], [ -87.551521049608581, 41.74206569562655 ], [ -87.561230015821792, 41.742706686902011 ], [ -87.561383923528709, 41.751793628981176 ] ] ] } },
{ "type": "Feature", "properties": { "GEOID": "17031460301" }, "geometry": { "type": "Polygon", "coordinates": [ [ [ -87.561230015821792, 41.742706686902011 ], [ -87.552599038111822, 41.74282168906069 ], [ -87.551429102968569, 41.737376734030867 ], [ -87.561152074725769, 41.737257729631324 ], [ -87.561230015821792, 41.742706686902011 ] ] ] } },
{ "type": "Feature", "properties": { "GEOID": "17201003709" }, "geometry": { "type": "Polygon", "coordinates": [ [ [ -89.051612709620144, 42.237955544270307 ], [ -89.008267627539354, 42.238449517711416 ], [ -89.008246627073262, 42.237103514413214 ], [ -89.010195628475003, 42.23009949851928 ], [ -89.033126671964936, 42.232138517759594 ], [ -89.051612709620144, 42.237955544270307 ] ] ] } },
{ "type": "Feature", "properties": { "GEOID": "17201003606" }, "geometry": { "type": "Polygon", "coordinates": [ [ [ -89.087077816418116, 42.3157605967899 ], [ -89.077243793617086, 42.315748583577268 ], [ -89.070492778002958, 42.315840574487332 ], [ -89.07230478000487, 42.310176578000892 ], [ -89.080932796675967, 42.303134589834457 ], [ -89.086952810183362, 42.303065597159488 ], [ -89.087077816418116, 42.3157605967899 ] ] ] } },
{ "type": "Feature", "properties": { "GEOID": "17031841700" }, "geometry": { "type": "Polygon", "coordinates": [ [ [ -87.71119997360033, 41.853549697061119 ], [ -87.70366298265678, 41.853622691460018 ], [ -87.702925972557253, 41.855449692231467 ], [ -87.699209976839356, 41.85550368942323 ], [ -87.699085999179275, 41.851851686795037 ], [ -87.710886985344288, 41.851643695319765 ], [ -87.71119997360033, 41.853549697061119 ] ] ] } },
{ "type": "Feature", "properties": { "GEOID": "17031840800" }, "geometry": { "type": "Polygon", "coordinates": [ [ [ -87.709907029513801, 41.844448688970694 ], [ -87.705037035693238, 41.844516685731008 ], [ -87.704820079817324, 41.837231680188566 ], [ -87.709711073365369, 41.837143683134784 ], [ -87.709907029513801, 41.844448688970694 ] ] ] } },
{ "type": "Feature", "properties": { "GEOID": "17031440102" }, "geometry": { "type": "Polygon", "coordinates": [ [ [ -87.605081870453191, 41.745796651796859 ], [ -87.598266887277447, 41.745865653041108 ], [ -87.595305974982708, 41.736781713907732 ], [ -87.604820946876387, 41.73664770932978 ], [ -87.605081870453191, 41.745796651796859 ] ] ] } },
{ "type": "Feature", "properties": { "GEOID": "17031835500" }, "geometry": { "type": "Polygon", "coordinates": [ [ [ -87.636220269350076, 41.823582635470615 ], [ -87.62935427947636, 41.823674632017934 ], [ -87.628913378577039, 41.809183630081954 ], [ -87.635836367654051, 41.809044632732878 ], [ -87.636220269350076, 41.823582635470615 ] ] ] } },
{ "type": "Feature", "properties": { "GEOID": "17119404000" }, "geometry": { "type": "Polygon", "coordinates": [ [ [ -90.166921467443714, 38.692606656514506 ], [ -90.150100559509056, 38.708376672440835 ], [ -90.148386560664591, 38.70704866891991 ], [ -90.146153571983717, 38.708811670309089 ], [ -90.13661258026444, 38.702094652166018 ], [ -90.122310621195496, 38.702171642240813 ], [ -90.122241611067693, 38.698518636320919 ], [ -90.133186568735582, 38.694545637294581 ], [ -90.14833249943797, 38.685199631480614 ], [ -90.148445518908545, 38.692244643614913 ], [ -90.166921467443714, 38.692606656514506 ] ] ] } },
{ "type": "Feature", "properties": { "GEOID": "17201003604" }, "geometry": { "type": "Polygon", "coordinates": [ [ [ -89.096926839196655, 42.315660610018547 ], [ -89.087077816418116, 42.3157605967899 ], [ -89.086935809301877, 42.301264597215408 ], [ -89.096787831294321, 42.301139609005311 ], [ -89.096926839196655, 42.315660610018547 ] ] ] } },
{ "type": "Feature", "properties": { "GEOID": "17201002200" }, "geometry": { "type": "Polygon", "coordinates": [ [ [ -89.150685918521262, 42.260218648885271 ], [ -89.129491879911384, 42.266055634546554 ], [ -89.113455848401856, 42.268191621524402 ], [ -89.116055852359537, 42.26596962321117 ], [ -89.116072843679092, 42.252077619730599 ], [ -89.102548816408216, 42.250947610120733 ], [ -89.106992818593682, 42.242704592869018 ], [ -89.106678816314684, 42.240661587018664 ], [ -89.101517800750571, 42.233479563946261 ], [ -89.102480799358403, 42.229476553544664 ], [ -89.095420778686787, 42.219532522112203 ], [ -89.114795813666134, 42.21958553350143 ], [ -89.123063831322128, 42.22262354685629 ], [ -89.132456856084701, 42.230688575363949 ], [ -89.150685918521262, 42.260218648885271 ] ] ] } },
{ "type": "Feature", "properties": { "GEOID": "17201001200" }, "geometry": { "type": "Polygon", "coordinates": [ [ [ -89.086784785564063, 42.251198599239487 ], [ -89.086712789730015, 42.260422598776728 ], [ -89.078878773945334, 42.26043959262342 ], [ -89.071959758445857, 42.256424587967096 ], [ -89.072165756809312, 42.251141589132722 ], [ -89.086784785564063, 42.251198599239487 ] ] ] } },
{ "type": "Feature", "properties": { "GEOID": "17201002100" }, "geometry": { "type": "Polygon", "coordinates": [ [ [ -89.106992818593682, 42.242704592869018 ], [ -89.102548816408216, 42.250947610120733 ], [ -89.086786785489011, 42.251029599248312 ], [ -89.086890763324234, 42.219556517227851 ], [ -89.095420778686787, 42.219532522112203 ], [ -89.102480799358403, 42.229476553544664 ], [ -89.101517800750571, 42.233479563946261 ], [ -89.106992818593682, 42.242704592869018 ] ] ] } },
{ "type": "Feature", "properties": { "GEOID": "17137951700" }, "geometry": { "type": "Polygon", "coordinates": [ [ [ -90.248114487992581, 39.742189769261742 ], [ -90.248114445209168, 39.75893473377181 ], [ -90.229098494449801, 39.754281744052335 ], [ -90.229091522236359, 39.741535771209179 ], [ -90.224402530415219, 39.741518771343898 ], [ -90.224475555963068, 39.726379805570026 ], [ -90.229152548086404, 39.726420805738833 ], [ -90.22913053773101, 39.732472791912208 ], [ -90.235136529593106, 39.731295794788714 ], [ -90.235168517980711, 39.737920779453027 ], [ -90.237427514086235, 39.737923779440955 ], [ -90.238622504159949, 39.742393769012224 ], [ -90.248114487992581, 39.742189769261742 ] ] ] } },
{ "type": "Feature", "properties": { "GEOID": "17163504600" }, "geometry": { "type": "Polygon", "coordinates": [ [ [ -90.151544322362327, 38.625365530328985 ], [ -90.143838359534371, 38.630919536689447 ], [ -90.150735356338501, 38.636660549452174 ], [ -90.143727390395156, 38.641782555037636 ], [ -90.13721339614446, 38.637330544611416 ], [ -90.132355410223525, 38.637491542723232 ], [ -90.126834409068408, 38.631597530690584 ], [ -90.134364351823194, 38.618769512614691 ], [ -90.145936331132646, 38.622905523924423 ], [ -90.146829324336721, 38.621375521658905 ], [ -90.151544322362327, 38.625365530328985 ] ] ] } },
{ "type": "Feature", "properties": { "GEOID": "17201000507" }, "geometry": { "type": "Polygon", "coordinates": [ [ [ -89.02903667402542, 42.264105551181053 ], [ -89.029072676632509, 42.280759540776153 ], [ -88.999559614850597, 42.282206510755067 ], [ -88.999555614926081, 42.266958524728508 ], [ -89.025554666870249, 42.263608548646609 ], [ -89.02903667402542, 42.264105551181053 ] ] ] } },
{ "type": "Feature", "properties": { "GEOID": "17201000800" }, "geometry": { "type": "Polygon", "coordinates": [ [ [ -89.090630803248814, 42.271931601793021 ], [ -89.08519479467374, 42.277871596536329 ], [ -89.079606781281399, 42.274145591598561 ], [ -89.067933756903869, 42.274222580798124 ], [ -89.067902754192474, 42.266956582474236 ], [ -89.077131773111319, 42.266921590334384 ], [ -89.079568779116087, 42.269271592133101 ], [ -89.083486786786423, 42.268343595631187 ], [ -89.090630803248814, 42.271931601793021 ] ] ] } },
{ "type": "Feature", "properties": { "GEOID": "17163502404" }, "geometry": { "type": "Polygon", "coordinates": [ [ [ -90.092918469449984, 38.619431498309176 ], [ -90.082653497701472, 38.619284494281658 ], [ -90.079875511938269, 38.621554496514378 ], [ -90.079912577201782, 38.644460529462158 ], [ -90.083713565049564, 38.643943530504409 ], [ -90.082604611930819, 38.659289552212989 ], [ -90.031313753927975, 38.658392523851191 ], [ -90.033414733261381, 38.653279518560417 ], [ -90.037006714375536, 38.650234516527249 ], [ -90.041678692352804, 38.647149514876482 ], [ -90.047209678863354, 38.647865518481439 ], [ -90.046746647729691, 38.63658450353536 ], [ -90.042754655378545, 38.635352500189668 ], [ -90.045868635461943, 38.631462496482754 ], [ -90.046479616340079, 38.625407488844154 ], [ -90.037325641732892, 38.625334485130885 ], [ -90.036376517981822, 38.581473429340093 ], [ -90.040129512942045, 38.583331432539673 ], [ -90.035978492792125, 38.572351417742148 ], [ -90.040538483131911, 38.57337141988269 ], [ -90.042810483648438, 38.575732423351731 ], [ -90.042335508360509, 38.583862433724093 ], [ -90.050245523416294, 38.596729452508136 ], [ -90.061540508644256, 38.602525463585579 ], [ -90.09279745151801, 38.613010488700937 ], [ -90.092918469449984, 38.619431498309176 ] ] ] } },
{ "type": "Feature", "properties": { "GEOID": "17163501400" }, "geometry": { "type": "Polygon", "coordinates": [ [ [ -90.073297459336047, 38.596717458961869 ], [ -90.068467489933525, 38.602721465963569 ], [ -90.064492495400017, 38.600768462065027 ], [ -90.06453250275726, 38.603376465666003 ], [ -90.053284520370397, 38.598609455863738 ], [ -90.057443488261896, 38.591445447406826 ], [ -90.065881448011169, 38.585564441471689 ], [ -90.073297459336047, 38.596717458961869 ] ] ] } },
{ "type": "Feature", "properties": { "GEOID": "17119400700" }, "geometry": { "type": "Polygon", "coordinates": [ [ [ -90.184624377248895, 38.67828064167584 ], [ -90.170000421979353, 38.679470634935427 ], [ -90.168731438812557, 38.684205642650738 ], [ -90.171551432818276, 38.684921645722326 ], [ -90.170902439191508, 38.686543648234036 ], [ -90.167507463902453, 38.691935655703872 ], [ -90.164908467959222, 38.69074765187105 ], [ -90.166205454383885, 38.687211646417552 ], [ -90.163529459837036, 38.686447643342525 ], [ -90.164051437377054, 38.67895263037515 ], [ -90.157903453816374, 38.678606626019601 ], [ -90.157083449998197, 38.676416621695076 ], [ -90.157402414862858, 38.664205600540576 ], [ -90.159085399060857, 38.660261594546739 ], [ -90.177487346765332, 38.660114604125042 ], [ -90.184624377248895, 38.67828064167584 ] ] ] } },
{ "type": "Feature", "properties": { "GEOID": "17019010100" }, "geometry": { "type": "Polygon", "coordinates": [ [ [ -88.182292370120365, 40.319092818202805 ], [ -88.165102151758333, 40.341171814813691 ], [ -88.117445789249985, 40.341638763777105 ], [ -88.117452925020018, 40.312163740523076 ], [ -88.162024251028555, 40.311930790484546 ], [ -88.162148237247621, 40.315435793141624 ], [ -88.182292370120365, 40.319092818202805 ] ] ] } },
{ "type": "Feature", "properties": { "GEOID": "17031540102" }, "geometry": { "type": "Polygon", "coordinates": [ [ [ -87.618915503465942, 41.656399165026876 ], [ -87.612320325969137, 41.685432013050182 ], [ -87.601599384320266, 41.686137034253484 ], [ -87.601022488013925, 41.674338111332808 ], [ -87.58519776853943, 41.655659285922425 ], [ -87.607561582900843, 41.657320198301925 ], [ -87.607569627235037, 41.651855232067469 ], [ -87.612117591342752, 41.651842215799668 ], [ -87.612335556577349, 41.656050189710186 ], [ -87.618915503465942, 41.656399165026876 ] ] ] } },
{ "type": "Feature", "properties": { "GEOID": "17031830400" }, "geometry": { "type": "Polygon", "coordinates": [ [ [ -87.703232255752837, 41.484368320471091 ], [ -87.687915481425691, 41.477810446611969 ], [ -87.674179679936913, 41.474032553081059 ], [ -87.674165667543718, 41.469772550176984 ], [ -87.703138239023062, 41.469783331058053 ], [ -87.703232255752837, 41.484368320471091 ] ] ] } },
{ "type": "Feature", "properties": { "GEOID": "17031828702" }, "geometry": { "type": "Polygon", "coordinates": [ [ [ -87.623996439705508, 41.520713907228597 ], [ -87.612359475239998, 41.539006893408363 ], [ -87.612250331983688, 41.557439783330302 ], [ -87.583691711498659, 41.557471981778527 ], [ -87.582395019811614, 41.527024206374151 ], [ -87.580109114431181, 41.520806269283327 ], [ -87.623996439705508, 41.520713907228597 ] ] ] } },
{ "type": "Feature", "properties": { "GEOID": "17031828900" }, "geometry": { "type": "Polygon", "coordinates": [ [ [ -87.64417912963367, 41.520609740933118 ], [ -87.640507186076476, 41.520626771208882 ], [ -87.640601139367106, 41.527880734109949 ], [ -87.625843359437411, 41.528033851464492 ], [ -87.625773412385584, 41.520708892570198 ], [ -87.623996439705508, 41.520713907228597 ], [ -87.633793387147534, 41.505888904086248 ], [ -87.635292395978595, 41.498980918899484 ], [ -87.64011731650551, 41.499023875798073 ], [ -87.64417912963367, 41.520609740933118 ] ] ] } },
{ "type": "Feature", "properties": { "GEOID": "17031825503" }, "geometry": { "type": "Polygon", "coordinates": [ [ [ -87.694501148478551, 41.585746123737536 ], [ -87.688436217476166, 41.586279158054317 ], [ -87.688328231337621, 41.58269617054507 ], [ -87.684858272094147, 41.582802191199541 ], [ -87.684800259773937, 41.586300179541894 ], [ -87.675143372485181, 41.586259236950752 ], [ -87.674845500499714, 41.557204348765509 ], [ -87.694194243036975, 41.557164214124398 ], [ -87.694501148478551, 41.585746123737536 ] ] ] } },
{ "type": "Feature", "properties": { "GEOID": "17097863100" }, "geometry": { "type": "Polygon", "coordinates": [ [ [ -87.855078732820587, 42.315382038370039 ], [ -87.856018729483608, 42.326912136986323 ], [ -87.835885514644545, 42.326816145507145 ], [ -87.838203546155924, 42.322490105931251 ], [ -87.840229567591948, 42.322480105062667 ], [ -87.845570638460003, 42.312101012036308 ], [ -87.848020663594568, 42.312222012613873 ], [ -87.848431663758447, 42.315316039489616 ], [ -87.851504695828083, 42.315231037974094 ], [ -87.851452692643051, 42.317352056349399 ], [ -87.852446705379791, 42.315431039464364 ], [ -87.855078732820587, 42.315382038370039 ] ] ] } },
{ "type": "Feature", "properties": { "GEOID": "17097860302" }, "geometry": { "type": "Polygon", "coordinates": [ [ [ -87.845000444751633, 42.446171188650759 ], [ -87.844824416911834, 42.464289348166965 ], [ -87.841053364444605, 42.464164358294568 ], [ -87.840643363811296, 42.460782329567166 ], [ -87.834006271885571, 42.460668347889225 ], [ -87.834078288092471, 42.451518265556828 ], [ -87.831797259265429, 42.450163259600984 ], [ -87.834102293200317, 42.448641239670664 ], [ -87.83412629766211, 42.446151217260102 ], [ -87.845000444751633, 42.446171188650759 ] ] ] } },
{ "type": "Feature", "properties": { "GEOID": "17097862800" }, "geometry": { "type": "Polygon", "coordinates": [ [ [ -87.885207041113532, 42.327049124490095 ], [ -87.885139033999977, 42.341520240884698 ], [ -87.865561818201499, 42.341415254354558 ], [ -87.865616825381537, 42.334176193519617 ], [ -87.855897719946142, 42.334142199047271 ], [ -87.856018729483608, 42.326912136986323 ], [ -87.885207041113532, 42.327049124490095 ] ] ] } },
{ "type": "Feature", "properties": { "GEOID": "17097862901" }, "geometry": { "type": "Polygon", "coordinates": [ [ [ -87.846147614220385, 42.334086204388761 ], [ -87.846073603463097, 42.341324267806911 ], [ -87.82684439167312, 42.341228280960323 ], [ -87.826980399619728, 42.337708248811737 ], [ -87.83141846055085, 42.330526181058687 ], [ -87.831689469607326, 42.326955148708166 ], [ -87.842422584390917, 42.326847142746765 ], [ -87.842176571150333, 42.334075206662753 ], [ -87.846147614220385, 42.334086204388761 ] ] ] } },
{ "type": "Feature", "properties": { "GEOID": "17197881900" }, "geometry": { "type": "Polygon", "coordinates": [ [ [ -88.091130737970872, 41.521918383653755 ], [ -88.091717793899647, 41.538001373610783 ], [ -88.083124796433651, 41.538111370033825 ], [ -88.087166738775565, 41.52200038217407 ], [ -88.091130737970872, 41.521918383653755 ] ] ] } },
{ "type": "Feature", "properties": { "GEOID": "17197882000" }, "geometry": { "type": "Polygon", "coordinates": [ [ [ -88.087919730097568, 41.519556384031105 ], [ -88.084903773611742, 41.531777374926975 ], [ -88.072576778988875, 41.532569369578972 ], [ -88.072965729259749, 41.518859379239188 ], [ -88.078848728258279, 41.518756381371929 ], [ -88.080726721368507, 41.516879383288199 ], [ -88.081276729860605, 41.519279381872913 ], [ -88.087919730097568, 41.519556384031105 ] ] ] } },
{ "type": "Feature", "properties": { "GEOID": "17197882400" }, "geometry": { "type": "Polygon", "coordinates": [ [ [ -88.073344749406417, 41.524438375509369 ], [ -88.047669760014244, 41.526219364708766 ], [ -88.047895750692007, 41.523780366666784 ], [ -88.04934674873283, 41.523319367549099 ], [ -88.04876871007022, 41.513125375143879 ], [ -88.072972708317451, 41.513076383252049 ], [ -88.073289714753002, 41.514860382122265 ], [ -88.069236727883933, 41.51837237827462 ], [ -88.072965729259749, 41.518859379239188 ], [ -88.073344749406417, 41.524438375509369 ] ] ] } },
{ "type": "Feature", "properties": { "GEOID": "17197882500" }, "geometry": { "type": "Polygon", "coordinates": [ [ [ -88.091203702894944, 41.511859390108846 ], [ -88.087956728777073, 41.519181384287464 ], [ -88.081276729860605, 41.519279381872913 ], [ -88.080726721368507, 41.516879383288199 ], [ -88.078848728258279, 41.518756381371929 ], [ -88.069286729940174, 41.518937377894055 ], [ -88.069534722700141, 41.51695937937307 ], [ -88.073289714753002, 41.514860382122265 ], [ -88.072972708317451, 41.513076383252049 ], [ -88.091203702894944, 41.511859390108846 ] ] ] } },
{ "type": "Feature", "properties": { "GEOID": "17197882300" }, "geometry": { "type": "Polygon", "coordinates": [ [ [ -88.049330748845179, 41.52334836752113 ], [ -88.047895750692007, 41.523780366666784 ], [ -88.047669760014244, 41.526219364708766 ], [ -88.034328779019788, 41.53052935625179 ], [ -88.024158778229562, 41.529835352913651 ], [ -88.023592713846, 41.513661366294791 ], [ -88.04876871007022, 41.513125375143879 ], [ -88.049330748845179, 41.52334836752113 ] ] ] } },
{ "type": "Feature", "properties": { "GEOID": "17197882100" }, "geometry": { "type": "Polygon", "coordinates": [ [ [ -88.073388749866595, 41.524567375436234 ], [ -88.072576778988875, 41.532569369578972 ], [ -88.067346780284609, 41.53262436749197 ], [ -88.067477789327825, 41.535101365784946 ], [ -88.062593791377012, 41.535354363652331 ], [ -88.061769803909087, 41.538686360900826 ], [ -88.054967808452986, 41.539435357553607 ], [ -88.053498800452914, 41.537209358621276 ], [ -88.057559783229109, 41.532863363481276 ], [ -88.064201777615224, 41.531721366909778 ], [ -88.064549752779314, 41.524998371876308 ], [ -88.073388749866595, 41.524567375436234 ] ] ] } },
{ "type": "Feature", "properties": { "GEOID": "17183000200" }, "geometry": { "type": "Polygon", "coordinates": [ [ [ -87.627348508796842, 40.135577182339865 ], [ -87.61176844207057, 40.136117206174582 ], [ -87.611468530729738, 40.115227187714396 ], [ -87.610348532059049, 40.113827188143027 ], [ -87.613128548668058, 40.112677182891176 ], [ -87.618418553270899, 40.116747178581292 ], [ -87.618868521560842, 40.124517184975893 ], [ -87.626008551548921, 40.124457174164831 ], [ -87.626048513498503, 40.133257182163277 ], [ -87.627318518712713, 40.133267180267282 ], [ -87.627348508796842, 40.135577182339865 ] ] ] } },
{ "type": "Feature", "properties": { "GEOID": "17183000400" }, "geometry": { "type": "Polygon", "coordinates": [ [ [ -87.614948438347639, 40.140027204959956 ], [ -87.583948220160238, 40.161407270238769 ], [ -87.55058808012069, 40.162487320532691 ], [ -87.550288048946584, 40.169726327208267 ], [ -87.53112197043572, 40.169984355671872 ], [ -87.531528083303172, 40.142772332017245 ], [ -87.609038430445963, 40.136197210336555 ], [ -87.613038442795343, 40.137167205223705 ], [ -87.614948438347639, 40.140027204959956 ] ] ] } },
{ "type": "Feature", "properties": { "GEOID": "17097861804" }, "geometry": { "type": "Polygon", "coordinates": [ [ [ -87.865264781335355, 42.378067562619357 ], [ -87.865083766349443, 42.392002680038139 ], [ -87.855248646052587, 42.391974696090131 ], [ -87.855495665693709, 42.377523571642826 ], [ -87.865264781335355, 42.378067562619357 ] ] ] } },
{ "type": "Feature", "properties": { "GEOID": "17097862300" }, "geometry": { "type": "Polygon", "coordinates": [ [ [ -87.836338496249823, 42.341263274363719 ], [ -87.836294475155796, 42.354071388830356 ], [ -87.833947446197769, 42.355495403873839 ], [ -87.833920441354962, 42.358218428347762 ], [ -87.819996285149685, 42.356764429384185 ], [ -87.820471292546415, 42.355765419688652 ], [ -87.815736236672791, 42.356738433453046 ], [ -87.819297282331789, 42.354211406487657 ], [ -87.821171312107367, 42.349877364757127 ], [ -87.820313344325513, 42.328858171575718 ], [ -87.831627466235176, 42.328530162943593 ], [ -87.826980399619728, 42.337708248811737 ], [ -87.82684439167312, 42.341228280960323 ], [ -87.836338496249823, 42.341263274363719 ] ] ] } },
{ "type": "Feature", "properties": { "GEOID": "17097862402" }, "geometry": { "type": "Polygon", "coordinates": [ [ [ -87.844812574957444, 42.351716359956072 ], [ -87.845829568083531, 42.364993475329882 ], [ -87.844622553603401, 42.365342479798031 ], [ -87.844721558684441, 42.3625484551497 ], [ -87.839830502807899, 42.362207457592056 ], [ -87.839844506933673, 42.359606434506468 ], [ -87.835440456508081, 42.359578438941476 ], [ -87.833947446197769, 42.355495403873839 ], [ -87.844812574957444, 42.351716359956072 ] ] ] } },
{ "type": "Feature", "properties": { "GEOID": "17031710700" }, "geometry": { "type": "Polygon", "coordinates": [ [ [ -87.66329972609897, 41.744892641123229 ], [ -87.658442738389496, 41.744964642171965 ], [ -87.658631697079883, 41.752246620959767 ], [ -87.653783707742235, 41.752316621372366 ], [ -87.653536760791638, 41.743214651492863 ], [ -87.663249735219367, 41.743075648769555 ], [ -87.66329972609897, 41.744892641123229 ] ] ] } },
{ "type": "Feature", "properties": { "GEOID": "17019010300" }, "geometry": { "type": "Polygon", "coordinates": [ [ [ -88.170492432125769, 40.282904779547074 ], [ -88.162371296046103, 40.301784783590854 ], [ -88.154082228495071, 40.303637775486429 ], [ -88.154090223874633, 40.304734776297515 ], [ -88.124346008319165, 40.304888742613777 ], [ -88.124316026320059, 40.300876739457124 ], [ -88.127112046394345, 40.300881742655719 ], [ -88.126944093977514, 40.290078734100753 ], [ -88.120940051360108, 40.290092727148654 ], [ -88.120821060362829, 40.287939725323007 ], [ -88.119148050130946, 40.287592723104176 ], [ -88.117226027524183, 40.28955272241511 ], [ -88.117168056465403, 40.283181717316936 ], [ -88.170492432125769, 40.282904779547074 ] ] ] } },
{ "type": "Feature", "properties": { "GEOID": "17097860301" }, "geometry": { "type": "Polygon", "coordinates": [ [ [ -87.854705575989087, 42.446230163464122 ], [ -87.854527552242629, 42.464418320371934 ], [ -87.8448464175477, 42.464055346047338 ], [ -87.845000444751633, 42.446171188650759 ], [ -87.854705575989087, 42.446230163464122 ] ] ] } },
{ "type": "Feature", "properties": { "GEOID": "17121952500" }, "geometry": { "type": "Polygon", "coordinates": [ [ [ -89.144388580320481, 38.473873831239437 ], [ -89.143133713338045, 38.521606799594046 ], [ -89.143304725808221, 38.525320794401175 ], [ -89.13771972478159, 38.524304796948762 ], [ -89.137664715874593, 38.5216328006304 ], [ -89.125687713963842, 38.519405805964958 ], [ -89.125610676592515, 38.50795082133574 ], [ -89.127644673425976, 38.507316821866773 ], [ -89.125790670544305, 38.506128823750615 ], [ -89.125687656713382, 38.501876829467399 ], [ -89.130371652448034, 38.501397829451442 ], [ -89.130579642237834, 38.49757583150015 ], [ -89.134856627982131, 38.492385831288502 ], [ -89.13056463058399, 38.492413831884761 ], [ -89.130551626687563, 38.490685832014641 ], [ -89.127765628293972, 38.490665832406236 ], [ -89.128538614770122, 38.484878832731084 ], [ -89.126168616264707, 38.484913833065221 ], [ -89.126159608142075, 38.481310833339229 ], [ -89.130542605615815, 38.48135683270732 ], [ -89.130542597299296, 38.477675832980147 ], [ -89.139441589839933, 38.476751831757966 ], [ -89.139454583466218, 38.473942831955256 ], [ -89.144388580320481, 38.473873831239437 ] ] ] } },
{ "type": "Feature", "properties": { "GEOID": "17019000700" }, "geometry": { "type": "Polygon", "coordinates": [ [ [ -88.257924201577381, 40.12269131993547 ], [ -88.257974189429575, 40.135070373774724 ], [ -88.231996100436774, 40.135002346917339 ], [ -88.238338151640519, 40.121647289658966 ], [ -88.245842193898, 40.123582296952485 ], [ -88.257924201577381, 40.12269131993547 ] ] ] } },
{ "type": "Feature", "properties": { "GEOID": "17019000901" }, "geometry": { "type": "Polygon", "coordinates": [ [ [ -88.277282138589072, 40.141011463233433 ], [ -88.267677165176153, 40.136960414339129 ], [ -88.257974189429575, 40.135070373774724 ], [ -88.257924201577381, 40.12269131993547 ], [ -88.276901161119682, 40.121035378815357 ], [ -88.277282138589072, 40.141011463233433 ] ] ] } },
{ "type": "Feature", "properties": { "GEOID": "17091012300" }, "geometry": { "type": "Polygon", "coordinates": [ [ [ -87.877232443863605, 41.121382898550905 ], [ -87.865686490948221, 41.120506911458399 ], [ -87.864980481708884, 41.12440792777079 ], [ -87.857573513111561, 41.123573935016942 ], [ -87.858315521483988, 41.119699918699965 ], [ -87.84894855930267, 41.118893928735289 ], [ -87.850124576307522, 41.111000895841848 ], [ -87.867384504069037, 41.114211884377497 ], [ -87.872506487651037, 41.113460874268341 ], [ -87.875110472327506, 41.115217877485506 ], [ -87.875358458122463, 41.119244892857772 ], [ -87.877232443863605, 41.121382898550905 ] ] ] } },
{ "type": "Feature", "properties": { "GEOID": "17163501200" }, "geometry": { "type": "Polygon", "coordinates": [ [ [ -90.137327329559369, 38.613802505424474 ], [ -90.130413381689436, 38.625445522105622 ], [ -90.114147410719667, 38.619630506511449 ], [ -90.115959401446901, 38.618142504832043 ], [ -90.113458405972125, 38.61727450255097 ], [ -90.116525373089559, 38.608680490047931 ], [ -90.115609373844208, 38.608045488743215 ], [ -90.121143361882872, 38.609267492506092 ], [ -90.120609359915889, 38.608045490373279 ], [ -90.12242135401759, 38.607744490480009 ], [ -90.114442375685115, 38.607547487577882 ], [ -90.111793378890439, 38.606074484413654 ], [ -90.111222369413127, 38.602168478126323 ], [ -90.11377836103695, 38.601721478196154 ], [ -90.114870351799539, 38.599531475069199 ], [ -90.114892336762367, 38.594241466728775 ], [ -90.122917329159279, 38.599436477265328 ], [ -90.12360933573693, 38.602445482319858 ], [ -90.128846331602986, 38.606143489951293 ], [ -90.127778340292608, 38.608168492910892 ], [ -90.130074336190134, 38.608981494992776 ], [ -90.13079233079911, 38.60777949325643 ], [ -90.137327329559369, 38.613802505424474 ] ] ] } },
{ "type": "Feature", "properties": { "GEOID": "17163502300" }, "geometry": { "type": "Polygon", "coordinates": [ [ [ -90.24004488312039, 38.555646420372319 ], [ -90.224204980332246, 38.575075457692904 ], [ -90.216705011294565, 38.57877546358457 ], [ -90.19600411218795, 38.594475489133927 ], [ -90.186666175385113, 38.607859511561799 ], [ -90.167757217753973, 38.604175498818599 ], [ -90.157629221976606, 38.59562648072157 ], [ -90.156238226569357, 38.595886480790554 ], [ -90.160850189623247, 38.58727046688913 ], [ -90.19395898851613, 38.54794140042096 ], [ -90.20284697763222, 38.552818410592288 ], [ -90.212749979852433, 38.563460432592478 ], [ -90.21748996474534, 38.562722431823843 ], [ -90.223953936348906, 38.558889425036114 ], [ -90.24004488312039, 38.555646420372319 ] ] ] } },
{ "type": "Feature", "properties": { "GEOID": "17163502401" }, "geometry": { "type": "Polygon", "coordinates": [ [ [ -90.111268429799992, 38.623526511530066 ], [ -90.102288454289393, 38.623309507714332 ], [ -90.102845473285342, 38.63054951900434 ], [ -90.093064500045998, 38.630328514604798 ], [ -90.09279745151801, 38.613010488700937 ], [ -90.111194416375369, 38.618715503981548 ], [ -90.111268429799992, 38.623526511530066 ] ] ] } },
{ "type": "Feature", "properties": { "GEOID": "17163502200" }, "geometry": { "type": "Polygon", "coordinates": [ [ [ -90.102106485689788, 38.634189524253841 ], [ -90.102167506242594, 38.641488535424919 ], [ -90.079912577201782, 38.644460529462158 ], [ -90.080392507791387, 38.620607495347507 ], [ -90.083701494463654, 38.619175494512113 ], [ -90.092918469449984, 38.619431498309176 ], [ -90.093064500045998, 38.630328514604798 ], [ -90.099912481339445, 38.630493517698845 ], [ -90.09991549185591, 38.634198523323825 ], [ -90.102106485689788, 38.634189524253841 ] ] ] } },
{ "type": "Feature", "properties": { "GEOID": "17163502602" }, "geometry": { "type": "Polygon", "coordinates": [ [ [ -90.1938999888811, 38.548014400554194 ], [ -90.172990115884971, 38.572920443856248 ], [ -90.166711119072716, 38.567858433654905 ], [ -90.157807136341887, 38.565253427626999 ], [ -90.14647014029002, 38.55553340930782 ], [ -90.151811109565514, 38.549823400072235 ], [ -90.160157084760172, 38.549155399672209 ], [ -90.160376079813361, 38.547604396962214 ], [ -90.1938999888811, 38.548014400554194 ] ] ] } },
{ "type": "Feature", "properties": { "GEOID": "17163500400" }, "geometry": { "type": "Polygon", "coordinates": [ [ [ -90.132371408915418, 38.637043541992107 ], [ -90.111997475008749, 38.640204537935006 ], [ -90.111194416375369, 38.618715503981548 ], [ -90.130413381689436, 38.625445522105622 ], [ -90.126834409068408, 38.631597530690584 ], [ -90.132371408915418, 38.637043541992107 ] ] ] } },
{ "type": "Feature", "properties": { "GEOID": "17163502700" }, "geometry": { "type": "Polygon", "coordinates": [ [ [ -90.137290238451172, 38.581417451408136 ], [ -90.127636285520666, 38.588624461029582 ], [ -90.116189285008574, 38.577227440145968 ], [ -90.126822236515949, 38.57046743131103 ], [ -90.137044232814503, 38.579174447616069 ], [ -90.137290238451172, 38.581417451408136 ] ] ] } },
{ "type": "Feature", "properties": { "GEOID": "17163502800" }, "geometry": { "type": "Polygon", "coordinates": [ [ [ -90.126822236515949, 38.57046743131103 ], [ -90.119096273982123, 38.576171439050945 ], [ -90.113923289755007, 38.576690438841652 ], [ -90.109983311066017, 38.580365443778234 ], [ -90.10608030568487, 38.574660434138082 ], [ -90.102001324614193, 38.57735643746831 ], [ -90.091140326399511, 38.567430420544554 ], [ -90.09819927825022, 38.557341406453254 ], [ -90.101071276640511, 38.559558410181822 ], [ -90.104478257341782, 38.556064405263726 ], [ -90.113421241886925, 38.559297411399882 ], [ -90.126822236515949, 38.57046743131103 ] ] ] } },
{ "type": "Feature", "properties": { "GEOID": "17163502900" }, "geometry": { "type": "Polygon", "coordinates": [ [ [ -90.122360355891686, 38.608347491429669 ], [ -90.120609359915889, 38.608045490373279 ], [ -90.121143361882872, 38.609267492506092 ], [ -90.083359443499333, 38.600967467954995 ], [ -90.086206423057561, 38.596572462372663 ], [ -90.080218431635259, 38.593748456631864 ], [ -90.079104440282478, 38.595694459124083 ], [ -90.081593439966994, 38.598007463153564 ], [ -90.078789452615126, 38.599708464790147 ], [ -90.072895456734329, 38.595416457015062 ], [ -90.065881448011169, 38.585564441471689 ], [ -90.072106422033357, 38.582511438646613 ], [ -90.091337326413807, 38.567626420867505 ], [ -90.094003325972253, 38.570057424937559 ], [ -90.090638342436876, 38.572577428083846 ], [ -90.115052335842492, 38.594073466506913 ], [ -90.114870351799539, 38.599531475069199 ], [ -90.11377836103695, 38.601721478196154 ], [ -90.111222369413127, 38.602168478126323 ], [ -90.111793378890439, 38.606074484413654 ], [ -90.122360355891686, 38.608347491429669 ] ] ] } },
{ "type": "Feature", "properties": { "GEOID": "17019010204" }, "geometry": { "type": "Polygon", "coordinates": [ [ [ -88.183880403585562, 40.313630816236461 ], [ -88.181824366893792, 40.31903881764449 ], [ -88.162148237247621, 40.315435793141624 ], [ -88.162024251028555, 40.311930790484546 ], [ -88.117452925020018, 40.312163740523076 ], [ -88.117226027524183, 40.28955272241511 ], [ -88.119148050130946, 40.287592723104176 ], [ -88.120821060362829, 40.287939725323007 ], [ -88.120940051360108, 40.290092727148654 ], [ -88.126944093977514, 40.290078734100753 ], [ -88.127112046394345, 40.300881742655719 ], [ -88.124316026320059, 40.300876739457124 ], [ -88.124346008319165, 40.304888742613777 ], [ -88.154090223874633, 40.304734776297515 ], [ -88.154082228495071, 40.303637775486429 ], [ -88.162371296046103, 40.301784783590854 ], [ -88.170534433082679, 40.282743779482757 ], [ -88.183493524805996, 40.282553794532582 ], [ -88.183880403585562, 40.313630816236461 ] ] ] } },
{ "type": "Feature", "properties": { "GEOID": "17177000700" }, "geometry": { "type": "Polygon", "coordinates": [ [ [ -89.632360601716542, 42.315731733989111 ], [ -89.624073580211487, 42.309487667587696 ], [ -89.621667584742809, 42.311944689947069 ], [ -89.611984578382334, 42.312190686325685 ], [ -89.612070588346299, 42.315809720447881 ], [ -89.587756572832262, 42.316046705389326 ], [ -89.585365575453508, 42.317388715466436 ], [ -89.578418557375386, 42.313193674184724 ], [ -89.56187453930805, 42.311371648580511 ], [ -89.558094523559532, 42.307715616611574 ], [ -89.557423504483097, 42.302502573998552 ], [ -89.559362505866972, 42.302417574056847 ], [ -89.565041526344771, 42.306930613660988 ], [ -89.565847524575574, 42.30622660820859 ], [ -89.563125512396212, 42.303355583241064 ], [ -89.569420521993464, 42.304602596277583 ], [ -89.570327501544369, 42.298297543607141 ], [ -89.576348509978303, 42.299160552723507 ], [ -89.574335496973447, 42.295783523357471 ], [ -89.568208484877758, 42.293970506798658 ], [ -89.569693473482218, 42.290153475002668 ], [ -89.566823462015208, 42.287682454146186 ], [ -89.570087465297433, 42.287599453557469 ], [ -89.570399446985888, 42.282052406870193 ], [ -89.57337843991489, 42.278865379512993 ], [ -89.578134451302574, 42.280580393425168 ], [ -89.590803466327131, 42.280530391255056 ], [ -89.604045507120048, 42.28925346988175 ], [ -89.604132514448565, 42.291787493262277 ], [ -89.608234518260829, 42.291640492431632 ], [ -89.611554527116084, 42.293619511462566 ], [ -89.611746538798457, 42.29781155092693 ], [ -89.615898548825228, 42.300099573819018 ], [ -89.616726555935358, 42.302485596819366 ], [ -89.626245568200247, 42.304069615952599 ], [ -89.627958576100141, 42.306653641986905 ], [ -89.6255175791093, 42.308617659918681 ], [ -89.62939758433501, 42.309511670775251 ], [ -89.632199581477138, 42.307458652016336 ], [ -89.632360601716542, 42.315731733989111 ] ] ] } },
{ "type": "Feature", "properties": { "GEOID": "17161024500" }, "geometry": { "type": "Polygon", "coordinates": [ [ [ -90.580533200349166, 41.515331176290907 ], [ -90.567233198192739, 41.517531149158472 ], [ -90.556232199401705, 41.524231114395462 ], [ -90.540932196291806, 41.526132082544635 ], [ -90.503630181392325, 41.518232039920612 ], [ -90.521147180502851, 41.508532096879755 ], [ -90.531785184406914, 41.510459108527051 ], [ -90.537629188525187, 41.514763106580745 ], [ -90.539560186800728, 41.51105411945322 ], [ -90.53935218585876, 41.509584122957939 ], [ -90.53728618532638, 41.509594119635864 ], [ -90.53729918240218, 41.504724132490125 ], [ -90.5771551928744, 41.505220192812359 ], [ -90.578060194559669, 41.507454189345367 ], [ -90.566436191891782, 41.507974169879624 ], [ -90.566916193807501, 41.510785164162243 ], [ -90.56555019426763, 41.512072158980807 ], [ -90.580533200349166, 41.515331176290907 ] ] ] } },
{ "type": "Feature", "properties": { "GEOID": "17019000200" }, "geometry": { "type": "Polygon", "coordinates": [ [ [ -88.240521169735302, 40.116315266364467 ], [ -88.234237117969315, 40.130951329724063 ], [ -88.229064087230824, 40.130972330087985 ], [ -88.229043088898536, 40.129285323032356 ], [ -88.225315067500787, 40.128643320638098 ], [ -88.22549806999055, 40.127348315256029 ], [ -88.229078091197565, 40.127316314792765 ], [ -88.227981086270134, 40.125857308807674 ], [ -88.228949102075532, 40.116366269011699 ], [ -88.240521169735302, 40.116315266364467 ] ] ] } },
{ "type": "Feature", "properties": { "GEOID": "17031829700" }, "geometry": { "type": "Polygon", "coordinates": [ [ [ -87.620410463006934, 41.469832956908753 ], [ -87.620749502363054, 41.477091977945264 ], [ -87.616036574147245, 41.477098015251556 ], [ -87.616352557058008, 41.520755970156074 ], [ -87.580109114431181, 41.520806269283327 ], [ -87.577844215545696, 41.514058336865155 ], [ -87.577339101609098, 41.46999228361431 ], [ -87.620410463006934, 41.469832956908753 ] ] ] } },
{ "type": "Feature", "properties": { "GEOID": "17031826800" }, "geometry": { "type": "Polygon", "coordinates": [ [ [ -87.679748070660906, 41.648191985881418 ], [ -87.647192332296328, 41.648674104838413 ], [ -87.652444313146191, 41.644474104625502 ], [ -87.631771484977236, 41.644546183977823 ], [ -87.63176353528371, 41.637096223656457 ], [ -87.641494450300385, 41.637060183746378 ], [ -87.641449495363673, 41.629845219840171 ], [ -87.656338358563318, 41.629896154429751 ], [ -87.656021380968994, 41.626258172034987 ], [ -87.66571728995558, 41.626283128244729 ], [ -87.665694307654235, 41.622647143304874 ], [ -87.67527721575712, 41.622668098814984 ], [ -87.675300194119558, 41.627695079749806 ], [ -87.678894171879449, 41.624944073763068 ], [ -87.679748070660906, 41.648191985881418 ] ] ] } },
{ "type": "Feature", "properties": { "GEOID": "17161023500" }, "geometry": { "type": "Polygon", "coordinates": [ [ [ -90.582515192061166, 41.494060189479839 ], [ -90.582461191713733, 41.501388209175367 ], [ -90.569195188054039, 41.500864190425482 ], [ -90.569273187260066, 41.493680166273506 ], [ -90.582515192061166, 41.494060189479839 ] ] ] } },
{ "type": "Feature", "properties": { "GEOID": "17161023600" }, "geometry": { "type": "Polygon", "coordinates": [ [ [ -90.598214195379043, 41.498705231114236 ], [ -90.596966195554089, 41.501693230381655 ], [ -90.59378019523237, 41.502406224153574 ], [ -90.582461191713733, 41.501388209175367 ], [ -90.582515192061166, 41.494060189479839 ], [ -90.597447197382522, 41.494212214394807 ], [ -90.598214195379043, 41.498705231114236 ] ] ] } },
{ "type": "Feature", "properties": { "GEOID": "17179020900" }, "geometry": { "type": "Polygon", "coordinates": [ [ [ -89.675270457343899, 40.554147279173201 ], [ -89.658629508648048, 40.567358240282076 ], [ -89.649693528447173, 40.567594211519733 ], [ -89.649056520678712, 40.552930193748089 ], [ -89.663387485603906, 40.553256240049279 ], [ -89.671106458791968, 40.545718256250147 ], [ -89.675270457343899, 40.554147279173201 ] ] ] } },
{ "type": "Feature", "properties": { "GEOID": "17119402100" }, "geometry": { "type": "Polygon", "coordinates": [ [ [ -90.183183477352785, 38.911041415291926 ], [ -90.181532530396993, 38.919891448829681 ], [ -90.179021548459701, 38.922105455016649 ], [ -90.166635558685257, 38.918808428944715 ], [ -90.165510528177208, 38.912795403903417 ], [ -90.167274520612324, 38.912166403240292 ], [ -90.166488501763652, 38.90841238752062 ], [ -90.156392539363083, 38.910968387185392 ], [ -90.157662460404524, 38.897094333535804 ], [ -90.163149436187496, 38.895061331100031 ], [ -90.167858455170531, 38.900541357683643 ], [ -90.177715431961587, 38.900560367901434 ], [ -90.177759441336107, 38.902269374748371 ], [ -90.182911421897586, 38.900960374841659 ], [ -90.183183477352785, 38.911041415291926 ] ] ] } },
{ "type": "Feature", "properties": { "GEOID": "17019005300" }, "geometry": { "type": "Polygon", "coordinates": [ [ [ -88.234237117969315, 40.130951329724063 ], [ -88.227677067440879, 40.141756375113346 ], [ -88.214213986524541, 40.141778374360314 ], [ -88.210389970858927, 40.135605349533492 ], [ -88.210367980355173, 40.12747731716189 ], [ -88.207742964844869, 40.127463317344414 ], [ -88.207535976920767, 40.116407273665871 ], [ -88.228949102075532, 40.116366269011699 ], [ -88.227981086270134, 40.125857308807674 ], [ -88.229078091197565, 40.127316314792765 ], [ -88.22549806999055, 40.127348315256029 ], [ -88.225315067500787, 40.128643320638098 ], [ -88.229043088898536, 40.129285323032356 ], [ -88.229064087230824, 40.130972330087985 ], [ -88.234237117969315, 40.130951329724063 ] ] ] } },
{ "type": "Feature", "properties": { "GEOID": "17031825600" }, "geometry": { "type": "Polygon", "coordinates": [ [ [ -87.727763757506253, 41.587556922426828 ], [ -87.715050885335572, 41.597293974292647 ], [ -87.716798857501033, 41.601814954244944 ], [ -87.710677926276134, 41.600538990357343 ], [ -87.675233309152347, 41.600865181297763 ], [ -87.675143372485181, 41.586259236950752 ], [ -87.684800259773937, 41.586300179541894 ], [ -87.684858272094147, 41.582802191199541 ], [ -87.688328231337621, 41.58269617054507 ], [ -87.688436217476166, 41.586279158054317 ], [ -87.722494820705606, 41.586169956329215 ], [ -87.727763757506253, 41.587556922426828 ] ] ] } }
]
}
